{
"type": "FeatureCollection",
"name": "wilayah",
"crs": { "type": "name", "properties": { "name": "urn:ogc:def:crs:OGC:1.3:CRS84" } },
"features": [
{ "type": "Feature", "properties": { "id": 171, "pbph": null, "kph": "KPH Wil. I dan Wil. II Gorontalo Barat", "provinsi": "Gorontalo", "fungsi": null }, "geometry": { "type": "MultiPolygon", "coordinates": [ [ [ [ 121.340962983, 0.569781367, 0.0 ], [ 121.34723984, 0.535138832, 0.0 ], [ 121.331359037, 0.522436449, 0.0 ], [ 121.321608825, 0.562488784, 0.0 ], [ 121.340962983, 0.569781367, 0.0 ] ] ] ] } },
{ "type": "Feature", "properties": { "id": 628, "pbph": null, "kph": null, "provinsi": null, "fungsi": "HSA (KSA)" }, "geometry": { "type": "MultiPolygon", "coordinates": [ [ [ [ 120.957317434, -2.232892124, 0.0 ], [ 120.998896234, -2.249201117, 0.0 ], [ 120.93849252, -2.228674194, 0.0 ], [ 120.957317434, -2.232892124, 0.0 ] ] ], [ [ [ 121.010147585, -2.262068709, 0.0 ], [ 121.034699904, -2.275545739, 0.0 ], [ 121.000386884, -2.250176751, 0.0 ], [ 121.010147585, -2.262068709, 0.0 ] ] ], [ [ [ 121.063376771, -2.267414256, 0.0 ], [ 121.10507761, -2.279208709, 0.0 ], [ 121.142080661, -2.323529841, 0.0 ], [ 121.103329036, -2.27891254, 0.0 ], [ 121.053109736, -2.266959057, 0.0 ], [ 121.063376771, -2.267414256, 0.0 ] ] ] ] } },
{ "type": "Feature", "properties": { "id": 654, "pbph": null, "kph": null, "provinsi": null, "fungsi": "CA" }, "geometry": { "type": "MultiPolygon", "coordinates": [ [ [ [ 120.937354883, 0.689845053, 0.0 ], [ 120.880442695, 0.71042713, 0.0 ], [ 120.892568348, 0.740503147, 0.0 ], [ 120.914090467, 0.737444258, 0.0 ], [ 120.923520949, 0.761090039, 0.0 ], [ 120.940469542, 0.73830611, 0.0 ], [ 120.937354883, 0.689845053, 0.0 ] ] ] ] } },
{ "type": "Feature", "properties": { "id": 655, "pbph": null, "kph": null, "provinsi": null, "fungsi": "CA" }, "geometry": { "type": "MultiPolygon", "coordinates": [ [ [ [ 120.183432093, 0.670860162, 0.0 ], [ 120.173110962, 0.665812016, 0.0 ], [ 120.196066925, 0.653673817, 0.0 ], [ 120.20312159, 0.57402106, 0.0 ], [ 120.159208383, 0.531818484, 0.0 ], [ 120.156766535, 0.471097871, 0.0 ], [ 120.113301647, 0.431702729, 0.0 ], [ 120.127464363, 0.4097261, 0.0 ], [ 120.082859946, 0.386121572, 0.0 ], [ 120.074232084, 0.345749691, 0.0 ], [ 120.057526978, 0.336594124, 0.0 ], [ 120.060763251, 0.383022196, 0.0 ], [ 120.092499623, 0.404875822, 0.0 ], [ 120.082414963, 0.474572094, 0.0 ], [ 120.104412352, 0.471164175, 0.0 ], [ 120.106477807, 0.483535441, 0.0 ], [ 120.094860157, 0.503281875, 0.0 ], [ 120.072737378, 0.482974127, 0.0 ], [ 120.068320189, 0.493360259, 0.0 ], [ 120.093941157, 0.508885671, 0.0 ], [ 120.096983502, 0.53646393, 0.0 ], [ 120.114970142, 0.545494076, 0.0 ], [ 120.097014158, 0.548799936, 0.0 ], [ 120.123857898, 0.576940148, 0.0 ], [ 120.104126783, 0.631700873, 0.0 ], [ 120.125519544, 0.678962342, 0.0 ], [ 120.183432093, 0.670860162, 0.0 ] ] ], [ [ [ 120.082590067, 0.268072264, 0.0 ], [ 120.069006886, 0.262340855, 0.0 ], [ 120.064543649, 0.275216383, 0.0 ], [ 120.082590067, 0.268072264, 0.0 ] ] ] ] } },
{ "type": "Feature", "properties": { "id": 656, "pbph": null, "kph": null, "provinsi": null, "fungsi": "CA" }, "geometry": { "type": "MultiPolygon", "coordinates": [ [ [ [ 121.558848849, -1.362299389, 0.0 ], [ 121.604161685, -1.373602575, 0.0 ], [ 121.635967867, -1.401928106, 0.0 ], [ 121.639136644, -1.4473019, 0.0 ], [ 121.683608445, -1.521834267, 0.0 ], [ 121.689471401, -1.547269427, 0.0 ], [ 121.672180762, -1.554584651, 0.0 ], [ 121.734825134, -1.5936805, 0.0 ], [ 121.727409363, -1.660487293, 0.0 ], [ 121.702949524, -1.711686611, 0.0 ], [ 121.674171448, -1.701859235, 0.0 ], [ 121.667793274, -1.77117896, 0.0 ], [ 121.682493, -1.797388, 0.0 ], [ 121.77939694, -1.798921837, 0.0 ], [ 121.762347245, -1.855226306, 0.0 ], [ 121.71248225, -1.923046005, 0.0 ], [ 121.638812765, -1.959048633, 0.0 ], [ 121.542427528, -1.949408717, 0.0 ], [ 121.562188759, -1.956609184, 0.0 ], [ 121.55227066, -1.94441247, 0.0 ], [ 121.562757735, -1.910449086, 0.0 ], [ 121.546691056, -1.930950761, 0.0 ], [ 121.485592989, -1.871154863, 0.0 ], [ 121.458114049, -1.876772208, 0.0 ], [ 121.469866494, -1.856911339, 0.0 ], [ 121.447779252, -1.86160294, 0.0 ], [ 121.468620099, -1.836007054, 0.0 ], [ 121.445162976, -1.804468587, 0.0 ], [ 121.419102886, -1.82228924, 0.0 ], [ 121.403188944, -1.806126246, 0.0 ], [ 121.37234557, -1.808514112, 0.0 ], [ 121.323240843, -1.766617674, 0.0 ], [ 121.308337841, -1.79698369, 0.0 ], [ 121.303928311, -1.745325817, 0.0 ], [ 121.340286474, -1.748228759, 0.0 ], [ 121.329436132, -1.729526196, 0.0 ], [ 121.344569504, -1.721721563, 0.0 ], [ 121.318728557, -1.716819874, 0.0 ], [ 121.280990306, -1.646102293, 0.0 ], [ 121.274898886, -1.662425395, 0.0 ], [ 121.265856934, -1.655001477, 0.0 ], [ 121.277944596, -1.627875621, 0.0 ], [ 121.259506437, -1.581988434, 0.0 ], [ 121.306867586, -1.544891833, 0.0 ], [ 121.439426597, -1.538859935, 0.0 ], [ 121.482792612, -1.459196958, 0.0 ], [ 121.510086194, -1.437720475, 0.0 ], [ 121.484066569, -1.405785514, 0.0 ], [ 121.49642663, -1.371930647, 0.0 ], [ 121.558848849, -1.362299389, 0.0 ] ] ] ] } },
{ "type": "Feature", "properties": { "id": 657, "pbph": null, "kph": null, "provinsi": null, "fungsi": "CA" }, "geometry": { "type": "MultiPolygon", "coordinates": [ [ [ [ 120.88254921, 0.704584042, 0.0 ], [ 120.936688996, 0.685767403, 0.0 ], [ 120.866176351, 0.664140431, 0.0 ], [ 120.843575529, 0.680442063, 0.0 ], [ 120.693298876, 0.601732621, 0.0 ], [ 120.653746799, 0.600643655, 0.0 ], [ 120.653230624, 0.616672924, 0.0 ], [ 120.716279808, 0.665874757, 0.0 ], [ 120.81342099, 0.67528819, 0.0 ], [ 120.865150168, 0.71097041, 0.0 ], [ 120.88254921, 0.704584042, 0.0 ] ] ], [ [ [ 120.387486049, 0.670473319, 0.0 ], [ 120.398918582, 0.664391384, 0.0 ], [ 120.385738349, 0.630630731, 0.0 ], [ 120.389714058, 0.610425203, 0.0 ], [ 120.406906317, 0.614589993, 0.0 ], [ 120.400911708, 0.596813014, 0.0 ], [ 120.370194449, 0.588649791, 0.0 ], [ 120.347395441, 0.557113521, 0.0 ], [ 120.33002882, 0.573919968, 0.0 ], [ 120.332395779, 0.527907639, 0.0 ], [ 120.297189327, 0.516977597, 0.0 ], [ 120.296230003, 0.537155846, 0.0 ], [ 120.280341118, 0.537340137, 0.0 ], [ 120.189210198, 0.503233087, 0.0 ], [ 120.17698187, 0.45480934, 0.0 ], [ 120.132741307, 0.402696204, 0.0 ], [ 120.098299863, 0.290669609, 0.0 ], [ 120.082590067, 0.268072264, 0.0 ], [ 120.064543649, 0.275216383, 0.0 ], [ 120.057526978, 0.336594124, 0.0 ], [ 120.074232084, 0.345749691, 0.0 ], [ 120.082859946, 0.386121572, 0.0 ], [ 120.127464363, 0.4097261, 0.0 ], [ 120.113301647, 0.431702729, 0.0 ], [ 120.156766535, 0.471097871, 0.0 ], [ 120.159208383, 0.531818484, 0.0 ], [ 120.20312159, 0.57402106, 0.0 ], [ 120.19256894, 0.615805094, 0.0 ], [ 120.22222934, 0.60560808, 0.0 ], [ 120.305534363, 0.631628871, 0.0 ], [ 120.321903556, 0.664103623, 0.0 ], [ 120.35222819, 0.67732955, 0.0 ], [ 120.387486049, 0.670473319, 0.0 ] ] ], [ [ [ 120.110742912, -0.806008819, 0.0 ], [ 120.0488804, -0.801999027, 0.0 ], [ 120.027378015, -0.75304697, 0.0 ], [ 120.045109278, -0.719437749, 0.0 ], [ 120.075395557, -0.717370286, 0.0 ], [ 120.078666511, -0.752985563, 0.0 ], [ 120.106421072, -0.772144281, 0.0 ], [ 120.110742912, -0.806008819, 0.0 ] ] ] ] } },
{ "type": "Feature", "properties": { "id": 658, "pbph": null, "kph": null, "provinsi": null, "fungsi": "CA" }, "geometry": { "type": "MultiPolygon", "coordinates": [ [ [ [ 120.550990582, -1.924182555, 0.0 ], [ 120.552161269, -1.960935797, 0.0 ], [ 120.568292873, -1.974655199, 0.0 ], [ 120.557058323, -1.984239629, 0.0 ], [ 120.585778417, -2.027236488, 0.0 ], [ 120.613283236, -2.024287707, 0.0 ], [ 120.614688868, -2.056194529, 0.0 ], [ 120.6578047, -2.124508853, 0.0 ], [ 120.728189155, -2.193037328, 0.0 ], [ 120.715301429, -2.209589702, 0.0 ], [ 120.62562347, -2.108055208, 0.0 ], [ 120.522154078, -2.051963531, 0.0 ], [ 120.465700737, -1.930055142, 0.0 ], [ 120.437179565, -1.923795938, 0.0 ], [ 120.467300415, -1.895530462, 0.0 ], [ 120.482214746, -1.91626779, 0.0 ], [ 120.499825716, -1.885865148, 0.0 ], [ 120.481575325, -1.928394099, 0.0 ], [ 120.492022478, -1.940119988, 0.0 ], [ 120.517699786, -1.904748321, 0.0 ], [ 120.519415251, -1.939600942, 0.0 ], [ 120.550990582, -1.924182555, 0.0 ] ] ] ] } },
{ "type": "Feature", "properties": { "id": 659, "pbph": null, "kph": null, "provinsi": null, "fungsi": "CA" }, "geometry": { "type": "MultiPolygon", "coordinates": [ [ [ [ 121.667150875, -0.852975952, 0.0 ], [ 121.626319885, -0.855873406, 0.0 ], [ 121.589840915, -0.835769079, 0.0 ], [ 121.654469154, -0.802070911, 0.0 ], [ 121.667150875, -0.852975952, 0.0 ] ] ], [ [ [ 121.639497346, -1.336520255, 0.0 ], [ 121.626333298, -1.379071829, 0.0 ], [ 121.635967867, -1.401928106, 0.0 ], [ 121.604161685, -1.373602575, 0.0 ], [ 121.558848849, -1.362299389, 0.0 ], [ 121.566212716, -1.345865082, 0.0 ], [ 121.639497346, -1.336520255, 0.0 ] ] ] ] } },
{ "type": "Feature", "properties": { "id": 660, "pbph": null, "kph": null, "provinsi": null, "fungsi": "CA" }, "geometry": { "type": "MultiPolygon", "coordinates": [ [ [ [ 121.094207383, 1.212369596, 0.0 ], [ 121.105897004, 1.154020363, 0.0 ], [ 121.09507508, 1.130080239, 0.0 ], [ 120.956544993, 1.081340331, 0.0 ], [ 120.920976744, 1.012433917, 0.0 ], [ 120.88203434, 1.005145515, 0.0 ], [ 120.858606669, 1.017204658, 0.0 ], [ 120.865062518, 1.035965427, 0.0 ], [ 120.840829804, 1.047084124, 0.0 ], [ 120.862363541, 1.050937802, 0.0 ], [ 120.863194961, 1.074444067, 0.0 ], [ 120.889586946, 1.076904573, 0.0 ], [ 120.894569736, 1.1109496, 0.0 ], [ 120.913267157, 1.109483584, 0.0 ], [ 120.933797903, 1.133897052, 0.0 ], [ 120.98440966, 1.117806531, 0.0 ], [ 121.005695375, 1.146647556, 0.0 ], [ 121.059380113, 1.168565876, 0.0 ], [ 121.038427617, 1.192602981, 0.0 ], [ 121.045800672, 1.20400061, 0.0 ], [ 121.069336857, 1.192940096, 0.0 ], [ 121.094207383, 1.212369596, 0.0 ] ] ], [ [ [ 120.897700203, 0.823107503, 0.0 ], [ 120.923322584, 0.799182198, 0.0 ], [ 120.923523566, 0.761072797, 0.0 ], [ 120.914090467, 0.737444258, 0.0 ], [ 120.892568348, 0.740503147, 0.0 ], [ 120.88254921, 0.704584042, 0.0 ], [ 120.865150168, 0.71097041, 0.0 ], [ 120.81342099, 0.67528819, 0.0 ], [ 120.716279808, 0.665874757, 0.0 ], [ 120.766125513, 0.75351099, 0.0 ], [ 120.897700203, 0.823107503, 0.0 ] ] ], [ [ [ 120.360014095, 0.736396864, 0.0 ], [ 120.387486049, 0.670473319, 0.0 ], [ 120.3536395, 0.67780366, 0.0 ], [ 120.321903556, 0.664103623, 0.0 ], [ 120.304199219, 0.701272368, 0.0 ], [ 120.350169999, 0.744868301, 0.0 ], [ 120.360014095, 0.736396864, 0.0 ] ] ], [ [ [ 120.256314372, 0.638062784, 0.0 ], [ 120.265031816, 0.622920508, 0.0 ], [ 120.22846845, 0.60760331, 0.0 ], [ 120.19256894, 0.615805094, 0.0 ], [ 120.196066925, 0.653673817, 0.0 ], [ 120.256314372, 0.638062784, 0.0 ] ] ] ] } },
{ "type": "Feature", "properties": { "id": 661, "pbph": null, "kph": null, "provinsi": null, "fungsi": "SM" }, "geometry": { "type": "MultiPolygon", "coordinates": [ [ [ [ 123.031360618, -0.598054259, 0.0 ], [ 123.024297, -0.620982, 0.0 ], [ 123.037310908, -0.620515012, 0.0 ], [ 123.051824971, -0.666732553, 0.0 ], [ 123.018835977, -0.688326907, 0.0 ], [ 123.007411625, -0.608017931, 0.0 ], [ 123.031360618, -0.598054259, 0.0 ] ] ], [ [ [ 122.84661693, -0.815910307, 0.0 ], [ 122.819836566, -0.805220141, 0.0 ], [ 122.847444421, -0.786836805, 0.0 ], [ 122.865706766, -0.811635112, 0.0 ], [ 122.84661693, -0.815910307, 0.0 ] ] ], [ [ [ 122.92227571, -0.803636157, 0.0 ], [ 122.919744821, -0.830061684, 0.0 ], [ 122.872157258, -0.847077035, 0.0 ], [ 122.867739387, -0.819989191, 0.0 ], [ 122.88493097, -0.802812301, 0.0 ], [ 122.92227571, -0.803636157, 0.0 ] ] ], [ [ [ 122.359598157, -1.265467878, 0.0 ], [ 122.372125024, -1.344168276, 0.0 ], [ 122.409312309, -1.350055432, 0.0 ], [ 122.424734901, -1.382652364, 0.0 ], [ 122.41044692, -1.391449188, 0.0 ], [ 122.382641253, -1.387582623, 0.0 ], [ 122.374523005, -1.353633605, 0.0 ], [ 122.350440058, -1.378311598, 0.0 ], [ 122.330162576, -1.35350222, 0.0 ], [ 122.312059182, -1.359718507, 0.0 ], [ 122.290252045, -1.325757654, 0.0 ], [ 122.276404412, -1.343513036, 0.0 ], [ 122.25032241, -1.32665662, 0.0 ], [ 122.271829564, -1.321643013, 0.0 ], [ 122.263539959, -1.299889462, 0.0 ], [ 122.321753916, -1.288644276, 0.0 ], [ 122.292260936, -1.28385622, 0.0 ], [ 122.300262604, -1.276254263, 0.0 ], [ 122.311427092, -1.270047642, 0.0 ], [ 122.318862001, -1.284082731, 0.0 ], [ 122.359598157, -1.265467878, 0.0 ] ] ], [ [ [ 122.44200618, -1.420904906, 0.0 ], [ 122.429898712, -1.430404079, 0.0 ], [ 122.412461218, -1.406435056, 0.0 ], [ 122.424835225, -1.382814003, 0.0 ], [ 122.44200618, -1.420904906, 0.0 ] ] ] ] } },
{ "type": "Feature", "properties": { "id": 662, "pbph": null, "kph": null, "provinsi": null, "fungsi": "SM" }, "geometry": { "type": "MultiPolygon", "coordinates": [ [ [ [ 120.936053053, 0.404051996, 0.0 ], [ 120.897632254, 0.395723715, 0.0 ], [ 120.862610218, 0.433997128, 0.0 ], [ 120.889445797, 0.448563346, 0.0 ], [ 120.891152161, 0.413586434, 0.0 ], [ 120.907133141, 0.426075201, 0.0 ], [ 120.910103738, 0.40953121, 0.0 ], [ 120.936053053, 0.404051996, 0.0 ] ] ] ] } },
{ "type": "Feature", "properties": { "id": 636, "pbph": null, "kph": null, "provinsi": null, "fungsi": "APL" }, "geometry": { "type": "MultiPolygon", "coordinates": [ [ [ [ 119.533297733, -1.185447798, 0.0 ], [ 119.544946846, -1.177296132, 0.0 ], [ 119.552262026, -1.217728103, 0.0 ], [ 119.533297733, -1.185447798, 0.0 ] ] ], [ [ [ 119.582097716, -1.237197203, 0.0 ], [ 119.56516003, -1.272875645, 0.0 ], [ 119.573838878, -1.283397221, 0.0 ], [ 119.496864646, -1.280954838, 0.0 ], [ 119.467647738, -1.30438909, 0.0 ], [ 119.534546191, -1.224214045, 0.0 ], [ 119.582097716, -1.237197203, 0.0 ] ] ], [ [ [ 119.486178972, -1.393882977, 0.0 ], [ 119.462764958, -1.396866533, 0.0 ], [ 119.438454106, -1.378257226, 0.0 ], [ 119.427511549, -1.33922793, 0.0 ], [ 119.510568773, -1.312246471, 0.0 ], [ 119.52363352, -1.294413715, 0.0 ], [ 119.519499313, -1.315359949, 0.0 ], [ 119.464300352, -1.318633372, 0.0 ], [ 119.447939137, -1.340885452, 0.0 ], [ 119.451997711, -1.366904373, 0.0 ], [ 119.486178972, -1.393882977, 0.0 ] ] ] ] } },
{ "type": "Feature", "properties": { "id": 637, "pbph": null, "kph": null, "provinsi": null, "fungsi": "APL" }, "geometry": { "type": "MultiPolygon", "coordinates": [ [ [ [ 121.459477164, 1.250732682, 0.0 ], [ 121.468897179, 1.301669894, 0.0 ], [ 121.446262672, 1.313671056, 0.0 ], [ 121.472665211, 1.301384371, 0.0 ], [ 121.459477164, 1.250732682, 0.0 ] ] ] ] } },
{ "type": "Feature", "properties": { "id": 638, "pbph": null, "kph": null, "provinsi": null, "fungsi": "APL" }, "geometry": { "type": "MultiPolygon", "coordinates": [ [ [ [ 122.598864572, -0.477400008, 0.0 ], [ 122.616069552, -0.5016181, 0.0 ], [ 122.559015663, -0.520141752, 0.0 ], [ 122.525128663, -0.502232418, 0.0 ], [ 122.598864572, -0.477400008, 0.0 ] ] ], [ [ [ 123.147679988, -0.903384179, 0.0 ], [ 123.153938293, -0.914982497, 0.0 ], [ 123.15477924, -0.884758894, 0.0 ], [ 123.14865837, -0.897695892, 0.0 ], [ 123.14933777, -0.878554882, 0.0 ], [ 123.100784302, -0.833230853, 0.0 ], [ 123.059532166, -0.866634845, 0.0 ], [ 123.059469187, -0.897398915, 0.0 ], [ 123.043871151, -0.897591007, 0.0 ], [ 123.043395996, -0.870615184, 0.0 ], [ 123.023696899, -0.883215188, 0.0 ], [ 123.041163412, -0.909721289, 0.0 ], [ 123.006138134, -0.894176817, 0.0 ], [ 122.802496898, -0.941833229, 0.0 ], [ 122.786551237, -0.976822778, 0.0 ], [ 122.796952832, -1.006793678, 0.0 ], [ 122.728694879, -1.086234756, 0.0 ], [ 122.714760419, -1.134550737, 0.0 ], [ 122.666782643, -1.139564468, 0.0 ], [ 122.662091321, -1.164973646, 0.0 ], [ 122.636573859, -1.173791366, 0.0 ], [ 122.632849965, -1.234145801, 0.0 ], [ 122.55939531, -1.26773135, 0.0 ], [ 122.562157756, -1.308724649, 0.0 ], [ 122.496886934, -1.356006634, 0.0 ], [ 122.472551897, -1.40404119, 0.0 ], [ 122.432077717, -1.419503155, 0.0 ], [ 122.420538358, -1.385876257, 0.0 ], [ 122.420490655, -1.406585758, 0.0 ], [ 122.411094443, -1.402622791, 0.0 ], [ 122.429898712, -1.430404079, 0.0 ], [ 122.391410955, -1.494113138, 0.0 ], [ 122.358487766, -1.517832641, 0.0 ], [ 122.314300537, -1.522347569, 0.0 ], [ 122.215415955, -1.598076939, 0.0 ], [ 122.058111651, -1.617302709, 0.0 ], [ 122.052637859, -1.601186158, 0.0 ], [ 122.086846031, -1.609013095, 0.0 ], [ 122.091493813, -1.572918686, 0.0 ], [ 122.119359136, -1.580235738, 0.0 ], [ 122.128343535, -1.560734853, 0.0 ], [ 122.161196067, -1.557627409, 0.0 ], [ 122.209958963, -1.513896799, 0.0 ], [ 122.215936539, -1.481345522, 0.0 ], [ 122.230906638, -1.483377592, 0.0 ], [ 122.241502923, -1.38708249, 0.0 ], [ 122.210746766, -1.377843976, 0.0 ], [ 122.206214905, -1.361821413, 0.0 ], [ 122.244692591, -1.376347879, 0.0 ], [ 122.233754856, -1.347006342, 0.0 ], [ 122.247283423, -1.33186857, 0.0 ], [ 122.216659547, -1.326349497, 0.0 ], [ 122.221406938, -1.313602448, 0.0 ], [ 122.171153658, -1.272016683, 0.0 ], [ 122.240896226, -1.32821846, 0.0 ], [ 122.263322867, -1.327043179, 0.0 ], [ 122.25032241, -1.32665662, 0.0 ], [ 122.267202377, -1.347085953, 0.0 ], [ 122.290252045, -1.325757654, 0.0 ], [ 122.312059182, -1.359718507, 0.0 ], [ 122.330162576, -1.35350222, 0.0 ], [ 122.350440058, -1.378311598, 0.0 ], [ 122.374523005, -1.353633605, 0.0 ], [ 122.39048044, -1.393768043, 0.0 ], [ 122.420408726, -1.385761028, 0.0 ], [ 122.409280043, -1.350022855, 0.0 ], [ 122.375802868, -1.349745978, 0.0 ], [ 122.379590051, -1.327613743, 0.0 ], [ 122.359518769, -1.305811516, 0.0 ], [ 122.37470064, -1.300444297, 0.0 ], [ 122.364141089, -1.256889901, 0.0 ], [ 122.403474009, -1.250159929, 0.0 ], [ 122.382667542, -1.241957545, 0.0 ], [ 122.381630127, -1.222744636, 0.0 ], [ 122.399651785, -1.233847481, 0.0 ], [ 122.398167382, -1.207873005, 0.0 ], [ 122.426530839, -1.215356826, 0.0 ], [ 122.43670845, -1.207035065, 0.0 ], [ 122.424482346, -1.190719604, 0.0 ], [ 122.492822647, -1.169216156, 0.0 ], [ 122.501782152, -1.12356226, 0.0 ], [ 122.539277111, -1.151498938, 0.0 ], [ 122.516683226, -1.186093913, 0.0 ], [ 122.535624856, -1.184226526, 0.0 ], [ 122.542441306, -1.198722895, 0.0 ], [ 122.541329205, -1.249288603, 0.0 ], [ 122.556709393, -1.241780718, 0.0 ], [ 122.55517057, -1.222966331, 0.0 ], [ 122.582915736, -1.225506461, 0.0 ], [ 122.572892283, -1.203294252, 0.0 ], [ 122.59495886, -1.200672823, 0.0 ], [ 122.605385222, -1.126008037, 0.0 ], [ 122.62292971, -1.138386911, 0.0 ], [ 122.646441005, -1.113293248, 0.0 ], [ 122.63532089, -1.10663201, 0.0 ], [ 122.679706773, -1.105508313, 0.0 ], [ 122.694384915, -1.030397292, 0.0 ], [ 122.808942998, -0.931241393, 0.0 ], [ 122.777859964, -0.928519275, 0.0 ], [ 122.76828377, -0.952660306, 0.0 ], [ 122.744759453, -0.941823109, 0.0 ], [ 122.780538139, -0.883362572, 0.0 ], [ 122.838342852, -0.869639592, 0.0 ], [ 122.881607706, -0.913240302, 0.0 ], [ 122.865512995, -0.818791995, 0.0 ], [ 122.84661693, -0.815910307, 0.0 ], [ 122.864998809, -0.813986593, 0.0 ], [ 122.862592683, -0.794176875, 0.0 ], [ 122.847444421, -0.786836805, 0.0 ], [ 122.813371658, -0.815952301, 0.0 ], [ 122.754835129, -0.821769714, 0.0 ], [ 122.68683815, -0.852518082, 0.0 ], [ 122.632841926, -0.847910623, 0.0 ], [ 122.640547096, -0.829616851, 0.0 ], [ 122.620498317, -0.822698544, 0.0 ], [ 122.627922585, -0.872717053, 0.0 ], [ 122.586492538, -0.884939194, 0.0 ], [ 122.581144333, -0.86353302, 0.0 ], [ 122.566823959, -0.871591568, 0.0 ], [ 122.548299789, -0.845970154, 0.0 ], [ 122.53927803, -0.855220795, 0.0 ], [ 122.511475, -0.82887, 0.0 ], [ 122.461994, -0.821394, 0.0 ], [ 122.472443, -0.787665, 0.0 ], [ 122.456930001, -0.763786, 0.0 ], [ 122.402338481, -0.809116609, 0.0 ], [ 122.376558661, -0.811522879, 0.0 ], [ 122.400185, -0.828579, 0.0 ], [ 122.394784313, -0.839910195, 0.0 ], [ 122.365359129, -0.812308732, 0.0 ], [ 122.36552, -0.830545, 0.0 ], [ 122.347724394, -0.826996396, 0.0 ], [ 122.330955815, -0.803006387, 0.0 ], [ 122.306735786, -0.824048757, 0.0 ], [ 122.276722822, -0.811333507, 0.0 ], [ 122.261470353, -0.820634582, 0.0 ], [ 122.267035928, -0.833722869, 0.0 ], [ 122.306823397, -0.828323346, 0.0 ], [ 122.306019896, -0.855977631, 0.0 ], [ 122.269074743, -0.892029288, 0.0 ], [ 122.302796271, -0.900766694, 0.0 ], [ 122.268607902, -0.928900517, 0.0 ], [ 122.274324943, -0.947631189, 0.0 ], [ 122.241350175, -0.951154709, 0.0 ], [ 122.232702256, -0.966510773, 0.0 ], [ 122.222513199, -0.956474304, 0.0 ], [ 122.180871964, -0.991670609, 0.0 ], [ 122.122708128, -0.986871945, 0.0 ], [ 122.027539206, -0.938574816, 0.0 ], [ 122.041739641, -0.973999812, 0.0 ], [ 122.028375995, -0.969552769, 0.0 ], [ 122.016351324, -0.998800169, 0.0 ], [ 121.977374501, -0.989310131, 0.0 ], [ 121.971591394, -1.018163282, 0.0 ], [ 121.867135195, -0.984695421, 0.0 ], [ 121.866230948, -1.014977595, 0.0 ], [ 121.85470306, -0.995212801, 0.0 ], [ 121.877769229, -1.02442428, 0.0 ], [ 121.859784711, -1.026998864, 0.0 ], [ 121.854852584, -0.975451763, 0.0 ], [ 121.946932881, -0.996735954, 0.0 ], [ 121.990333517, -0.948640849, 0.0 ], [ 122.021794154, -0.936255535, 0.0 ], [ 122.101322091, -0.962173204, 0.0 ], [ 122.148686753, -0.910277267, 0.0 ], [ 122.148869542, -0.859122637, 0.0 ], [ 122.168501763, -0.841842269, 0.0 ], [ 122.161591373, -0.817159309, 0.0 ], [ 122.189371834, -0.814428518, 0.0 ], [ 122.202142852, -0.788343489, 0.0 ], [ 122.415761862, -0.784293538, 0.0 ], [ 122.460392413, -0.758814172, 0.0 ], [ 122.51162659, -0.767611038, 0.0 ], [ 122.526372462, -0.787105569, 0.0 ], [ 122.578837677, -0.78442275, 0.0 ], [ 122.617010889, -0.761981362, 0.0 ], [ 122.685503293, -0.811841395, 0.0 ], [ 122.725583323, -0.81323257, 0.0 ], [ 122.790596347, -0.775683101, 0.0 ], [ 122.960454109, -0.754473896, 0.0 ], [ 122.949984659, -0.73604804, 0.0 ], [ 122.892788302, -0.738720497, 0.0 ], [ 122.869152038, -0.711469466, 0.0 ], [ 122.810603762, -0.705728626, 0.0 ], [ 122.843026333, -0.708410645, 0.0 ], [ 122.822029113, -0.655733049, 0.0 ], [ 122.769177174, -0.684170168, 0.0 ], [ 122.802083688, -0.708924785, 0.0 ], [ 122.723456315, -0.663695921, 0.0 ], [ 122.776367004, -0.671393095, 0.0 ], [ 122.806593787, -0.634429926, 0.0 ], [ 122.840232829, -0.64224792, 0.0 ], [ 122.863887888, -0.621381065, 0.0 ], [ 122.879466869, -0.639471487, 0.0 ], [ 122.895221663, -0.635472934, 0.0 ], [ 122.896718437, -0.615410604, 0.0 ], [ 122.907120994, -0.625937319, 0.0 ], [ 122.953957304, -0.617905778, 0.0 ], [ 122.938580891, -0.630117637, 0.0 ], [ 122.955109993, -0.644026971, 0.0 ], [ 122.968626862, -0.61857212, 0.0 ], [ 123.007373323, -0.609547179, 0.0 ], [ 123.011960277, -0.671143571, 0.0 ], [ 122.990943909, -0.651994585, 0.0 ], [ 122.934083939, -0.679388045, 0.0 ], [ 122.877388889, -0.677444443, 0.0 ], [ 122.864916667, -0.662333333, 0.0 ], [ 122.842693357, -0.682402682, 0.0 ], [ 122.845438099, -0.708008684, 0.0 ], [ 122.870214216, -0.705876825, 0.0 ], [ 122.909389762, -0.738561905, 0.0 ], [ 122.94992112, -0.717268511, 0.0 ], [ 122.946039684, -0.729063553, 0.0 ], [ 122.971720833, -0.745842398, 0.0 ], [ 123.006239231, -0.723483321, 0.0 ], [ 123.036696225, -0.75447085, 0.0 ], [ 122.999545464, -0.768374544, 0.0 ], [ 123.016628805, -0.775810822, 0.0 ], [ 122.992205579, -0.772238977, 0.0 ], [ 123.00950597, -0.815213738, 0.0 ], [ 123.020488685, -0.816534748, 0.0 ], [ 123.006589186, -0.80269228, 0.0 ], [ 123.028827553, -0.776346503, 0.0 ], [ 123.111808987, -0.771564355, 0.0 ], [ 123.124789745, -0.798965471, 0.0 ], [ 123.166439726, -0.790002582, 0.0 ], [ 123.226454162, -0.816565356, 0.0 ], [ 123.222379468, -0.829169501, 0.0 ], [ 123.251205955, -0.826539348, 0.0 ], [ 123.239391931, -0.841258692, 0.0 ], [ 123.271957235, -0.875816796, 0.0 ], [ 123.248965694, -0.870433264, 0.0 ], [ 123.286666822, -0.885921531, 0.0 ], [ 123.296859915, -0.87691106, 0.0 ], [ 123.320681342, -0.898423556, 0.0 ], [ 123.295870673, -0.87181707, 0.0 ], [ 123.299882174, -0.847504942, 0.0 ], [ 123.32359494, -0.840830645, 0.0 ], [ 123.357555944, -0.857440766, 0.0 ], [ 123.360769704, -0.844448972, 0.0 ], [ 123.367163033, -0.856278343, 0.0 ], [ 123.37461622, -0.829645166, 0.0 ], [ 123.40132917, -0.845145573, 0.0 ], [ 123.38916294, -0.81584988, 0.0 ], [ 123.418382703, -0.787825689, 0.0 ], [ 123.384619769, -0.783808569, 0.0 ], [ 123.37692029, -0.766353227, 0.0 ], [ 123.431629633, -0.765875, 0.0 ], [ 123.39150626, -0.756740835, 0.0 ], [ 123.391931534, -0.728834152, 0.0 ], [ 123.34378624, -0.692060471, 0.0 ], [ 123.357038498, -0.685598373, 0.0 ], [ 123.352903366, -0.663993835, 0.0 ], [ 123.306329727, -0.657283783, 0.0 ], [ 123.308320999, -0.675643921, 0.0 ], [ 123.27214577, -0.66874319, 0.0 ], [ 123.250348173, -0.636843627, 0.0 ], [ 123.188369751, -0.650441885, 0.0 ], [ 123.106844142, -0.633837064, 0.0 ], [ 123.095649719, -0.600967288, 0.0 ], [ 123.075155978, -0.646661739, 0.0 ], [ 123.066459656, -0.630773007, 0.0 ], [ 123.042235623, -0.638786018, 0.0 ], [ 123.023723, -0.615139, 0.0 ], [ 123.056769637, -0.564123956, 0.0 ], [ 123.166923996, -0.584454415, 0.0 ], [ 123.201574385, -0.569512763, 0.0 ], [ 123.262893137, -0.579515855, 0.0 ], [ 123.40991685, -0.65290429, 0.0 ], [ 123.379415988, -0.668266951, 0.0 ], [ 123.421194755, -0.718893102, 0.0 ], [ 123.441444053, -0.707860152, 0.0 ], [ 123.426537383, -0.744550425, 0.0 ], [ 123.444949701, -0.744894533, 0.0 ], [ 123.458393021, -0.768714354, 0.0 ], [ 123.433872637, -0.800542088, 0.0 ], [ 123.444187151, -0.839179258, 0.0 ], [ 123.410087165, -0.856899114, 0.0 ], [ 123.392256289, -0.889874158, 0.0 ], [ 123.383683309, -0.931216272, 0.0 ], [ 123.397165532, -0.95539747, 0.0 ], [ 123.351720652, -1.034344407, 0.0 ], [ 123.308959648, -1.051619012, 0.0 ], [ 123.265282073, -1.042869645, 0.0 ], [ 123.251808439, -1.008270399, 0.0 ], [ 123.175539623, -0.957847694, 0.0 ], [ 123.141770624, -0.95191298, 0.0 ], [ 123.134397666, -0.901455288, 0.0 ], [ 123.147679988, -0.903384179, 0.0 ] ], [ [ 123.314037766, -0.90991852, 0.0 ], [ 123.236164546, -0.875063765, 0.0 ], [ 123.158097655, -0.928454085, 0.0 ], [ 123.230096397, -0.925304746, 0.0 ], [ 123.199474487, -0.931754616, 0.0 ], [ 123.230175495, -0.940376265, 0.0 ], [ 123.200256976, -0.954610908, 0.0 ], [ 123.22051505, -0.951699988, 0.0 ], [ 123.210550308, -0.965543747, 0.0 ], [ 123.227621078, -0.9523983, 0.0 ], [ 123.24833107, -0.959821701, 0.0 ], [ 123.251508713, -0.942689896, 0.0 ], [ 123.291165799, -0.944990161, 0.0 ], [ 123.291166956, -0.934000767, 0.0 ], [ 123.348213331, -0.939245987, 0.0 ], [ 123.329460291, -0.907202506, 0.0 ], [ 123.314037766, -0.90991852, 0.0 ] ], [ [ 123.321542179, -0.962426361, 0.0 ], [ 123.266679491, -0.972541335, 0.0 ], [ 123.264778139, -0.989255072, 0.0 ], [ 123.311109297, -0.987809849, 0.0 ], [ 123.318548696, -1.01264479, 0.0 ], [ 123.353365975, -0.997808108, 0.0 ], [ 123.337486266, -0.982869924, 0.0 ], [ 123.361358016, -0.978306232, 0.0 ], [ 123.321542179, -0.962426361, 0.0 ] ], [ [ 122.995823049, -0.819433591, 0.0 ], [ 123.007482928, -0.813425682, 0.0 ], [ 122.991255019, -0.771640477, 0.0 ], [ 122.946185147, -0.762244639, 0.0 ], [ 122.91839422, -0.777338024, 0.0 ], [ 122.865953778, -0.775411051, 0.0 ], [ 122.863074343, -0.788994893, 0.0 ], [ 122.944982349, -0.784089654, 0.0 ], [ 122.934194485, -0.804249566, 0.0 ], [ 122.88493097, -0.802812301, 0.0 ], [ 122.867739387, -0.819989191, 0.0 ], [ 122.872611991, -0.847292464, 0.0 ], [ 122.949548635, -0.845395627, 0.0 ], [ 122.995823049, -0.819433591, 0.0 ] ], [ [ 123.040527208, -0.79481916, 0.0 ], [ 123.028043156, -0.825203015, 0.0 ], [ 123.052589912, -0.818099927, 0.0 ], [ 123.040527208, -0.79481916, 0.0 ] ], [ [ 122.932116012, -0.850314088, 0.0 ], [ 122.919850981, -0.868727398, 0.0 ], [ 122.936161096, -0.892505741, 0.0 ], [ 122.957764846, -0.865154362, 0.0 ], [ 122.932116012, -0.850314088, 0.0 ] ], [ [ 122.216043009, -0.797841549, 0.0 ], [ 122.217016624, -0.815948649, 0.0 ], [ 122.254989522, -0.823322899, 0.0 ], [ 122.26945821, -0.807823822, 0.0 ], [ 122.216043009, -0.797841549, 0.0 ] ], [ [ 122.846868263, -0.914042266, 0.0 ], [ 122.831261251, -0.897684059, 0.0 ], [ 122.810586949, -0.923570333, 0.0 ], [ 122.846868263, -0.914042266, 0.0 ] ] ], [ [ [ 121.957344449, -1.101320589, 0.0 ], [ 121.944833477, -1.127374506, 0.0 ], [ 121.946484654, -1.084642886, 0.0 ], [ 121.966445876, -1.089720496, 0.0 ], [ 121.948569522, -1.087463401, 0.0 ], [ 121.957344449, -1.101320589, 0.0 ] ] ] ] } },
{ "type": "Feature", "properties": { "id": 639, "pbph": null, "kph": null, "provinsi": null, "fungsi": "APL" }, "geometry": { "type": "MultiPolygon", "coordinates": [ [ [ [ 123.300009006, -1.146054996, 0.0 ], [ 123.279169615, -1.17796543, 0.0 ], [ 123.280075092, -1.156428321, 0.0 ], [ 123.300009006, -1.146054996, 0.0 ] ] ], [ [ [ 123.219531918, -1.268358932, 0.0 ], [ 123.187034579, -1.260795377, 0.0 ], [ 123.196655273, -1.287346363, 0.0 ], [ 123.181413204, -1.31260129, 0.0 ], [ 123.216947162, -1.364376467, 0.0 ], [ 123.219303364, -1.351160427, 0.0 ], [ 123.227520463, -1.359124423, 0.0 ], [ 123.242408006, -1.400758972, 0.0 ], [ 123.283647377, -1.358250127, 0.0 ], [ 123.29074077, -1.311076259, 0.0 ], [ 123.280775196, -1.318682796, 0.0 ], [ 123.313552697, -1.304323533, 0.0 ], [ 123.375266996, -1.221465473, 0.0 ], [ 123.398594168, -1.235049137, 0.0 ], [ 123.404212953, -1.218233553, 0.0 ], [ 123.412775514, -1.224304843, 0.0 ], [ 123.403563178, -1.25176696, 0.0 ], [ 123.42871053, -1.26966088, 0.0 ], [ 123.445486947, -1.266899416, 0.0 ], [ 123.442479981, -1.234162835, 0.0 ], [ 123.486752256, -1.269435176, 0.0 ], [ 123.518548934, -1.26244164, 0.0 ], [ 123.553136006, -1.275966484, 0.0 ], [ 123.557597872, -1.329292813, 0.0 ], [ 123.534704827, -1.359204138, 0.0 ], [ 123.539284664, -1.395324187, 0.0 ], [ 123.513245816, -1.453765213, 0.0 ], [ 123.489682125, -1.469474208, 0.0 ], [ 123.472787757, -1.462072403, 0.0 ], [ 123.457860488, -1.518733263, 0.0 ], [ 123.439642643, -1.504784614, 0.0 ], [ 123.41247858, -1.530560942, 0.0 ], [ 123.370877977, -1.497243878, 0.0 ], [ 123.354611458, -1.524630865, 0.0 ], [ 123.355591963, -1.472418395, 0.0 ], [ 123.326480792, -1.449647933, 0.0 ], [ 123.325508044, -1.415129993, 0.0 ], [ 123.295598156, -1.410257236, 0.0 ], [ 123.276076685, -1.442336478, 0.0 ], [ 123.256762873, -1.44147891, 0.0 ], [ 123.248039969, -1.488796406, 0.0 ], [ 123.234363606, -1.594839776, 0.0 ], [ 123.258093235, -1.60878161, 0.0 ], [ 123.254756711, -1.638940003, 0.0 ], [ 123.236814545, -1.644062215, 0.0 ], [ 123.225653464, -1.595197576, 0.0 ], [ 123.208765809, -1.619678085, 0.0 ], [ 123.192737831, -1.608525112, 0.0 ], [ 123.154638962, -1.640510462, 0.0 ], [ 123.127686816, -1.566949484, 0.0 ], [ 123.184755558, -1.514061486, 0.0 ], [ 123.16316001, -1.453067334, 0.0 ], [ 123.165843077, -1.302812179, 0.0 ], [ 123.141758761, -1.296950817, 0.0 ], [ 123.121849805, -1.318104248, 0.0 ], [ 123.121172317, -1.294121027, 0.0 ], [ 123.037027084, -1.42103837, 0.0 ], [ 123.034244881, -1.448156566, 0.0 ], [ 123.028338305, -1.436871102, 0.0 ], [ 123.016821815, -1.492532782, 0.0 ], [ 122.918564199, -1.58300939, 0.0 ], [ 122.930716535, -1.513995357, 0.0 ], [ 122.940422305, -1.507543361, 0.0 ], [ 122.956184576, -1.528540409, 0.0 ], [ 122.977437954, -1.519094019, 0.0 ], [ 123.014878433, -1.435214288, 0.0 ], [ 123.035351457, -1.427834919, 0.0 ], [ 123.059506403, -1.353757809, 0.0 ], [ 123.042788305, -1.346307721, 0.0 ], [ 123.048490449, -1.327663681, 0.0 ], [ 123.061277004, -1.338928178, 0.0 ], [ 123.062303639, -1.318074045, 0.0 ], [ 123.111074071, -1.286702087, 0.0 ], [ 123.0887586, -1.231804977, 0.0 ], [ 123.103567234, -1.238219689, 0.0 ], [ 123.094442129, -1.227940834, 0.0 ], [ 123.109912854, -1.210582155, 0.0 ], [ 123.134141584, -1.211054144, 0.0 ], [ 123.121493229, -1.188775367, 0.0 ], [ 123.058097572, -1.18460036, 0.0 ], [ 122.964335952, -1.224013872, 0.0 ], [ 122.944467495, -1.186060159, 0.0 ], [ 122.923655925, -1.183870042, 0.0 ], [ 122.873966038, -1.250906874, 0.0 ], [ 122.875052306, -1.281634487, 0.0 ], [ 122.856834413, -1.289747953, 0.0 ], [ 122.848449707, -1.336601615, 0.0 ], [ 122.825897217, -1.359925866, 0.0 ], [ 122.839907776, -1.395127087, 0.0 ], [ 122.796123619, -1.454290138, 0.0 ], [ 122.807806329, -1.449766215, 0.0 ], [ 122.821784198, -1.476536585, 0.0 ], [ 122.843197612, -1.457422025, 0.0 ], [ 122.858338609, -1.480121846, 0.0 ], [ 122.883133337, -1.473733573, 0.0 ], [ 122.855678061, -1.510005208, 0.0 ], [ 122.894776915, -1.503612012, 0.0 ], [ 122.907457091, -1.527179775, 0.0 ], [ 122.880907504, -1.561309231, 0.0 ], [ 122.889164763, -1.551602196, 0.0 ], [ 122.88955348, -1.569426181, 0.0 ], [ 122.897205652, -1.551780843, 0.0 ], [ 122.91356925, -1.590352664, 0.0 ], [ 122.92478219, -1.584651475, 0.0 ], [ 122.882021679, -1.600709803, 0.0 ], [ 122.848858814, -1.577654312, 0.0 ], [ 122.838779097, -1.510219517, 0.0 ], [ 122.837802767, -1.524227787, 0.0 ], [ 122.820352762, -1.48230387, 0.0 ], [ 122.798689123, -1.491606774, 0.0 ], [ 122.789389173, -1.479069314, 0.0 ], [ 122.792924453, -1.384335764, 0.0 ], [ 122.825962733, -1.285233135, 0.0 ], [ 122.870805549, -1.24959754, 0.0 ], [ 122.905296448, -1.181930723, 0.0 ], [ 122.945300574, -1.184780647, 0.0 ], [ 122.972915311, -1.215857218, 0.0 ], [ 123.033723611, -1.177232825, 0.0 ], [ 123.105762416, -1.160446779, 0.0 ], [ 123.144883043, -1.210781458, 0.0 ], [ 123.164114782, -1.151039815, 0.0 ], [ 123.189138383, -1.150164709, 0.0 ], [ 123.248484069, -1.229244929, 0.0 ], [ 123.229737675, -1.232116254, 0.0 ], [ 123.219531918, -1.268358932, 0.0 ] ], [ [ 123.183619764, -1.175708709, 0.0 ], [ 123.192432215, -1.20228313, 0.0 ], [ 123.180190891, -1.21141548, 0.0 ], [ 123.15788713, -1.199563465, 0.0 ], [ 123.148148299, -1.242968014, 0.0 ], [ 123.159837072, -1.22853836, 0.0 ], [ 123.177428053, -1.242504487, 0.0 ], [ 123.17753294, -1.22032104, 0.0 ], [ 123.185609183, -1.240354319, 0.0 ], [ 123.180836857, -1.216230475, 0.0 ], [ 123.192007246, -1.213713205, 0.0 ], [ 123.192898779, -1.236840629, 0.0 ], [ 123.19709423, -1.216020703, 0.0 ], [ 123.206966651, -1.235142782, 0.0 ], [ 123.225291966, -1.219519202, 0.0 ], [ 123.183619764, -1.175708709, 0.0 ] ], [ [ 123.199345851, -1.366646087, 0.0 ], [ 123.196720364, -1.380321272, 0.0 ], [ 123.188410072, -1.35238962, 0.0 ], [ 123.174865642, -1.399492641, 0.0 ], [ 123.214876184, -1.456952227, 0.0 ], [ 123.222191303, -1.418293899, 0.0 ], [ 123.197097323, -1.34560494, 0.0 ], [ 123.199345851, -1.366646087, 0.0 ] ], [ [ 123.219347321, -1.518377778, 0.0 ], [ 123.209427008, -1.509081623, 0.0 ], [ 123.25189209, -1.474983096, 0.0 ], [ 123.243987752, -1.467112402, 0.0 ], [ 123.280471802, -1.404327511, 0.0 ], [ 123.313009691, -1.388365103, 0.0 ], [ 123.299199662, -1.371744013, 0.0 ], [ 123.211261858, -1.470737691, 0.0 ], [ 123.191861346, -1.539878291, 0.0 ], [ 123.152462596, -1.558115698, 0.0 ], [ 123.141395864, -1.59206526, 0.0 ], [ 123.143305817, -1.580395235, 0.0 ], [ 123.187516449, -1.580524305, 0.0 ], [ 123.177566343, -1.567794413, 0.0 ], [ 123.200535124, -1.541558658, 0.0 ], [ 123.212089925, -1.55492782, 0.0 ], [ 123.233345032, -1.541440248, 0.0 ], [ 123.219347321, -1.518377778, 0.0 ] ], [ [ 123.424076392, -1.404030248, 0.0 ], [ 123.449283278, -1.442313823, 0.0 ], [ 123.453193665, -1.363248587, 0.0 ], [ 123.461326599, -1.342436433, 0.0 ], [ 123.489990234, -1.348971725, 0.0 ], [ 123.488388062, -1.315459727, 0.0 ], [ 123.450737, -1.331644653, 0.0 ], [ 123.436775208, -1.307372211, 0.0 ], [ 123.417053224, -1.325580119, 0.0 ], [ 123.390876777, -1.315572843, 0.0 ], [ 123.363571167, -1.249093652, 0.0 ], [ 123.289444948, -1.350184262, 0.0 ], [ 123.290915754, -1.36952088, 0.0 ], [ 123.35231781, -1.39818275, 0.0 ], [ 123.36213847, -1.416764832, 0.0 ], [ 123.376265851, -1.406994918, 0.0 ], [ 123.374665801, -1.459610972, 0.0 ], [ 123.404686419, -1.418511602, 0.0 ], [ 123.414339295, -1.425579254, 0.0 ], [ 123.406802516, -1.407610354, 0.0 ], [ 123.424076392, -1.404030248, 0.0 ] ], [ [ 123.515178481, -1.276053263, 0.0 ], [ 123.491909984, -1.275565924, 0.0 ], [ 123.502643113, -1.280916027, 0.0 ], [ 123.492976731, -1.292303504, 0.0 ], [ 123.532716925, -1.303291695, 0.0 ], [ 123.539095787, -1.291904826, 0.0 ], [ 123.515178481, -1.276053263, 0.0 ] ], [ [ 123.234008789, -1.501979231, 0.0 ], [ 123.224508842, -1.5073359, 0.0 ], [ 123.236671958, -1.521856307, 0.0 ], [ 123.234008789, -1.501979231, 0.0 ] ] ], [ [ [ 123.32583142, -1.193689433, 0.0 ], [ 123.299322283, -1.283379983, 0.0 ], [ 123.278804056, -1.196852495, 0.0 ], [ 123.312402944, -1.173740665, 0.0 ], [ 123.32583142, -1.193689433, 0.0 ] ], [ [ 123.309661325, -1.19434153, 0.0 ], [ 123.296089172, -1.195327759, 0.0 ], [ 123.293533325, -1.223516345, 0.0 ], [ 123.317626954, -1.215370654, 0.0 ], [ 123.309661325, -1.19434153, 0.0 ] ] ], [ [ [ 123.055464193, -1.279506496, 0.0 ], [ 123.045760881, -1.308206402, 0.0 ], [ 123.061857876, -1.318750393, 0.0 ], [ 123.015477391, -1.341789407, 0.0 ], [ 123.025789682, -1.275694957, 0.0 ], [ 123.040958372, -1.259823322, 0.0 ], [ 123.055464193, -1.279506496, 0.0 ] ] ] ] } },
{ "type": "Feature", "properties": { "id": 640, "pbph": null, "kph": null, "provinsi": null, "fungsi": "APL" }, "geometry": { "type": "MultiPolygon", "coordinates": [ [ [ [ 123.565313817, -1.474025898, 0.0 ], [ 123.563575943, -1.50636314, 0.0 ], [ 123.551591746, -1.483860055, 0.0 ], [ 123.565313817, -1.474025898, 0.0 ] ] ], [ [ [ 123.532307092, -1.478176016, 0.0 ], [ 123.562022367, -1.543848203, 0.0 ], [ 123.559504448, -1.598588687, 0.0 ], [ 123.57710326, -1.610102383, 0.0 ], [ 123.59729653, -1.593335917, 0.0 ], [ 123.623016118, -1.623623732, 0.0 ], [ 123.620498618, -1.639481352, 0.0 ], [ 123.60374682, -1.63046388, 0.0 ], [ 123.620080255, -1.651528067, 0.0 ], [ 123.612957718, -1.698161207, 0.0 ], [ 123.567914804, -1.728183998, 0.0 ], [ 123.536148412, -1.725878147, 0.0 ], [ 123.517594234, -1.700460271, 0.0 ], [ 123.513205513, -1.724726498, 0.0 ], [ 123.489944861, -1.714855541, 0.0 ], [ 123.472424909, -1.653184823, 0.0 ], [ 123.479577178, -1.614785766, 0.0 ], [ 123.498828827, -1.601494098, 0.0 ], [ 123.494076339, -1.580989224, 0.0 ], [ 123.47966226, -1.582797966, 0.0 ], [ 123.478665239, -1.54742249, 0.0 ], [ 123.505850863, -1.496289813, 0.0 ], [ 123.526999777, -1.50958045, 0.0 ], [ 123.532307092, -1.478176016, 0.0 ] ], [ [ 123.523007682, -1.526235433, 0.0 ], [ 123.494590759, -1.551801682, 0.0 ], [ 123.505554199, -1.574949145, 0.0 ], [ 123.530587833, -1.538292154, 0.0 ], [ 123.523007682, -1.526235433, 0.0 ] ], [ [ 123.541904904, -1.665650093, 0.0 ], [ 123.536776018, -1.722311738, 0.0 ], [ 123.55847028, -1.68686582, 0.0 ], [ 123.558981205, -1.650489448, 0.0 ], [ 123.58065959, -1.675843436, 0.0 ], [ 123.595877353, -1.652179932, 0.0 ], [ 123.575625701, -1.61814369, 0.0 ], [ 123.559652075, -1.62645697, 0.0 ], [ 123.548773623, -1.596040242, 0.0 ], [ 123.545963611, -1.628854216, 0.0 ], [ 123.543363099, -1.595486392, 0.0 ], [ 123.541904904, -1.665650093, 0.0 ] ] ], [ [ [ 123.376250334, -1.672756737, 0.0 ], [ 123.384380956, -1.722449543, 0.0 ], [ 123.339839646, -1.734502125, 0.0 ], [ 123.315781859, -1.782166186, 0.0 ], [ 123.275336301, -1.798271269, 0.0 ], [ 123.269877832, -1.78489616, 0.0 ], [ 123.311096102, -1.71929787, 0.0 ], [ 123.376250334, -1.672756737, 0.0 ] ], [ [ 123.341570053, -1.718953811, 0.0 ], [ 123.361776371, -1.729455283, 0.0 ], [ 123.379733438, -1.692205648, 0.0 ], [ 123.354448044, -1.708270618, 0.0 ], [ 123.349688087, -1.693540832, 0.0 ], [ 123.349048745, -1.713923253, 0.0 ], [ 123.3442632, -1.696453569, 0.0 ], [ 123.341570053, -1.718953811, 0.0 ] ], [ [ 123.29758618, -1.764891733, 0.0 ], [ 123.31903575, -1.761082947, 0.0 ], [ 123.337514025, -1.710528278, 0.0 ], [ 123.307455476, -1.726345887, 0.0 ], [ 123.29758618, -1.764891733, 0.0 ] ] ], [ [ [ 124.153165924, -1.736380283, 0.0 ], [ 124.181220222, -1.765924191, 0.0 ], [ 124.162546542, -1.789310599, 0.0 ], [ 124.169699543, -1.748663025, 0.0 ], [ 124.144914206, -1.765629517, 0.0 ], [ 124.153165924, -1.736380283, 0.0 ] ] ], [ [ [ 123.116555016, -1.871670219, 0.0 ], [ 123.128528904, -1.854329467, 0.0 ], [ 123.1162478, -1.791552138, 0.0 ], [ 123.088474146, -1.799957378, 0.0 ], [ 123.068758212, -1.892450181, 0.0 ], [ 123.056843639, -1.87163514, 0.0 ], [ 123.058659747, -1.829590305, 0.0 ], [ 123.095637174, -1.760378295, 0.0 ], [ 123.129846405, -1.77845929, 0.0 ], [ 123.12738798, -1.798534074, 0.0 ], [ 123.14465718, -1.798504154, 0.0 ], [ 123.136948862, -1.812961776, 0.0 ], [ 123.149569962, -1.81838055, 0.0 ], [ 123.13448247, -1.868513286, 0.0 ], [ 123.116555016, -1.871670219, 0.0 ] ] ], [ [ [ 124.001280753, -1.826069926, 0.0 ], [ 124.021751404, -1.87492311, 0.0 ], [ 124.007158995, -1.828441306, 0.0 ], [ 124.02379623, -1.844150039, 0.0 ], [ 124.030101607, -1.894591314, 0.0 ], [ 123.988042723, -1.823147676, 0.0 ], [ 123.997156397, -1.810520473, 0.0 ], [ 124.001280753, -1.826069926, 0.0 ] ] ], [ [ [ 123.693566849, -1.861441563, 0.0 ], [ 123.704272025, -1.892476186, 0.0 ], [ 123.693767692, -1.908126576, 0.0 ], [ 123.700352363, -1.875166195, 0.0 ], [ 123.691982825, -1.864570275, 0.0 ], [ 123.681437038, -1.874508854, 0.0 ], [ 123.693566849, -1.861441563, 0.0 ] ] ], [ [ [ 123.764848695, -1.864385745, 0.0 ], [ 123.770286124, -1.885342826, 0.0 ], [ 123.755147262, -1.877057978, 0.0 ], [ 123.764848695, -1.864385745, 0.0 ] ] ], [ [ [ 123.104094101, -1.880139616, 0.0 ], [ 123.084185636, -1.915722836, 0.0 ], [ 123.05167732, -1.920872519, 0.0 ], [ 123.054489443, -1.889768049, 0.0 ], [ 123.070299506, -1.8943346, 0.0 ], [ 123.066230038, -1.915094629, 0.0 ], [ 123.081917562, -1.895141313, 0.0 ], [ 123.073455812, -1.885681391, 0.0 ], [ 123.091714682, -1.871175608, 0.0 ], [ 123.104094101, -1.880139616, 0.0 ] ] ], [ [ [ 123.674975177, -1.881591872, 0.0 ], [ 123.680772371, -1.929571256, 0.0 ], [ 123.662365145, -1.892162973, 0.0 ], [ 123.674975177, -1.881591872, 0.0 ] ] ], [ [ [ 123.796132447, -1.924342268, 0.0 ], [ 123.780255752, -1.922272641, 0.0 ], [ 123.783660889, -1.885666727, 0.0 ], [ 123.809853899, -1.916877508, 0.0 ], [ 123.796132447, -1.924342268, 0.0 ] ] ], [ [ [ 123.64956481, -1.896710847, 0.0 ], [ 123.659030597, -1.942537386, 0.0 ], [ 123.647405789, -1.960229914, 0.0 ], [ 123.64956481, -1.896710847, 0.0 ] ] ], [ [ [ 123.716614375, -1.947703734, 0.0 ], [ 123.728347778, -1.924517393, 0.0 ], [ 123.715387234, -1.949206602, 0.0 ], [ 123.704726847, -1.92947856, 0.0 ], [ 123.729346466, -1.898728105, 0.0 ], [ 123.73916647, -1.95391709, 0.0 ], [ 123.716614375, -1.947703734, 0.0 ] ] ], [ [ [ 123.476634713, -1.937936265, 0.0 ], [ 123.479624867, -1.951625986, 0.0 ], [ 123.465661168, -1.950090529, 0.0 ], [ 123.476634713, -1.937936265, 0.0 ] ] ], [ [ [ 123.848348139, -2.000268764, 0.0 ], [ 123.842297713, -1.950558665, 0.0 ], [ 123.859138489, -1.982896209, 0.0 ], [ 123.848348139, -2.000268764, 0.0 ] ] ], [ [ [ 123.81458363, -1.994428861, 0.0 ], [ 123.81134829, -2.007965019, 0.0 ], [ 123.786782035, -1.953818461, 0.0 ], [ 123.81458363, -1.994428861, 0.0 ] ] ], [ [ [ 123.836423191, -1.994380476, 0.0 ], [ 123.830901928, -2.015183803, 0.0 ], [ 123.812515259, -2.01012969, 0.0 ], [ 123.836423191, -1.994380476, 0.0 ] ] ], [ [ [ 123.863280667, -2.009591809, 0.0 ], [ 123.89697693, -2.074206888, 0.0 ], [ 123.889359473, -2.087590864, 0.0 ], [ 123.874264185, -2.077168985, 0.0 ], [ 123.88334783, -2.058679967, 0.0 ], [ 123.868053533, -2.073423794, 0.0 ], [ 123.844803515, -2.065277987, 0.0 ], [ 123.847475877, -2.054731777, 0.0 ], [ 123.855551967, -2.06625051, 0.0 ], [ 123.863280667, -2.009591809, 0.0 ] ] ], [ [ [ 123.768704377, -2.020331344, 0.0 ], [ 123.768234253, -2.032708168, 0.0 ], [ 123.776819978, -2.018256004, 0.0 ], [ 123.784523714, -2.028016579, 0.0 ], [ 123.762086386, -2.0602249, 0.0 ], [ 123.756536592, -2.026716344, 0.0 ], [ 123.768704377, -2.020331344, 0.0 ] ] ], [ [ [ 123.553313908, -2.094078606, 0.0 ], [ 123.558966275, -2.10721887, 0.0 ], [ 123.542169086, -2.100272216, 0.0 ], [ 123.553313908, -2.094078606, 0.0 ] ] ], [ [ [ 123.642238702, -2.124764088, 0.0 ], [ 123.641258389, -2.13653167, 0.0 ], [ 123.631206721, -2.126889355, 0.0 ], [ 123.642238702, -2.124764088, 0.0 ] ] ], [ [ [ 123.670613397, -2.161977625, 0.0 ], [ 123.67730339, -2.176754293, 0.0 ], [ 123.662284426, -2.153444471, 0.0 ], [ 123.670613397, -2.161977625, 0.0 ] ] ] ] } },
{ "type": "Feature", "properties": { "id": 641, "pbph": null, "kph": null, "provinsi": null, "fungsi": "APL" }, "geometry": { "type": "MultiPolygon", "coordinates": [ [ [ [ 121.444135501, 1.313033215, 0.0 ], [ 121.468897179, 1.301669894, 0.0 ], [ 121.469891794, 1.265363879, 0.0 ], [ 121.415708221, 1.240565747, 0.0 ], [ 121.434191477, 1.22341703, 0.0 ], [ 121.419634515, 1.185710375, 0.0 ], [ 121.482527574, 1.109051138, 0.0 ], [ 121.554780732, 1.062739414, 0.0 ], [ 121.617637635, 1.060384035, 0.0 ], [ 121.650986556, 1.039606935, 0.0 ], [ 121.666493812, 1.067243504, 0.0 ], [ 121.688575745, 1.06762886, 0.0 ], [ 121.709449768, 1.037122607, 0.0 ], [ 121.721527099, 1.045961976, 0.0 ], [ 121.708505943, 1.07605401, 0.0 ], [ 121.741106451, 1.061198984, 0.0 ], [ 121.824417266, 1.092093687, 0.0 ], [ 121.882388851, 1.079769377, 0.0 ], [ 121.926738238, 1.102727805, 0.0 ], [ 121.958957648, 1.059755169, 0.0 ], [ 121.952827787, 1.039605601, 0.0 ], [ 121.983070324, 1.022262443, 0.0 ], [ 122.042259216, 1.046195745, 0.0 ], [ 122.063888551, 1.072265387, 0.0 ], [ 122.162986754, 1.031486631, 0.0 ], [ 122.186787904, 1.055850535, 0.0 ], [ 122.185897828, 1.042992353, 0.0 ], [ 122.134418761, 1.019570108, 0.0 ], [ 122.124615418, 1.032914771, 0.0 ], [ 122.105142085, 1.024770372, 0.0 ], [ 122.110400161, 1.052275143, 0.0 ], [ 122.091987354, 1.051407073, 0.0 ], [ 122.105874717, 1.04257556, 0.0 ], [ 122.095754234, 1.02239237, 0.0 ], [ 122.06660411, 1.013670641, 0.0 ], [ 122.022897221, 1.034934784, 0.0 ], [ 121.996178303, 0.990802256, 0.0 ], [ 121.981015117, 0.997574167, 0.0 ], [ 121.985635812, 1.013267473, 0.0 ], [ 121.950413966, 0.974491073, 0.0 ], [ 121.920115084, 1.036718782, 0.0 ], [ 121.919215114, 1.087836373, 0.0 ], [ 121.890364232, 1.077640857, 0.0 ], [ 121.886523761, 1.046558881, 0.0 ], [ 121.866376746, 1.04575848, 0.0 ], [ 121.868610779, 1.065412733, 0.0 ], [ 121.848126604, 1.080056292, 0.0 ], [ 121.837272707, 1.062803013, 0.0 ], [ 121.753022207, 1.061357935, 0.0 ], [ 121.707416362, 1.012264484, 0.0 ], [ 121.681267499, 1.029953405, 0.0 ], [ 121.670448643, 1.022846843, 0.0 ], [ 121.683954696, 1.008594398, 0.0 ], [ 121.657139007, 1.026791173, 0.0 ], [ 121.648557043, 1.008194792, 0.0 ], [ 121.638841334, 1.029922882, 0.0 ], [ 121.614624023, 1.004618527, 0.0 ], [ 121.628511977, 1.026288914, 0.0 ], [ 121.61177063, 1.011437535, 0.0 ], [ 121.59589386, 1.02198136, 0.0 ], [ 121.627105713, 0.988930167, 0.0 ], [ 121.570503235, 0.995290314, 0.0 ], [ 121.572303772, 0.983206987, 0.0 ], [ 121.59829712, 0.993976414, 0.0 ], [ 121.601898193, 0.966034293, 0.0 ], [ 121.560978151, 0.972852296, 0.0 ], [ 121.554100684, 0.939102344, 0.0 ], [ 121.507320166, 0.934657361, 0.0 ], [ 121.494165296, 0.884829152, 0.0 ], [ 121.427272116, 0.88507012, 0.0 ], [ 121.415683503, 0.90494118, 0.0 ], [ 121.433338673, 0.903186046, 0.0 ], [ 121.460718092, 0.932243924, 0.0 ], [ 121.435962193, 0.928806017, 0.0 ], [ 121.424593434, 0.904976703, 0.0 ], [ 121.410660704, 0.911166316, 0.0 ], [ 121.428777657, 0.927529549, 0.0 ], [ 121.383071899, 0.942728758, 0.0 ], [ 121.389494542, 0.956434454, 0.0 ], [ 121.374984346, 0.961292279, 0.0 ], [ 121.370787356, 0.923723586, 0.0 ], [ 121.300342013, 0.951662653, 0.0 ], [ 121.274957902, 0.919172471, 0.0 ], [ 121.227551651, 0.908468488, 0.0 ], [ 121.215332339, 0.884840624, 0.0 ], [ 121.193818242, 0.894280188, 0.0 ], [ 121.180903993, 0.881105337, 0.0 ], [ 121.189561753, 0.867698841, 0.0 ], [ 121.151445389, 0.87780571, 0.0 ], [ 121.149709702, 0.894979477, 0.0 ], [ 121.123723984, 0.908212662, 0.0 ], [ 121.061174393, 0.881986618, 0.0 ], [ 121.033879429, 0.889674725, 0.0 ], [ 121.065001769, 0.978748615, 0.0 ], [ 121.128229136, 0.997711154, 0.0 ], [ 121.152358899, 1.028520035, 0.0 ], [ 121.134753824, 1.030025733, 0.0 ], [ 121.13903927, 1.043306754, 0.0 ], [ 121.168998783, 1.042920679, 0.0 ], [ 121.206519504, 1.079514817, 0.0 ], [ 121.2681427, 1.088025451, 0.0 ], [ 121.271522522, 1.10441804, 0.0 ], [ 121.256965637, 1.110078693, 0.0 ], [ 121.28185389, 1.118639887, 0.0 ], [ 121.268433337, 1.174412323, 0.0 ], [ 121.253150041, 1.184448464, 0.0 ], [ 121.241849845, 1.172790498, 0.0 ], [ 121.235108024, 1.199442137, 0.0 ], [ 121.206161711, 1.189270145, 0.0 ], [ 121.222566891, 1.220429094, 0.0 ], [ 121.194570587, 1.213761469, 0.0 ], [ 121.217263453, 1.230668515, 0.0 ], [ 121.211780526, 1.242195597, 0.0 ], [ 121.169980056, 1.241001419, 0.0 ], [ 121.177427093, 1.268774606, 0.0 ], [ 121.269156879, 1.231902783, 0.0 ], [ 121.309654438, 1.256317823, 0.0 ], [ 121.342319188, 1.261684905, 0.0 ], [ 121.356012757, 1.248758961, 0.0 ], [ 121.404724955, 1.262129861, 0.0 ], [ 121.444135501, 1.313033215, 0.0 ] ], [ [ 121.458610535, 1.264765501, 0.0 ], [ 121.421646117, 1.266298175, 0.0 ], [ 121.438117981, 1.252651215, 0.0 ], [ 121.458610535, 1.264765501, 0.0 ] ], [ [ 121.36733893, 1.236745259, 0.0 ], [ 121.354448368, 1.23755129, 0.0 ], [ 121.359724852, 1.213540033, 0.0 ], [ 121.340084078, 1.189625747, 0.0 ], [ 121.329516084, 1.2095284, 0.0 ], [ 121.326272325, 1.194969391, 0.0 ], [ 121.310700683, 1.210091105, 0.0 ], [ 121.300369487, 1.19265478, 0.0 ], [ 121.299704323, 1.209636859, 0.0 ], [ 121.280388602, 1.21450665, 0.0 ], [ 121.304601563, 1.177455721, 0.0 ], [ 121.300109754, 1.144872307, 0.0 ], [ 121.322445662, 1.151774225, 0.0 ], [ 121.308929443, 1.162210465, 0.0 ], [ 121.356617866, 1.172560419, 0.0 ], [ 121.392959371, 1.200710852, 0.0 ], [ 121.393074036, 1.228580594, 0.0 ], [ 121.36733893, 1.236745259, 0.0 ] ], [ [ 121.396377118, 1.198503723, 0.0 ], [ 121.349176603, 1.167382371, 0.0 ], [ 121.351668951, 1.148473275, 0.0 ], [ 121.366577148, 1.160195589, 0.0 ], [ 121.377143114, 1.135261241, 0.0 ], [ 121.389282436, 1.13769066, 0.0 ], [ 121.396377118, 1.198503723, 0.0 ] ], [ [ 121.2834632, 1.199233489, 0.0 ], [ 121.276019109, 1.206836362, 0.0 ], [ 121.269700399, 1.159341987, 0.0 ], [ 121.281815993, 1.121538151, 0.0 ], [ 121.299932671, 1.114995137, 0.0 ], [ 121.280274491, 1.095150551, 0.0 ], [ 121.352971997, 1.107870742, 0.0 ], [ 121.337047869, 1.153718981, 0.0 ], [ 121.303627397, 1.147565864, 0.0 ], [ 121.286814539, 1.122476791, 0.0 ], [ 121.304232221, 1.176960587, 0.0 ], [ 121.2834632, 1.199233489, 0.0 ] ], [ [ 121.32813453, 1.222192771, 0.0 ], [ 121.310365439, 1.21124623, 0.0 ], [ 121.3263751, 1.209064103, 0.0 ], [ 121.32813453, 1.222192771, 0.0 ] ], [ [ 121.219833374, 1.034178495, 0.0 ], [ 121.232558126, 1.053865573, 0.0 ], [ 121.212111662, 1.034002899, 0.0 ], [ 121.178522746, 1.042460113, 0.0 ], [ 121.219833374, 1.034178495, 0.0 ] ], [ [ 121.112169266, 0.913690568, 0.0 ], [ 121.098117792, 0.905313066, 0.0 ], [ 121.119615694, 0.903143038, 0.0 ], [ 121.112169266, 0.913690568, 0.0 ] ] ], [ [ [ 121.170995516, 1.209799837, 0.0 ], [ 121.156203603, 1.21305622, 0.0 ], [ 121.174041294, 1.216303162, 0.0 ], [ 121.169569428, 1.231387272, 0.0 ], [ 121.180238584, 1.223020316, 0.0 ], [ 121.170995516, 1.209799837, 0.0 ] ] ] ] } },
{ "type": "Feature", "properties": { "id": 642, "pbph": null, "kph": null, "provinsi": null, "fungsi": "APL" }, "geometry": { "type": "MultiPolygon", "coordinates": [ [ [ [ 120.136674546, 0.747936804, 0.0 ], [ 120.1960879, 0.70081302, 0.0 ], [ 120.199089525, 0.682541206, 0.0 ], [ 120.155100884, 0.699874747, 0.0 ], [ 120.091188431, 0.697877884, 0.0 ], [ 120.066225052, 0.679609299, 0.0 ], [ 120.088212967, 0.662679672, 0.0 ], [ 120.075452805, 0.617013931, 0.0 ], [ 120.098648662, 0.532500757, 0.0 ], [ 120.093941157, 0.508885671, 0.0 ], [ 120.068252481, 0.492950173, 0.0 ], [ 120.072737378, 0.482974127, 0.0 ], [ 120.095878692, 0.502838096, 0.0 ], [ 120.104412352, 0.471164175, 0.0 ], [ 120.08272036, 0.474811425, 0.0 ], [ 120.063917, 0.43866, 0.0 ], [ 120.021576, 0.423666, 0.0 ], [ 120.018608, 0.39686, 0.0 ], [ 119.976226001, 0.396809001, 0.0 ], [ 119.975585938, 0.416190148, 0.0 ], [ 119.927373257, 0.411142238, 0.0 ], [ 119.926889421, 0.370527267, 0.0 ], [ 119.953584672, 0.37005806, 0.0 ], [ 119.930639267, 0.355833054, 0.0 ], [ 119.947694778, 0.340085983, 0.0 ], [ 119.927000046, 0.336500168, 0.0 ], [ 119.937307358, 0.318250656, 0.0 ], [ 119.925539017, 0.306913376, 0.0 ], [ 119.964071274, 0.271230698, 0.0 ], [ 119.970498206, 0.222367678, 0.0 ], [ 119.947149277, 0.182886124, 0.0 ], [ 119.948930078, 0.109129475, 0.0 ], [ 119.913902718, 0.083424185, 0.0 ], [ 119.925184628, 0.064508993, 0.0 ], [ 119.899622028, 0.006354193, 0.0 ], [ 119.915652185, 0.000025546, 0.0 ], [ 119.912612969, -0.041497925, 0.0 ], [ 119.936815373, -0.049972527, 0.0 ], [ 119.925673512, -0.065512731, 0.0 ], [ 119.937030592, -0.086645411, 0.0 ], [ 119.913763444, -0.077817861, 0.0 ], [ 119.890241623, -0.094778061, 0.0 ], [ 119.869740192, -0.077242066, 0.0 ], [ 119.851758279, -0.091057533, 0.0 ], [ 119.87482287, -0.109725399, 0.0 ], [ 119.858466119, -0.120250162, 0.0 ], [ 119.856457305, -0.15015526, 0.0 ], [ 119.828467344, -0.155289772, 0.0 ], [ 119.852600125, -0.198135816, 0.0 ], [ 119.876785823, -0.163055391, 0.0 ], [ 119.88815119, -0.181155235, 0.0 ], [ 119.870165175, -0.184614458, 0.0 ], [ 119.872549898, -0.210525863, 0.0 ], [ 119.910831483, -0.209137468, 0.0 ], [ 119.880298304, -0.229574751, 0.0 ], [ 119.874329204, -0.259528462, 0.0 ], [ 119.844747799, -0.260260517, 0.0 ], [ 119.834525117, -0.284525249, 0.0 ], [ 119.846722496, -0.306049873, 0.0 ], [ 119.871337891, -0.295753211, 0.0 ], [ 119.875368397, -0.340407584, 0.0 ], [ 119.866169776, -0.292337476, 0.0 ], [ 119.804868737, -0.310991809, 0.0 ], [ 119.826303496, -0.313987768, 0.0 ], [ 119.802255574, -0.357139423, 0.0 ], [ 119.805490395, -0.392919698, 0.0 ], [ 119.841016179, -0.431703172, 0.0 ], [ 119.805879403, -0.495747886, 0.0 ], [ 119.836263377, -0.494734833, 0.0 ], [ 119.832266337, -0.557799578, 0.0 ], [ 119.866563797, -0.580856323, 0.0 ], [ 119.847824783, -0.583682224, 0.0 ], [ 119.84680748, -0.603004456, 0.0 ], [ 119.889297981, -0.641189278, 0.0 ], [ 119.845745317, -0.697521976, 0.0 ], [ 119.82353005, -0.689193236, 0.0 ], [ 119.806210132, -0.649742503, 0.0 ], [ 119.753680116, -0.437867075, 0.0 ], [ 119.764223394, -0.400580011, 0.0 ], [ 119.751363075, -0.366350727, 0.0 ], [ 119.818226077, -0.195101365, 0.0 ], [ 119.798296305, -0.156599308, 0.0 ], [ 119.809928501, -0.136187863, 0.0 ], [ 119.791124639, -0.123272701, 0.0 ], [ 119.736973341, -0.144396196, 0.0 ], [ 119.701053436, -0.137955017, 0.0 ], [ 119.652866504, -0.096188285, 0.0 ], [ 119.605867384, -0.013528803, 0.0 ], [ 119.666435243, -0.018994635, 0.0 ], [ 119.665095054, 0.018561695, 0.0 ], [ 119.684490186, 0.004503588, 0.0 ], [ 119.688574648, -0.028814569, 0.0 ], [ 119.74026105, -0.041778672, 0.0 ], [ 119.699937919, 0.000288821, 0.0 ], [ 119.732327605, -0.022510014, 0.0 ], [ 119.737504756, -0.06085201, 0.0 ], [ 119.767810074, -0.077652692, 0.0 ], [ 119.774794472, -0.11137763, 0.0 ], [ 119.821069381, -0.117167696, 0.0 ], [ 119.841014986, -0.098951952, 0.0 ], [ 119.883064226, -0.019121035, 0.0 ], [ 119.877377314, 0.082291593, 0.0 ], [ 119.776810308, 0.190916106, 0.0 ], [ 119.771120967, 0.213992743, 0.0 ], [ 119.807840299, 0.23607893, 0.0 ], [ 119.835555247, 0.215759666, 0.0 ], [ 119.902455069, 0.2209311, 0.0 ], [ 119.893114965, 0.28660504, 0.0 ], [ 119.845541735, 0.334187073, 0.0 ], [ 119.890254022, 0.394641544, 0.0 ], [ 119.882532351, 0.458946013, 0.0 ], [ 119.90645645, 0.480946113, 0.0 ], [ 120.001098828, 0.483608464, 0.0 ], [ 120.044993932, 0.512543893, 0.0 ], [ 120.017428998, 0.668886845, 0.0 ], [ 120.071936041, 0.740640329, 0.0 ], [ 120.136674546, 0.747936804, 0.0 ] ], [ [ 119.879136884, 0.203856266, 0.0 ], [ 119.85785286, 0.165472784, 0.0 ], [ 119.873964187, 0.14053676, 0.0 ], [ 119.882193373, 0.165214174, 0.0 ], [ 119.870263504, 0.170156549, 0.0 ], [ 119.898383909, 0.182597697, 0.0 ], [ 119.872138197, 0.184472392, 0.0 ], [ 119.879136884, 0.203856266, 0.0 ] ], [ [ 119.816787203, 0.230257356, 0.0 ], [ 119.797430988, 0.222913797, 0.0 ], [ 119.791062793, 0.19901977, 0.0 ], [ 119.818039659, 0.189288902, 0.0 ], [ 119.831820218, 0.16192764, 0.0 ], [ 119.816787203, 0.230257356, 0.0 ] ], [ [ 119.700270351, -0.078157228, 0.0 ], [ 119.679616928, -0.03461647, 0.0 ], [ 119.631574631, -0.025600433, 0.0 ], [ 119.631361111, -0.039929701, 0.0 ], [ 119.677270889, -0.051820755, 0.0 ], [ 119.673467637, -0.083959579, 0.0 ], [ 119.695857951, -0.088669855, 0.0 ], [ 119.694602322, -0.119368388, 0.0 ], [ 119.708804334, -0.127885903, 0.0 ], [ 119.725051908, -0.099882893, 0.0 ], [ 119.716808003, -0.134637152, 0.0 ], [ 119.737514595, -0.126109804, 0.0 ], [ 119.747725676, -0.137946088, 0.0 ], [ 119.733812495, -0.10108353, 0.0 ], [ 119.748210882, -0.092585996, 0.0 ], [ 119.728379693, -0.06052345, 0.0 ], [ 119.700270351, -0.078157228, 0.0 ] ] ], [ [ [ 119.858953495, 0.532052988, 0.0 ], [ 119.878299338, 0.520659026, 0.0 ], [ 119.850904631, 0.505805502, 0.0 ], [ 119.858953495, 0.532052988, 0.0 ] ] ], [ [ [ 119.904217651, 0.493199942, 0.0 ], [ 119.903898751, 0.480915552, 0.0 ], [ 119.891201857, 0.491509539, 0.0 ], [ 119.904217651, 0.493199942, 0.0 ] ] ], [ [ [ 119.738571433, -0.649846764, 0.0 ], [ 119.804807778, -0.802459167, 0.0 ], [ 119.789392704, -0.821668377, 0.0 ], [ 119.755015544, -0.735733125, 0.0 ], [ 119.731328362, -0.721835445, 0.0 ], [ 119.740677821, -0.802067542, 0.0 ], [ 119.68852324, -0.810068633, 0.0 ], [ 119.706737671, -0.814245384, 0.0 ], [ 119.700189198, -0.8427517, 0.0 ], [ 119.680892139, -0.865076377, 0.0 ], [ 119.66122114, -0.862720424, 0.0 ], [ 119.663420139, -0.891282762, 0.0 ], [ 119.645585183, -0.881265507, 0.0 ], [ 119.635255253, -0.906129052, 0.0 ], [ 119.611271642, -0.892926426, 0.0 ], [ 119.621780438, -0.913733614, 0.0 ], [ 119.608467689, -0.915775194, 0.0 ], [ 119.608318506, -0.936860426, 0.0 ], [ 119.622466096, -0.959143691, 0.0 ], [ 119.605950654, -0.954114779, 0.0 ], [ 119.616010421, -0.973504809, 0.0 ], [ 119.59372875, -0.974292807, 0.0 ], [ 119.587187869, -0.997316492, 0.0 ], [ 119.629672662, -1.034401019, 0.0 ], [ 119.647125246, -0.985016942, 0.0 ], [ 119.666351703, -0.993555834, 0.0 ], [ 119.662977822, -1.013368904, 0.0 ], [ 119.739653776, -0.995309894, 0.0 ], [ 119.75282331, -1.001375748, 0.0 ], [ 119.739732743, -1.028079987, 0.0 ], [ 119.756467819, -1.046998978, 0.0 ], [ 119.746721268, -1.067302704, 0.0 ], [ 119.723272324, -1.066009521, 0.0 ], [ 119.73723793, -1.075397491, 0.0 ], [ 119.736307144, -1.102701187, 0.0 ], [ 119.720762134, -1.102179053, 0.0 ], [ 119.734772616, -1.11288324, 0.0 ], [ 119.707837988, -1.12988572, 0.0 ], [ 119.70198564, -1.108249694, 0.0 ], [ 119.664527611, -1.124304674, 0.0 ], [ 119.67773293, -1.138720656, 0.0 ], [ 119.696539913, -1.129903146, 0.0 ], [ 119.691824621, -1.154677422, 0.0 ], [ 119.662568844, -1.15444434, 0.0 ], [ 119.649910196, -1.136950235, 0.0 ], [ 119.630715396, -1.140453276, 0.0 ], [ 119.621119149, -1.16224052, 0.0 ], [ 119.629633709, -1.137323702, 0.0 ], [ 119.618092252, -1.135274247, 0.0 ], [ 119.635121196, -1.127349336, 0.0 ], [ 119.618805688, -1.115512412, 0.0 ], [ 119.656316375, -1.099814366, 0.0 ], [ 119.661888863, -1.056618904, 0.0 ], [ 119.648230037, -1.050645306, 0.0 ], [ 119.661307955, -1.046190272, 0.0 ], [ 119.630830969, -1.037821228, 0.0 ], [ 119.604432751, -1.057228957, 0.0 ], [ 119.59661732, -1.074029074, 0.0 ], [ 119.620655301, -1.109593373, 0.0 ], [ 119.609675494, -1.125685221, 0.0 ], [ 119.619995548, -1.104295324, 0.0 ], [ 119.596781259, -1.072500073, 0.0 ], [ 119.631237884, -1.03607364, 0.0 ], [ 119.587187406, -0.99755321, 0.0 ], [ 119.591169478, -0.978211061, 0.0 ], [ 119.581685078, -0.985965385, 0.0 ], [ 119.568053117, -0.957026744, 0.0 ], [ 119.556032468, -0.962953752, 0.0 ], [ 119.573034624, -0.87966121, 0.0 ], [ 119.561178438, -0.849504181, 0.0 ], [ 119.61302389, -0.835294362, 0.0 ], [ 119.624878359, -0.797728038, 0.0 ], [ 119.682188911, -0.764536314, 0.0 ], [ 119.684127415, -0.738805038, 0.0 ], [ 119.660837691, -0.71679625, 0.0 ], [ 119.709443344, -0.684609852, 0.0 ], [ 119.727803149, -0.645521563, 0.0 ], [ 119.738571433, -0.649846764, 0.0 ] ] ], [ [ [ 119.903576963, -0.666399498, 0.0 ], [ 119.925553387, -0.699102433, 0.0 ], [ 119.877821368, -0.704640621, 0.0 ], [ 119.879820014, -0.671027489, 0.0 ], [ 119.903576963, -0.666399498, 0.0 ] ] ], [ [ [ 119.924186708, -0.724517508, 0.0 ], [ 119.927795088, -0.749087961, 0.0 ], [ 119.908163389, -0.755461315, 0.0 ], [ 119.876567766, -0.738244177, 0.0 ], [ 119.924186708, -0.724517508, 0.0 ] ] ], [ [ [ 119.944924138, -0.802589442, 0.0 ], [ 119.9017571, -0.80005746, 0.0 ], [ 119.900807881, -0.778012193, 0.0 ], [ 119.871155042, -0.765112097, 0.0 ], [ 119.946579947, -0.770149222, 0.0 ], [ 119.939252171, -0.785320421, 0.0 ], [ 119.956875332, -0.792331988, 0.0 ], [ 119.944924138, -0.802589442, 0.0 ] ] ], [ [ [ 119.603637634, -1.168998892, 0.0 ], [ 119.618122922, -1.181048212, 0.0 ], [ 119.605066, -1.233666, 0.0 ], [ 119.589206252, -1.216433275, 0.0 ], [ 119.608368709, -1.196283614, 0.0 ], [ 119.586002149, -1.201316998, 0.0 ], [ 119.609678963, -1.125702595, 0.0 ], [ 119.603637634, -1.168998892, 0.0 ] ] ], [ [ [ 119.587130376, -1.242977731, 0.0 ], [ 119.583027594, -1.252963311, 0.0 ], [ 119.581955521, -1.212073402, 0.0 ], [ 119.587130376, -1.242977731, 0.0 ] ] ], [ [ [ 119.575841239, -1.279920589, 0.0 ], [ 119.589429855, -1.321640015, 0.0 ], [ 119.573860775, -1.387590177, 0.0 ], [ 119.562729456, -1.38442062, 0.0 ], [ 119.546767721, -1.415312683, 0.0 ], [ 119.533693694, -1.409295648, 0.0 ], [ 119.509902172, -1.451290106, 0.0 ], [ 119.519878559, -1.410965022, 0.0 ], [ 119.508148636, -1.413328074, 0.0 ], [ 119.502165428, -1.392946513, 0.0 ], [ 119.47844824, -1.398331753, 0.0 ], [ 119.447939137, -1.340885452, 0.0 ], [ 119.464300352, -1.318633372, 0.0 ], [ 119.519499313, -1.315359949, 0.0 ], [ 119.52363352, -1.294413715, 0.0 ], [ 119.474581236, -1.303852878, 0.0 ], [ 119.496864646, -1.280954838, 0.0 ], [ 119.575841239, -1.279920589, 0.0 ] ] ] ] } },
{ "type": "Feature", "properties": { "id": 643, "pbph": null, "kph": null, "provinsi": null, "fungsi": "APL" }, "geometry": { "type": "MultiPolygon", "coordinates": [ [ [ [ 119.903576963, -0.666399498, 0.0 ], [ 119.879913682, -0.670910383, 0.0 ], [ 119.871788723, -0.698814423, 0.0 ], [ 119.928067898, -0.701280225, 0.0 ], [ 119.907630745, -0.731146106, 0.0 ], [ 119.877560912, -0.73428701, 0.0 ], [ 119.908163389, -0.755461315, 0.0 ], [ 119.872107411, -0.773571024, 0.0 ], [ 119.897305334, -0.774774927, 0.0 ], [ 119.9017571, -0.80005746, 0.0 ], [ 119.944603618, -0.801681648, 0.0 ], [ 119.916059543, -0.835842899, 0.0 ], [ 119.964511809, -0.884588966, 0.0 ], [ 119.946648722, -0.891690515, 0.0 ], [ 119.959045465, -0.908938346, 0.0 ], [ 119.928349638, -0.921531773, 0.0 ], [ 119.941801378, -0.936409694, 0.0 ], [ 119.931143083, -0.947455776, 0.0 ], [ 119.873959575, -0.923387249, 0.0 ], [ 119.83233372, -0.942530297, 0.0 ], [ 119.823036899, -0.870737078, 0.0 ], [ 119.793950487, -0.856775087, 0.0 ], [ 119.789392704, -0.821668377, 0.0 ], [ 119.80601806, -0.800789683, 0.0 ], [ 119.837833647, -0.880018781, 0.0 ], [ 119.86956019, -0.883140634, 0.0 ], [ 119.882618672, -0.822112218, 0.0 ], [ 119.857681921, -0.778215922, 0.0 ], [ 119.859342503, -0.708971302, 0.0 ], [ 119.843649411, -0.696951663, 0.0 ], [ 119.874491506, -0.659710125, 0.0 ], [ 119.903576963, -0.666399498, 0.0 ] ] ] ] } },
{ "type": "Feature", "properties": { "id": 644, "pbph": null, "kph": null, "provinsi": null, "fungsi": "APL" }, "geometry": { "type": "MultiPolygon", "coordinates": [ [ [ [ 122.108289241, -2.787134059, 0.0 ], [ 122.13966622, -2.789131931, 0.0 ], [ 122.184487831, -2.823608758, 0.0 ], [ 122.185909109, -2.878003254, 0.0 ], [ 122.20736584, -2.900664058, 0.0 ], [ 122.278218876, -2.886562039, 0.0 ], [ 122.320914643, -2.92031448, 0.0 ], [ 122.278863586, -2.998979551, 0.0 ], [ 122.25351815, -3.011482341, 0.0 ], [ 122.258500679, -3.036246683, 0.0 ], [ 122.335542902, -3.086443412, 0.0 ], [ 122.372487178, -3.141972068, 0.0 ], [ 122.426903031, -3.126762557, 0.0 ], [ 122.446575511, -3.163378699, 0.0 ], [ 122.464591663, -3.149756542, 0.0 ], [ 122.486747481, -3.180400935, 0.0 ], [ 122.431465149, -3.185775995, 0.0 ], [ 122.423649019, -3.212120232, 0.0 ], [ 122.410961077, -3.19637252, 0.0 ], [ 122.429065038, -3.173896705, 0.0 ], [ 122.421334253, -3.161492185, 0.0 ], [ 122.410882485, -3.152946246, 0.0 ], [ 122.398217643, -3.165109352, 0.0 ], [ 122.377579967, -3.146318692, 0.0 ], [ 122.321100888, -3.185165873, 0.0 ], [ 122.330525869, -3.232849176, 0.0 ], [ 122.310938115, -3.271651838, 0.0 ], [ 122.295667311, -3.226160443, 0.0 ], [ 122.313301635, -3.221101173, 0.0 ], [ 122.3015967, -3.211574885, 0.0 ], [ 122.312220001, -3.21724, 0.0 ], [ 122.32215694, -3.182471354, 0.0 ], [ 122.376619129, -3.146001584, 0.0 ], [ 122.332316279, -3.127238568, 0.0 ], [ 122.301926357, -3.061574477, 0.0 ], [ 122.26984961, -3.063358481, 0.0 ], [ 122.236821818, -3.02537317, 0.0 ], [ 122.229586521, -3.038704876, 0.0 ], [ 122.203095149, -3.03338813, 0.0 ], [ 122.198032587, -3.003265317, 0.0 ], [ 122.180999334, -3.001076037, 0.0 ], [ 122.184275471, -2.973110213, 0.0 ], [ 122.194883892, -2.993484267, 0.0 ], [ 122.254180905, -2.986738631, 0.0 ], [ 122.250209747, -2.963629231, 0.0 ], [ 122.267532349, -2.962793827, 0.0 ], [ 122.297786114, -2.910080192, 0.0 ], [ 122.265351591, -2.893045613, 0.0 ], [ 122.213559593, -2.914898052, 0.0 ], [ 122.164001465, -2.895182371, 0.0 ], [ 122.146324158, -2.90799117, 0.0 ], [ 122.145629884, -2.862710953, 0.0 ], [ 122.16137354, -2.841178772, 0.0 ], [ 122.145135173, -2.82660426, 0.0 ], [ 122.100198525, -2.836541469, 0.0 ], [ 122.133330601, -2.817783036, 0.0 ], [ 122.115753921, -2.818217268, 0.0 ], [ 122.078115331, -2.853851965, 0.0 ], [ 122.063524475, -2.846106819, 0.0 ], [ 122.086066355, -2.821551001, 0.0 ], [ 122.068163452, -2.774061671, 0.0 ], [ 121.993601301, -2.785978874, 0.0 ], [ 122.003575114, -2.771389554, 0.0 ], [ 121.977312373, -2.747649473, 0.0 ], [ 121.977760315, -2.714734077, 0.0 ], [ 121.907461992, -2.684305535, 0.0 ], [ 121.995806891, -2.667898505, 0.0 ], [ 121.963983872, -2.603733328, 0.0 ], [ 121.928339005, -2.574651718, 0.0 ], [ 121.935819626, -2.544927597, 0.0 ], [ 121.901613235, -2.536848068, 0.0 ], [ 121.88624382, -2.499534607, 0.0 ], [ 121.85417366, -2.49669075, 0.0 ], [ 121.858682632, -2.553655624, 0.0 ], [ 121.879793032, -2.584017414, 0.0 ], [ 121.822020592, -2.567038056, 0.0 ], [ 121.814882209, -2.558519586, 0.0 ], [ 121.838633602, -2.537998749, 0.0 ], [ 121.83403, -2.50965, 0.0 ], [ 121.817805311, -2.506071641, 0.0 ], [ 121.817117326, -2.528187438, 0.0 ], [ 121.803756058, -2.528285194, 0.0 ], [ 121.787445801, -2.46455644, 0.0 ], [ 121.77298324, -2.463590577, 0.0 ], [ 121.771243006, -2.439470852, 0.0 ], [ 121.755250687, -2.436060014, 0.0 ], [ 121.73095638, -2.389694267, 0.0 ], [ 121.679469998, -2.375957208, 0.0 ], [ 121.67411855, -2.411413438, 0.0 ], [ 121.621958768, -2.415402458, 0.0 ], [ 121.593419513, -2.356182432, 0.0 ], [ 121.549593029, -2.331954981, 0.0 ], [ 121.558925237, -2.269988205, 0.0 ], [ 121.543050766, -2.229362488, 0.0 ], [ 121.486683286, -2.223885646, 0.0 ], [ 121.485884855, -2.178691383, 0.0 ], [ 121.544063715, -2.149497772, 0.0 ], [ 121.559452991, -2.174237281, 0.0 ], [ 121.608314333, -2.186914104, 0.0 ], [ 121.669023085, -2.185503382, 0.0 ], [ 121.676394379, -2.172235511, 0.0 ], [ 121.722674511, -2.197737018, 0.0 ], [ 121.796217386, -2.288637287, 0.0 ], [ 121.824938841, -2.293697135, 0.0 ], [ 121.841010979, -2.347261214, 0.0 ], [ 121.967768323, -2.52872318, 0.0 ], [ 122.001086184, -2.628115311, 0.0 ], [ 122.035061265, -2.657767216, 0.0 ], [ 122.031832933, -2.673981005, 0.0 ], [ 122.009406252, -2.676157402, 0.0 ], [ 122.010140442, -2.718713185, 0.0 ], [ 122.059950196, -2.749881065, 0.0 ], [ 122.084931293, -2.788416305, 0.0 ], [ 122.108289241, -2.787134059, 0.0 ] ] ], [ [ [ 121.681114197, -2.431871175, 0.0 ], [ 121.679222107, -2.455892801, 0.0 ], [ 121.621391296, -2.474318742, 0.0 ], [ 121.628379822, -2.43097353, 0.0 ], [ 121.681114197, -2.431871175, 0.0 ] ] ], [ [ [ 121.92822327, -2.617206472, 0.0 ], [ 121.924247742, -2.644022703, 0.0 ], [ 121.886169434, -2.630284785, 0.0 ], [ 121.92822327, -2.617206472, 0.0 ] ] ], [ [ [ 121.845158629, -2.878936835, 0.0 ], [ 121.867040634, -2.954105377, 0.0 ], [ 121.887453079, -2.973150253, 0.0 ], [ 121.834820001, -2.97075, 0.0 ], [ 121.706853979, -2.91236224, 0.0 ], [ 121.71673584, -2.892915487, 0.0 ], [ 121.74357605, -2.893145323, 0.0 ], [ 121.739570618, -2.859955788, 0.0 ], [ 121.834640504, -2.863023281, 0.0 ], [ 121.845158629, -2.878936835, 0.0 ] ] ], [ [ [ 122.33715031, -3.004018798, 0.0 ], [ 122.360969732, -3.015417673, 0.0 ], [ 122.342755087, -3.022044294, 0.0 ], [ 122.315218963, -3.000347121, 0.0 ], [ 122.33715031, -3.004018798, 0.0 ] ] ], [ [ [ 122.409611877, -3.016831914, 0.0 ], [ 122.401568526, -3.026487794, 0.0 ], [ 122.426835474, -3.053085272, 0.0 ], [ 122.411922551, -3.061774801, 0.0 ], [ 122.388785072, -3.037596165, 0.0 ], [ 122.409611877, -3.016831914, 0.0 ] ] ], [ [ [ 122.385610861, -3.029781476, 0.0 ], [ 122.382218764, -3.043690834, 0.0 ], [ 122.357675865, -3.04008528, 0.0 ], [ 122.385610861, -3.029781476, 0.0 ] ] ], [ [ [ 122.511445511, -3.088857581, 0.0 ], [ 122.507436064, -3.069743143, 0.0 ], [ 122.497173836, -3.087267675, 0.0 ], [ 122.482056656, -3.080360459, 0.0 ], [ 122.487780668, -3.05886027, 0.0 ], [ 122.514466597, -3.064690308, 0.0 ], [ 122.511445511, -3.088857581, 0.0 ] ] ], [ [ [ 122.472204142, -3.059314773, 0.0 ], [ 122.481165395, -3.078542369, 0.0 ], [ 122.461026321, -3.06121732, 0.0 ], [ 122.472204142, -3.059314773, 0.0 ] ] ], [ [ [ 122.401548968, -3.31186511, 0.0 ], [ 122.406425106, -3.329559726, 0.0 ], [ 122.393594933, -3.331990702, 0.0 ], [ 122.401548968, -3.31186511, 0.0 ] ] ], [ [ [ 122.846974518, -3.353829765, 0.0 ], [ 122.848323474, -3.37748477, 0.0 ], [ 122.86285373, -3.373153119, 0.0 ], [ 122.857136496, -3.390824819, 0.0 ], [ 122.83825034, -3.364051902, 0.0 ], [ 122.846974518, -3.353829765, 0.0 ] ] ], [ [ [ 122.72628586, -3.354359124, 0.0 ], [ 122.707542708, -3.398780635, 0.0 ], [ 122.69829068, -3.390524564, 0.0 ], [ 122.72628586, -3.354359124, 0.0 ] ] ], [ [ [ 122.780298669, -3.360231308, 0.0 ], [ 122.783345039, -3.384178096, 0.0 ], [ 122.74969327, -3.385041433, 0.0 ], [ 122.743183345, -3.359734394, 0.0 ], [ 122.766575297, -3.381646205, 0.0 ], [ 122.780298669, -3.360231308, 0.0 ] ] ], [ [ [ 122.951250497, -3.380274083, 0.0 ], [ 122.962897703, -3.389513509, 0.0 ], [ 122.938642769, -3.392085317, 0.0 ], [ 122.951250497, -3.380274083, 0.0 ] ] ], [ [ [ 122.894289933, -3.3966067, 0.0 ], [ 122.89841653, -3.42359181, 0.0 ], [ 122.879088255, -3.444511741, 0.0 ], [ 122.870337972, -3.410469727, 0.0 ], [ 122.884781453, -3.433364736, 0.0 ], [ 122.894063988, -3.407559655, 0.0 ], [ 122.880792117, -3.404069732, 0.0 ], [ 122.894289933, -3.3966067, 0.0 ] ] ], [ [ [ 122.942534459, -3.404721946, 0.0 ], [ 122.952855372, -3.412807362, 0.0 ], [ 122.940742098, -3.421982014, 0.0 ], [ 122.942534459, -3.404721946, 0.0 ] ] ], [ [ [ 122.981577843, -3.447324602, 0.0 ], [ 123.001375521, -3.471869717, 0.0 ], [ 122.987532074, -3.496709759, 0.0 ], [ 122.994574063, -3.473547206, 0.0 ], [ 122.959383656, -3.457491896, 0.0 ], [ 122.981577843, -3.447324602, 0.0 ] ] ], [ [ [ 122.958605495, -3.499232213, 0.0 ], [ 122.951847894, -3.517642843, 0.0 ], [ 122.963704302, -3.499472386, 0.0 ], [ 122.964542715, -3.514635059, 0.0 ], [ 122.947508952, -3.518947404, 0.0 ], [ 122.958605495, -3.499232213, 0.0 ] ] ], [ [ [ 123.101040178, -3.503662946, 0.0 ], [ 123.057486681, -3.524684532, 0.0 ], [ 123.056771485, -3.513562466, 0.0 ], [ 123.101040178, -3.503662946, 0.0 ] ] ], [ [ [ 123.156731624, -3.620371015, 0.0 ], [ 123.145487489, -3.609366121, 0.0 ], [ 123.168912652, -3.607801116, 0.0 ], [ 123.126003743, -3.584630612, 0.0 ], [ 123.065188908, -3.586444709, 0.0 ], [ 123.056193192, -3.607425537, 0.0 ], [ 123.043056943, -3.592722607, 0.0 ], [ 123.155792415, -3.55651807, 0.0 ], [ 123.181992333, -3.612287528, 0.0 ], [ 123.156731624, -3.620371015, 0.0 ] ] ] ] } },
{ "type": "Feature", "properties": { "id": 645, "pbph": null, "kph": null, "provinsi": null, "fungsi": "APL" }, "geometry": { "type": "MultiPolygon", "coordinates": [ [ [ [ 121.876310814, -1.27523007, 0.0 ], [ 121.900776131, -1.297133312, 0.0 ], [ 121.860629985, -1.310931873, 0.0 ], [ 121.832023399, -1.301322881, 0.0 ], [ 121.861166266, -1.311425914, 0.0 ], [ 121.901109251, -1.29775514, 0.0 ], [ 121.897867124, -1.318567441, 0.0 ], [ 121.882288822, -1.313862207, 0.0 ], [ 121.867783851, -1.334025643, 0.0 ], [ 121.858611077, -1.320568477, 0.0 ], [ 121.812309265, -1.32574582, 0.0 ], [ 121.820329649, -1.299997485, 0.0 ], [ 121.876310814, -1.27523007, 0.0 ] ] ], [ [ [ 121.783313766, -1.392499638, 0.0 ], [ 121.7998227, -1.4271598, 0.0 ], [ 121.764907467, -1.451888223, 0.0 ], [ 121.67480031, -1.449699054, 0.0 ], [ 121.691177463, -1.416167088, 0.0 ], [ 121.7596822, -1.4090342, 0.0 ], [ 121.766182185, -1.388471825, 0.0 ], [ 121.783313766, -1.392499638, 0.0 ] ] ], [ [ [ 121.817411647, -1.445958694, 0.0 ], [ 121.829141979, -1.466722354, 0.0 ], [ 121.811380991, -1.456364101, 0.0 ], [ 121.817411647, -1.445958694, 0.0 ] ] ], [ [ [ 121.907330448, -1.450622505, 0.0 ], [ 121.952663361, -1.495397322, 0.0 ], [ 121.94137776, -1.510471705, 0.0 ], [ 121.890608784, -1.542875413, 0.0 ], [ 121.871848132, -1.524299894, 0.0 ], [ 121.828620911, -1.529113054, 0.0 ], [ 121.838737195, -1.491990991, 0.0 ], [ 121.872215271, -1.498147607, 0.0 ], [ 121.885154724, -1.473233104, 0.0 ], [ 121.876312256, -1.454154968, 0.0 ], [ 121.907330448, -1.450622505, 0.0 ] ] ], [ [ [ 121.759812791, -1.520347236, 0.0 ], [ 121.735123316, -1.513714991, 0.0 ], [ 121.765905052, -1.505181144, 0.0 ], [ 121.759812791, -1.520347236, 0.0 ] ] ], [ [ [ 121.746398551, -1.536285445, 0.0 ], [ 121.793420257, -1.540086302, 0.0 ], [ 121.811095756, -1.526846871, 0.0 ], [ 121.758590698, -1.572130203, 0.0 ], [ 121.741195679, -1.551800847, 0.0 ], [ 121.778617859, -1.54225266, 0.0 ], [ 121.746398551, -1.536285445, 0.0 ] ] ], [ [ [ 121.770935731, -1.596123264, 0.0 ], [ 121.744960714, -1.640703555, 0.0 ], [ 121.778448809, -1.673227049, 0.0 ], [ 121.842581673, -1.663237599, 0.0 ], [ 121.827710042, -1.642607672, 0.0 ], [ 121.854003086, -1.596850637, 0.0 ], [ 121.870822, -1.614031, 0.0 ], [ 121.864811777, -1.653526114, 0.0 ], [ 121.87987133, -1.680548888, 0.0 ], [ 121.884209171, -1.665407134, 0.0 ], [ 121.908943748, -1.67288953, 0.0 ], [ 121.899678395, -1.65172375, 0.0 ], [ 121.915038187, -1.649450211, 0.0 ], [ 121.918969691, -1.622275366, 0.0 ], [ 121.936898633, -1.63452502, 0.0 ], [ 121.965250894, -1.623233288, 0.0 ], [ 121.956707305, -1.599889554, 0.0 ], [ 122.034738595, -1.597023468, 0.0 ], [ 122.058111651, -1.617302709, 0.0 ], [ 122.030054237, -1.611556886, 0.0 ], [ 121.957320596, -1.679597306, 0.0 ], [ 121.923424089, -1.680105993, 0.0 ], [ 121.904141687, -1.701179439, 0.0 ], [ 121.888864876, -1.675202348, 0.0 ], [ 121.876742701, -1.687382244, 0.0 ], [ 121.861583614, -1.670359482, 0.0 ], [ 121.863454477, -1.706483795, 0.0 ], [ 121.886111017, -1.705866179, 0.0 ], [ 121.858378252, -1.70878409, 0.0 ], [ 121.847144845, -1.694822858, 0.0 ], [ 121.804990082, -1.732991823, 0.0 ], [ 121.806385797, -1.76285982, 0.0 ], [ 121.77939694, -1.798921837, 0.0 ], [ 121.682493, -1.797388, 0.0 ], [ 121.665122986, -1.758588671, 0.0 ], [ 121.676338196, -1.699303984, 0.0 ], [ 121.705336001, -1.724832866, 0.0 ], [ 121.724720695, -1.714681316, 0.0 ], [ 121.724665975, -1.741531576, 0.0 ], [ 121.737183466, -1.728692118, 0.0 ], [ 121.743662738, -1.750581868, 0.0 ], [ 121.75284648, -1.735548236, 0.0 ], [ 121.735253306, -1.685438715, 0.0 ], [ 121.7527, -1.665097, 0.0 ], [ 121.729429797, -1.651005555, 0.0 ], [ 121.734825134, -1.5936805, 0.0 ], [ 121.710708001, -1.56424, 0.0 ], [ 121.770935731, -1.596123264, 0.0 ] ] ], [ [ [ 121.193455968, -1.575066252, 0.0 ], [ 121.202833311, -1.623527754, 0.0 ], [ 121.222884268, -1.612407649, 0.0 ], [ 121.235111111, -1.626027778, 0.0 ], [ 121.222527816, -1.630166642, 0.0 ], [ 121.231083358, -1.649777798, 0.0 ], [ 121.218161305, -1.663479108, 0.0 ], [ 121.181055069, -1.631332397, 0.0 ], [ 121.154571272, -1.740120563, 0.0 ], [ 121.136351347, -1.71867295, 0.0 ], [ 121.055870019, -1.771592512, 0.0 ], [ 121.069129944, -1.723724841, 0.0 ], [ 121.083223297, -1.711645709, 0.0 ], [ 121.092136575, -1.721358548, 0.0 ], [ 121.106280451, -1.691257381, 0.0 ], [ 121.082906723, -1.700235366, 0.0 ], [ 121.136177732, -1.653376322, 0.0 ], [ 121.139931935, -1.610609784, 0.0 ], [ 121.119222094, -1.597257002, 0.0 ], [ 121.193455968, -1.575066252, 0.0 ] ] ], [ [ [ 121.254996416, -1.582269702, 0.0 ], [ 121.275803081, -1.61026761, 0.0 ], [ 121.268093627, -1.662092271, 0.0 ], [ 121.280990306, -1.646102293, 0.0 ], [ 121.318728557, -1.716819874, 0.0 ], [ 121.344569504, -1.721721563, 0.0 ], [ 121.329436132, -1.729526196, 0.0 ], [ 121.340286474, -1.748228759, 0.0 ], [ 121.303928311, -1.745325817, 0.0 ], [ 121.308947657, -1.797213194, 0.0 ], [ 121.298538537, -1.808461891, 0.0 ], [ 121.295672971, -1.781484686, 0.0 ], [ 121.283293185, -1.787237211, 0.0 ], [ 121.280431069, -1.849597411, 0.0 ], [ 121.288919121, -1.838802709, 0.0 ], [ 121.295882596, -1.856837025, 0.0 ], [ 121.327200464, -1.863971757, 0.0 ], [ 121.344795805, -1.843225729, 0.0 ], [ 121.34541417, -1.865314675, 0.0 ], [ 121.363141716, -1.874682715, 0.0 ], [ 121.333645143, -1.876161879, 0.0 ], [ 121.350087206, -1.897462342, 0.0 ], [ 121.332274715, -1.89901957, 0.0 ], [ 121.313059829, -1.92981504, 0.0 ], [ 121.351199238, -1.950211332, 0.0 ], [ 121.342844518, -2.005600625, 0.0 ], [ 121.381011048, -1.97636272, 0.0 ], [ 121.378165941, -1.919267789, 0.0 ], [ 121.393682741, -1.903961211, 0.0 ], [ 121.384273, -1.93809, 0.0 ], [ 121.396840823, -1.978452935, 0.0 ], [ 121.383942, -1.994157, 0.0 ], [ 121.426556575, -1.992965874, 0.0 ], [ 121.429391861, -1.967372894, 0.0 ], [ 121.412817603, -1.971657649, 0.0 ], [ 121.421238371, -1.952138822, 0.0 ], [ 121.452690915, -2.000153356, 0.0 ], [ 121.499103422, -2.026694264, 0.0 ], [ 121.496567854, -2.046182926, 0.0 ], [ 121.513858753, -2.057035327, 0.0 ], [ 121.529513351, -2.045461829, 0.0 ], [ 121.531226652, -2.069428136, 0.0 ], [ 121.534593818, -2.046340764, 0.0 ], [ 121.544573362, -2.109322019, 0.0 ], [ 121.542390351, -2.152119195, 0.0 ], [ 121.485884855, -2.178691383, 0.0 ], [ 121.482263566, -2.230430603, 0.0 ], [ 121.45661327, -2.206637147, 0.0 ], [ 121.477200365, -2.19492068, 0.0 ], [ 121.463827795, -2.203762757, 0.0 ], [ 121.44759493, -2.18919261, 0.0 ], [ 121.404485136, -2.243233271, 0.0 ], [ 121.398819196, -2.301600119, 0.0 ], [ 121.360498561, -2.29743001, 0.0 ], [ 121.340837479, -2.332000732, 0.0 ], [ 121.334167175, -2.321790412, 0.0 ], [ 121.31510617, -2.332559264, 0.0 ], [ 121.317896635, -2.387129791, 0.0 ], [ 121.28878195, -2.369331239, 0.0 ], [ 121.292257754, -2.334308692, 0.0 ], [ 121.272925332, -2.301231747, 0.0 ], [ 121.251801474, -2.330188753, 0.0 ], [ 121.235390858, -2.314998539, 0.0 ], [ 121.250232131, -2.310207118, 0.0 ], [ 121.244448471, -2.27613265, 0.0 ], [ 121.261568257, -2.272434687, 0.0 ], [ 121.251432339, -2.25236214, 0.0 ], [ 121.270909982, -2.2455972, 0.0 ], [ 121.212410827, -2.219226152, 0.0 ], [ 121.214507683, -2.180277362, 0.0 ], [ 121.188850197, -2.195618492, 0.0 ], [ 121.177422683, -2.161823573, 0.0 ], [ 121.192225383, -2.149002084, 0.0 ], [ 121.200890928, -2.161306929, 0.0 ], [ 121.192079955, -2.13941851, 0.0 ], [ 121.200771221, -2.156515063, 0.0 ], [ 121.212152517, -2.150681985, 0.0 ], [ 121.237000811, -2.112350664, 0.0 ], [ 121.270618634, -2.153718774, 0.0 ], [ 121.257078048, -2.114311029, 0.0 ], [ 121.306376069, -2.061627654, 0.0 ], [ 121.228225708, -2.006153822, 0.0 ], [ 121.227157593, -1.968153714, 0.0 ], [ 121.267613384, -1.980071642, 0.0 ], [ 121.242147681, -1.911508726, 0.0 ], [ 121.309099196, -1.974363327, 0.0 ], [ 121.299512863, -1.98884201, 0.0 ], [ 121.312265396, -2.023534775, 0.0 ], [ 121.327119827, -1.996490479, 0.0 ], [ 121.300407411, -1.919125795, 0.0 ], [ 121.32907238, -1.882045287, 0.0 ], [ 121.295598976, -1.860234073, 0.0 ], [ 121.279925683, -1.870811618, 0.0 ], [ 121.288146934, -1.752741693, 0.0 ], [ 121.277046204, -1.695014118, 0.0 ], [ 121.24319458, -1.644546866, 0.0 ], [ 121.244006459, -1.621862626, 0.0 ], [ 121.227417103, -1.614498212, 0.0 ], [ 121.248560783, -1.634645896, 0.0 ], [ 121.238235474, -1.5879668, 0.0 ], [ 121.254996416, -1.582269702, 0.0 ] ], [ [ 121.406876234, -2.079095704, 0.0 ], [ 121.371634087, -2.092105421, 0.0 ], [ 121.374808211, -2.114035728, 0.0 ], [ 121.397200208, -2.124308345, 0.0 ], [ 121.408165361, -2.11368946, 0.0 ], [ 121.431501389, -2.150009155, 0.0 ], [ 121.469801065, -2.150278444, 0.0 ], [ 121.455142385, -2.088873586, 0.0 ], [ 121.406876234, -2.079095704, 0.0 ] ], [ [ 121.366099188, -2.234493472, 0.0 ], [ 121.349588748, -2.254311676, 0.0 ], [ 121.314226683, -2.239941794, 0.0 ], [ 121.293898091, -2.254970309, 0.0 ], [ 121.318211376, -2.281680204, 0.0 ], [ 121.298806763, -2.292841391, 0.0 ], [ 121.307003527, -2.308902984, 0.0 ], [ 121.335868835, -2.311081886, 0.0 ], [ 121.372003531, -2.285869137, 0.0 ], [ 121.366099188, -2.234493472, 0.0 ] ] ], [ [ [ 121.065719109, -1.837346819, 0.0 ], [ 121.071248976, -1.895776863, 0.0 ], [ 121.063691808, -1.857410434, 0.0 ], [ 121.050498174, -1.853984011, 0.0 ], [ 121.065719109, -1.837346819, 0.0 ] ] ], [ [ [ 121.050027849, -1.912590025, 0.0 ], [ 121.088478088, -1.929638505, 0.0 ], [ 121.128090995, -1.921692694, 0.0 ], [ 121.122100831, -1.957477689, 0.0 ], [ 121.143922806, -2.005447388, 0.0 ], [ 121.129167557, -2.048307419, 0.0 ], [ 121.147298813, -2.065317154, 0.0 ], [ 121.163079262, -2.016531318, 0.0 ], [ 121.189346313, -2.01985526, 0.0 ], [ 121.171302795, -2.03046155, 0.0 ], [ 121.173093796, -2.09053421, 0.0 ], [ 121.138299942, -2.116542816, 0.0 ], [ 121.114850998, -2.120731354, 0.0 ], [ 121.105951309, -2.093629837, 0.0 ], [ 121.086263656, -2.088953018, 0.0 ], [ 121.07554117, -2.031970675, 0.0 ], [ 121.05601337, -2.056638181, 0.0 ], [ 121.054862908, -2.039165285, 0.0 ], [ 121.023766105, -2.100952841, 0.0 ], [ 121.001332893, -2.079247475, 0.0 ], [ 120.971143261, -2.090687441, 0.0 ], [ 120.962155975, -2.065944513, 0.0 ], [ 120.94150898, -2.09152409, 0.0 ], [ 120.873544136, -2.088861368, 0.0 ], [ 120.823277456, -2.052188658, 0.0 ], [ 120.889915974, -1.969867968, 0.0 ], [ 120.895587415, -2.004138965, 0.0 ], [ 120.921910549, -2.016231484, 0.0 ], [ 120.919350612, -2.02931627, 0.0 ], [ 120.940398283, -2.029549258, 0.0 ], [ 120.955241226, -1.966189716, 0.0 ], [ 120.93140107, -1.979452431, 0.0 ], [ 120.904994877, -1.950676762, 0.0 ], [ 120.933043523, -1.9086351, 0.0 ], [ 120.906744166, -1.882599286, 0.0 ], [ 120.953666798, -1.897763744, 0.0 ], [ 120.960448262, -1.868888983, 0.0 ], [ 120.990827792, -1.865400455, 0.0 ], [ 120.99626724, -1.834348489, 0.0 ], [ 121.026234948, -1.869343091, 0.0 ], [ 121.039031982, -1.843203306, 0.0 ], [ 121.050027849, -1.912590025, 0.0 ] ] ], [ [ [ 121.168543319, -1.898163125, 0.0 ], [ 121.167098999, -1.927871823, 0.0 ], [ 121.183403015, -1.915004133, 0.0 ], [ 121.188858032, -1.938044786, 0.0 ], [ 121.206916809, -1.928697704, 0.0 ], [ 121.203338623, -1.962939023, 0.0 ], [ 121.168846681, -1.952649154, 0.0 ], [ 121.155677795, -1.916209816, 0.0 ], [ 121.168543319, -1.898163125, 0.0 ] ] ], [ [ [ 121.378929801, -1.902831458, 0.0 ], [ 121.364440527, -1.922174001, 0.0 ], [ 121.364509204, -1.90481712, 0.0 ], [ 121.378929801, -1.902831458, 0.0 ] ] ], [ [ [ 121.55227066, -1.94441247, 0.0 ], [ 121.543389881, -1.929668312, 0.0 ], [ 121.56171493, -1.91000496, 0.0 ], [ 121.55227066, -1.94441247, 0.0 ] ] ], [ [ [ 121.444238481, -1.926881886, 0.0 ], [ 121.436253785, -1.948332932, 0.0 ], [ 121.439165245, -1.9175792, 0.0 ], [ 121.444238481, -1.926881886, 0.0 ] ] ] ] } },
{ "type": "Feature", "properties": { "id": 646, "pbph": null, "kph": null, "provinsi": null, "fungsi": "APL" }, "geometry": { "type": "MultiPolygon", "coordinates": [ [ [ [ 120.422422545, 0.6128001, 0.0 ], [ 120.409212, 0.599078, 0.0 ], [ 120.406906317, 0.614589993, 0.0 ], [ 120.389714058, 0.610425203, 0.0 ], [ 120.38726933, 0.641425264, 0.0 ], [ 120.422422545, 0.6128001, 0.0 ] ] ], [ [ [ 120.829453188, 0.580806269, 0.0 ], [ 120.819948196, 0.564447403, 0.0 ], [ 120.838924465, 0.526231828, 0.0 ], [ 120.828550303, 0.506860499, 0.0 ], [ 120.862787736, 0.504520573, 0.0 ], [ 120.890046821, 0.518106589, 0.0 ], [ 120.899441, 0.553232, 0.0 ], [ 120.946576708, 0.561606601, 0.0 ], [ 120.911758646, 0.589339418, 0.0 ], [ 120.921330983, 0.593834541, 0.0 ], [ 120.942746899, 0.577810172, 0.0 ], [ 120.961148586, 0.586425809, 0.0 ], [ 120.980803108, 0.557548954, 0.0 ], [ 121.009568662, 0.568092662, 0.0 ], [ 121.036684036, 0.52630806, 0.0 ], [ 121.061522044, 0.533329141, 0.0 ], [ 121.057951624, 0.510653865, 0.0 ], [ 121.098320291, 0.492706343, 0.0 ], [ 121.121314347, 0.520432487, 0.0 ], [ 121.161868726, 0.488725658, 0.0 ], [ 121.19383528, 0.495010879, 0.0 ], [ 121.222782606, 0.526738686, 0.0 ], [ 121.233207775, 0.510650318, 0.0 ], [ 121.33412451, 0.517411536, 0.0 ], [ 121.351555029, 0.492406191, 0.0 ], [ 121.336697118, 0.473817823, 0.0 ], [ 121.290448184, 0.496440542, 0.0 ], [ 121.258351642, 0.490811866, 0.0 ], [ 121.232441228, 0.45642727, 0.0 ], [ 121.174149262, 0.458867694, 0.0 ], [ 121.155401595, 0.413974019, 0.0 ], [ 121.080082321, 0.397813172, 0.0 ], [ 121.027661021, 0.44050613, 0.0 ], [ 120.936053053, 0.404051996, 0.0 ], [ 120.910103738, 0.40953121, 0.0 ], [ 120.907133141, 0.426075201, 0.0 ], [ 120.893033592, 0.412721185, 0.0 ], [ 120.891545898, 0.447702546, 0.0 ], [ 120.83368683, 0.446165681, 0.0 ], [ 120.81149292, 0.474964202, 0.0 ], [ 120.768264771, 0.462698609, 0.0 ], [ 120.693611145, 0.513919413, 0.0 ], [ 120.64656351, 0.521634707, 0.0 ], [ 120.507096014, 0.513484432, 0.0 ], [ 120.435893788, 0.465790411, 0.0 ], [ 120.410910835, 0.476932874, 0.0 ], [ 120.360424182, 0.4558829, 0.0 ], [ 120.303036595, 0.417844249, 0.0 ], [ 120.201243254, 0.263408597, 0.0 ], [ 120.135072806, 0.19214379, 0.0 ], [ 120.123623998, 0.16250761, 0.0 ], [ 120.134732218, 0.131753762, 0.0 ], [ 120.10575531, 0.094922844, 0.0 ], [ 120.095972844, -0.031916437, 0.0 ], [ 120.06545124, -0.060855853, 0.0 ], [ 120.034766283, -0.065069948, 0.0 ], [ 120.039734688, -0.141269107, 0.0 ], [ 120.008566998, -0.17832795, 0.0 ], [ 120.00822558, -0.285120257, 0.0 ], [ 120.030801594, -0.304026168, 0.0 ], [ 120.040771949, -0.391208326, 0.0 ], [ 120.073438059, -0.442193317, 0.0 ], [ 120.049146321, -0.492542714, 0.0 ], [ 120.058672376, -0.630561106, 0.0 ], [ 120.10971159, -0.73696244, 0.0 ], [ 120.133199504, -0.774462615, 0.0 ], [ 120.174935778, -0.798855697, 0.0 ], [ 120.188558853, -0.839449375, 0.0 ], [ 120.221009559, -0.84519507, 0.0 ], [ 120.310489956, -0.966120742, 0.0 ], [ 120.346912789, -0.956673735, 0.0 ], [ 120.371824319, -0.927645914, 0.0 ], [ 120.406476719, -0.923313405, 0.0 ], [ 120.460679251, -0.993509875, 0.0 ], [ 120.508134697, -0.99786207, 0.0 ], [ 120.58132119, -1.10716093, 0.0 ], [ 120.564593859, -1.118146188, 0.0 ], [ 120.531579258, -1.081156956, 0.0 ], [ 120.541612045, -1.109019563, 0.0 ], [ 120.5265427, -1.132875813, 0.0 ], [ 120.451842595, -1.065942355, 0.0 ], [ 120.426936817, -1.073016077, 0.0 ], [ 120.403357173, -1.052002923, 0.0 ], [ 120.349427135, -1.050759765, 0.0 ], [ 120.265002181, -0.983213185, 0.0 ], [ 120.204813642, -0.960460285, 0.0 ], [ 120.204688523, -0.924951143, 0.0 ], [ 120.175172806, -0.910795212, 0.0 ], [ 120.147203445, -0.868429184, 0.0 ], [ 120.153505325, -0.856575012, 0.0 ], [ 120.107866287, -0.821073532, 0.0 ], [ 120.106510842, -0.772335208, 0.0 ], [ 120.07976532, -0.754673897, 0.0 ], [ 120.079130854, -0.723612843, 0.0 ], [ 120.054394079, -0.70560075, 0.0 ], [ 120.070764618, -0.694332576, 0.0 ], [ 120.055007098, -0.682285967, 0.0 ], [ 120.067769949, -0.681998241, 0.0 ], [ 120.067645694, -0.662330389, 0.0 ], [ 120.049555869, -0.631818205, 0.0 ], [ 120.036659001, -0.63364009, 0.0 ], [ 120.029205882, -0.585488032, 0.0 ], [ 120.004400412, -0.5590449, 0.0 ], [ 120.024657847, -0.520782035, 0.0 ], [ 119.994042497, -0.526941308, 0.0 ], [ 120.00441351, -0.506254166, 0.0 ], [ 119.993939815, -0.510958529, 0.0 ], [ 119.988176073, -0.488513114, 0.0 ], [ 119.974433546, -0.494280051, 0.0 ], [ 119.986796842, -0.456590947, 0.0 ], [ 119.976994572, -0.436304602, 0.0 ], [ 120.004462019, -0.40541825, 0.0 ], [ 119.999840284, -0.386980998, 0.0 ], [ 119.982622935, -0.385621195, 0.0 ], [ 119.973197265, -0.340487245, 0.0 ], [ 119.951255844, -0.339295526, 0.0 ], [ 119.960128223, -0.316787856, 0.0 ], [ 119.985279988, -0.313116431, 0.0 ], [ 119.98493159, -0.276986227, 0.0 ], [ 119.969289564, -0.255821584, 0.0 ], [ 119.955816277, -0.274084149, 0.0 ], [ 119.940833592, -0.252676102, 0.0 ], [ 119.980525741, -0.234795114, 0.0 ], [ 119.981976587, -0.198776856, 0.0 ], [ 119.950216193, -0.169054252, 0.0 ], [ 119.963636353, -0.159679175, 0.0 ], [ 119.929895596, -0.153492578, 0.0 ], [ 119.937367104, -0.123059272, 0.0 ], [ 119.907266922, -0.134552069, 0.0 ], [ 119.939394098, -0.110787522, 0.0 ], [ 119.935172615, -0.087591226, 0.0 ], [ 119.950153871, -0.094561862, 0.0 ], [ 119.941077408, -0.054633963, 0.0 ], [ 119.982901454, -0.045710601, 0.0 ], [ 119.979757201, -0.021356713, 0.0 ], [ 120.017538023, -0.022641619, 0.0 ], [ 120.055265101, 0.004622344, 0.0 ], [ 120.079355131, 0.059641708, 0.0 ], [ 120.057822232, 0.141716566, 0.0 ], [ 120.124513626, 0.235376358, 0.0 ], [ 120.165933609, 0.258611679, 0.0 ], [ 120.140134811, 0.292482376, 0.0 ], [ 120.144777298, 0.307455063, 0.0 ], [ 120.201960594, 0.318989444, 0.0 ], [ 120.182429978, 0.352311416, 0.0 ], [ 120.216480065, 0.334643918, 0.0 ], [ 120.238469706, 0.345969855, 0.0 ], [ 120.218034419, 0.375054007, 0.0 ], [ 120.238497783, 0.397986062, 0.0 ], [ 120.215123, 0.435545, 0.0 ], [ 120.221185684, 0.449117661, 0.0 ], [ 120.197538376, 0.449834824, 0.0 ], [ 120.198318, 0.467014, 0.0 ], [ 120.220491409, 0.4786129, 0.0 ], [ 120.25079, 0.476108, 0.0 ], [ 120.250674046, 0.460651088, 0.0 ], [ 120.275785446, 0.466619492, 0.0 ], [ 120.295846939, 0.480199814, 0.0 ], [ 120.281820297, 0.485593796, 0.0 ], [ 120.289075851, 0.497224808, 0.0 ], [ 120.312421678, 0.495121593, 0.0 ], [ 120.323656176, 0.467342802, 0.0 ], [ 120.324593344, 0.497337737, 0.0 ], [ 120.354494945, 0.49609468, 0.0 ], [ 120.346506834, 0.520351469, 0.0 ], [ 120.380860763, 0.518009678, 0.0 ], [ 120.374762833, 0.541704769, 0.0 ], [ 120.42717, 0.559309, 0.0 ], [ 120.457426001, 0.562182, 0.0 ], [ 120.442891911, 0.548224086, 0.0 ], [ 120.45042, 0.526976, 0.0 ], [ 120.487031189, 0.504728317, 0.0 ], [ 120.54106389, 0.555013889, 0.0 ], [ 120.595451696, 0.540218824, 0.0 ], [ 120.614599838, 0.572741642, 0.0 ], [ 120.62818156, 0.555931655, 0.0 ], [ 120.670999199, 0.561102322, 0.0 ], [ 120.673360725, 0.577350366, 0.0 ], [ 120.698040231, 0.58162847, 0.0 ], [ 120.677238473, 0.595850762, 0.0 ], [ 120.716966071, 0.586940684, 0.0 ], [ 120.759395237, 0.624809013, 0.0 ], [ 120.814440491, 0.622481733, 0.0 ], [ 120.823404455, 0.595952397, 0.0 ], [ 120.805991703, 0.586469387, 0.0 ], [ 120.829453188, 0.580806269, 0.0 ] ], [ [ 120.454673767, -1.002080441, 0.0 ], [ 120.408439636, -0.968939005, 0.0 ], [ 120.482803345, -1.059404611, 0.0 ], [ 120.454673767, -1.002080441, 0.0 ] ] ], [ [ [ 120.401335858, 0.584890138, 0.0 ], [ 120.405359268, 0.571882248, 0.0 ], [ 120.393262863, 0.572248459, 0.0 ], [ 120.401335858, 0.584890138, 0.0 ] ] ], [ [ [ 120.362467574, -1.182212177, 0.0 ], [ 120.343381721, -1.167484966, 0.0 ], [ 120.369350595, -1.150758036, 0.0 ], [ 120.362467574, -1.182212177, 0.0 ] ] ] ] } },
{ "type": "Feature", "properties": { "id": 647, "pbph": null, "kph": null, "provinsi": null, "fungsi": "APL" }, "geometry": { "type": "MultiPolygon", "coordinates": [ [ [ [ 120.887655366, -1.410980405, 0.0 ], [ 120.888705874, -1.482354983, 0.0 ], [ 120.845634571, -1.448774067, 0.0 ], [ 120.821545001, -1.472505, 0.0 ], [ 120.828753041, -1.514042652, 0.0 ], [ 120.81107645, -1.540809596, 0.0 ], [ 120.761627, -1.55572, 0.0 ], [ 120.765487591, -1.512349455, 0.0 ], [ 120.741195194, -1.532961489, 0.0 ], [ 120.749163396, -1.558153405, 0.0 ], [ 120.729898131, -1.57043553, 0.0 ], [ 120.717039674, -1.62446725, 0.0 ], [ 120.703275142, -1.62228685, 0.0 ], [ 120.718426517, -1.634570855, 0.0 ], [ 120.703326086, -1.64890816, 0.0 ], [ 120.735908508, -1.664893149, 0.0 ], [ 120.721435547, -1.681632042, 0.0 ], [ 120.733024597, -1.702196359, 0.0 ], [ 120.721932906, -1.768948788, 0.0 ], [ 120.70384323, -1.771412659, 0.0 ], [ 120.695868535, -1.797292805, 0.0 ], [ 120.70119945, -1.818459178, 0.0 ], [ 120.679083373, -1.812213082, 0.0 ], [ 120.696806488, -1.775487529, 0.0 ], [ 120.682906469, -1.751750014, 0.0 ], [ 120.645243896, -1.79474806, 0.0 ], [ 120.641486725, -1.844850877, 0.0 ], [ 120.662105979, -1.854170164, 0.0 ], [ 120.685525875, -1.911688349, 0.0 ], [ 120.677566779, -1.944035108, 0.0 ], [ 120.706658637, -1.981641962, 0.0 ], [ 120.703794105, -1.999105257, 0.0 ], [ 120.735043477, -2.016481989, 0.0 ], [ 120.728773117, -2.03074646, 0.0 ], [ 120.795564974, -2.01948866, 0.0 ], [ 120.753773759, -1.976789543, 0.0 ], [ 120.755454031, -1.959969986, 0.0 ], [ 120.78302002, -1.946036816, 0.0 ], [ 120.775767453, -1.879789509, 0.0 ], [ 120.805833011, -1.877808901, 0.0 ], [ 120.781702978, -1.845974405, 0.0 ], [ 120.880110464, -1.92182779, 0.0 ], [ 120.889915974, -1.969867968, 0.0 ], [ 120.821900268, -2.054144333, 0.0 ], [ 120.822872336, -2.020143105, 0.0 ], [ 120.810435028, -2.017230539, 0.0 ], [ 120.744842138, -2.050549003, 0.0 ], [ 120.764532866, -2.066954395, 0.0 ], [ 120.750434472, -2.111464119, 0.0 ], [ 120.768613453, -2.162226112, 0.0 ], [ 120.76525148, -2.181671007, 0.0 ], [ 120.747721886, -2.18425183, 0.0 ], [ 120.759525444, -2.201530359, 0.0 ], [ 120.746635454, -2.187844135, 0.0 ], [ 120.738537167, -2.208641305, 0.0 ], [ 120.658351976, -2.12527028, 0.0 ], [ 120.614688868, -2.056194529, 0.0 ], [ 120.613283236, -2.024287707, 0.0 ], [ 120.585778417, -2.027236488, 0.0 ], [ 120.557058323, -1.984239629, 0.0 ], [ 120.576087922, -1.976977388, 0.0 ], [ 120.610408804, -1.999440223, 0.0 ], [ 120.638407434, -2.067470451, 0.0 ], [ 120.65962616, -2.075658333, 0.0 ], [ 120.698631344, -2.059205051, 0.0 ], [ 120.710507923, -2.025307741, 0.0 ], [ 120.67557839, -1.970554921, 0.0 ], [ 120.666521355, -1.887135733, 0.0 ], [ 120.631314467, -1.833437509, 0.0 ], [ 120.638243883, -1.769369737, 0.0 ], [ 120.590078658, -1.792037375, 0.0 ], [ 120.534579032, -1.787813998, 0.0 ], [ 120.528273107, -1.908330762, 0.0 ], [ 120.5507534, -1.922940539, 0.0 ], [ 120.546656188, -1.935919827, 0.0 ], [ 120.542448433, -1.925276586, 0.0 ], [ 120.516759957, -1.93749337, 0.0 ], [ 120.517699786, -1.904748321, 0.0 ], [ 120.495506574, -1.919310563, 0.0 ], [ 120.494911585, -1.940413871, 0.0 ], [ 120.481573944, -1.929332308, 0.0 ], [ 120.501840246, -1.885891227, 0.0 ], [ 120.472775219, -1.916161136, 0.0 ], [ 120.46417797, -1.868292057, 0.0 ], [ 120.481969718, -1.844568455, 0.0 ], [ 120.476362113, -1.813781941, 0.0 ], [ 120.496828826, -1.797836201, 0.0 ], [ 120.480475124, -1.793819897, 0.0 ], [ 120.39964438, -1.801081907, 0.0 ], [ 120.348671307, -1.829638937, 0.0 ], [ 120.311223607, -1.862799532, 0.0 ], [ 120.320808452, -1.930650344, 0.0 ], [ 120.274968325, -1.965142134, 0.0 ], [ 120.199401855, -1.953476548, 0.0 ], [ 120.1898787, -1.918906538, 0.0 ], [ 120.225112117, -1.918520549, 0.0 ], [ 120.213571548, -1.87336731, 0.0 ], [ 120.191083908, -1.897996902, 0.0 ], [ 120.171792984, -1.896318436, 0.0 ], [ 120.177612176, -1.930990072, 0.0 ], [ 120.159218234, -1.916869396, 0.0 ], [ 120.147609637, -1.885606021, 0.0 ], [ 120.168836981, -1.853309253, 0.0 ], [ 120.202914709, -1.876303466, 0.0 ], [ 120.247600805, -1.844041999, 0.0 ], [ 120.309122335, -1.831887367, 0.0 ], [ 120.317614871, -1.814152983, 0.0 ], [ 120.3171153, -1.864995416, 0.0 ], [ 120.378000789, -1.807309019, 0.0 ], [ 120.497686271, -1.797514164, 0.0 ], [ 120.530708427, -1.739868118, 0.0 ], [ 120.58865695, -1.722490369, 0.0 ], [ 120.602257915, -1.763444348, 0.0 ], [ 120.623632831, -1.755983558, 0.0 ], [ 120.614352052, -1.728196715, 0.0 ], [ 120.63587342, -1.709434777, 0.0 ], [ 120.614044061, -1.660258953, 0.0 ], [ 120.676595567, -1.605882519, 0.0 ], [ 120.698829651, -1.613614202, 0.0 ], [ 120.717299221, -1.578936611, 0.0 ], [ 120.702974866, -1.555736867, 0.0 ], [ 120.724158474, -1.536957513, 0.0 ], [ 120.703260401, -1.531561542, 0.0 ], [ 120.701856519, -1.512882774, 0.0 ], [ 120.716513999, -1.48328228, 0.0 ], [ 120.74708189, -1.476131543, 0.0 ], [ 120.735646907, -1.457202539, 0.0 ], [ 120.725308753, -1.465663488, 0.0 ], [ 120.734211487, -1.446672456, 0.0 ], [ 120.716584787, -1.460119635, 0.0 ], [ 120.735173399, -1.424329392, 0.0 ], [ 120.689524827, -1.427897027, 0.0 ], [ 120.705190989, -1.453463498, 0.0 ], [ 120.689447886, -1.46118314, 0.0 ], [ 120.677834742, -1.444790228, 0.0 ], [ 120.675567258, -1.489531789, 0.0 ], [ 120.635516944, -1.508228062, 0.0 ], [ 120.648532855, -1.52881408, 0.0 ], [ 120.634688762, -1.560346566, 0.0 ], [ 120.648656584, -1.577254314, 0.0 ], [ 120.613717244, -1.581720926, 0.0 ], [ 120.598888996, -1.605618437, 0.0 ], [ 120.575583292, -1.579146882, 0.0 ], [ 120.514768245, -1.610655856, 0.0 ], [ 120.461077745, -1.573431129, 0.0 ], [ 120.431490461, -1.592242968, 0.0 ], [ 120.403431001, -1.580125, 0.0 ], [ 120.402961735, -1.592692974, 0.0 ], [ 120.397355438, -1.578712094, 0.0 ], [ 120.391288752, -1.599736574, 0.0 ], [ 120.359607501, -1.599536646, 0.0 ], [ 120.36465388, -1.626316741, 0.0 ], [ 120.343287434, -1.642539861, 0.0 ], [ 120.365055023, -1.678092111, 0.0 ], [ 120.318081404, -1.689603516, 0.0 ], [ 120.306879638, -1.659724546, 0.0 ], [ 120.280236746, -1.644602503, 0.0 ], [ 120.293494656, -1.626745901, 0.0 ], [ 120.269749082, -1.597304961, 0.0 ], [ 120.240869891, -1.59918711, 0.0 ], [ 120.237146315, -1.568065933, 0.0 ], [ 120.259568576, -1.568560882, 0.0 ], [ 120.259309351, -1.589963026, 0.0 ], [ 120.286450406, -1.600207815, 0.0 ], [ 120.318550686, -1.59129107, 0.0 ], [ 120.314389539, -1.46853722, 0.0 ], [ 120.287414551, -1.389951229, 0.0 ], [ 120.293066742, -1.372345079, 0.0 ], [ 120.317458865, -1.379708378, 0.0 ], [ 120.311516811, -1.354365591, 0.0 ], [ 120.33554976, -1.363645489, 0.0 ], [ 120.322083869, -1.345086163, 0.0 ], [ 120.332025044, -1.337947454, 0.0 ], [ 120.228235882, -1.27657354, 0.0 ], [ 120.214805244, -1.256490908, 0.0 ], [ 120.222876159, -1.235878381, 0.0 ], [ 120.288183934, -1.316997795, 0.0 ], [ 120.332474081, -1.337891462, 0.0 ], [ 120.366769363, -1.317780073, 0.0 ], [ 120.359476108, -1.355305243, 0.0 ], [ 120.346319836, -1.350127367, 0.0 ], [ 120.317372847, -1.385833479, 0.0 ], [ 120.356460304, -1.395042587, 0.0 ], [ 120.374885761, -1.43430605, 0.0 ], [ 120.421942499, -1.437778644, 0.0 ], [ 120.431965464, -1.471325721, 0.0 ], [ 120.413678708, -1.485453056, 0.0 ], [ 120.433143621, -1.524203894, 0.0 ], [ 120.425498964, -1.537227628, 0.0 ], [ 120.437088, -1.535370829, 0.0 ], [ 120.422078895, -1.537759529, 0.0 ], [ 120.417530001, -1.570469, 0.0 ], [ 120.403968814, -1.569493889, 0.0 ], [ 120.42065526, -1.591398211, 0.0 ], [ 120.461172423, -1.572982451, 0.0 ], [ 120.514723463, -1.610194569, 0.0 ], [ 120.568883396, -1.591042117, 0.0 ], [ 120.590114483, -1.551747007, 0.0 ], [ 120.624665568, -1.547827508, 0.0 ], [ 120.614768419, -1.50758735, 0.0 ], [ 120.574638429, -1.519625601, 0.0 ], [ 120.596067739, -1.412023207, 0.0 ], [ 120.574283474, -1.356959913, 0.0 ], [ 120.579350821, -1.326816683, 0.0 ], [ 120.534074879, -1.284448389, 0.0 ], [ 120.53064606, -1.269074998, 0.0 ], [ 120.546627627, -1.266788441, 0.0 ], [ 120.536462319, -1.2580932, 0.0 ], [ 120.506546681, -1.275415897, 0.0 ], [ 120.501189116, -1.26439608, 0.0 ], [ 120.540945848, -1.248765476, 0.0 ], [ 120.539142055, -1.227505403, 0.0 ], [ 120.515845015, -1.212564118, 0.0 ], [ 120.55233262, -1.196098277, 0.0 ], [ 120.538332829, -1.137308386, 0.0 ], [ 120.552885563, -1.151394439, 0.0 ], [ 120.571816304, -1.131919033, 0.0 ], [ 120.569891968, -1.109365376, 0.0 ], [ 120.5860938, -1.111847, 0.0 ], [ 120.593840861, -1.167737763, 0.0 ], [ 120.571429773, -1.199111706, 0.0 ], [ 120.571275833, -1.256285769, 0.0 ], [ 120.639524374, -1.311300133, 0.0 ], [ 120.643360394, -1.363586198, 0.0 ], [ 120.675034596, -1.414422062, 0.0 ], [ 120.694045422, -1.419176416, 0.0 ], [ 120.723104964, -1.388229071, 0.0 ], [ 120.750000005, -1.388930645, 0.0 ], [ 120.765863035, -1.364845974, 0.0 ], [ 120.787469261, -1.372815937, 0.0 ], [ 120.80534216, -1.351422724, 0.0 ], [ 120.84400916, -1.358795527, 0.0 ], [ 120.846679421, -1.40422597, 0.0 ], [ 120.887655366, -1.410980405, 0.0 ] ] ], [ [ [ 120.773322262, -1.637054113, 0.0 ], [ 120.766340308, -1.675937016, 0.0 ], [ 120.778848559, -1.700832089, 0.0 ], [ 120.76764023, -1.709650314, 0.0 ], [ 120.750915527, -1.675859451, 0.0 ], [ 120.753712897, -1.649815653, 0.0 ], [ 120.773322262, -1.637054113, 0.0 ] ] ], [ [ [ 120.204629048, -1.66903827, 0.0 ], [ 120.246505698, -1.687241232, 0.0 ], [ 120.278818414, -1.737363332, 0.0 ], [ 120.218128758, -1.740275804, 0.0 ], [ 120.191542595, -1.725890546, 0.0 ], [ 120.204629048, -1.66903827, 0.0 ] ] ], [ [ [ 120.755512176, -1.768646516, 0.0 ], [ 120.74744034, -1.778406232, 0.0 ], [ 120.743696849, -1.766887023, 0.0 ], [ 120.755512176, -1.768646516, 0.0 ] ] ], [ [ [ 120.768714684, -1.799600426, 0.0 ], [ 120.792725967, -1.841761507, 0.0 ], [ 120.766721674, -1.804719711, 0.0 ], [ 120.749351502, -1.813457846, 0.0 ], [ 120.750076294, -1.798640728, 0.0 ], [ 120.768714684, -1.799600426, 0.0 ] ] ], [ [ [ 120.113820686, -1.798660369, 0.0 ], [ 120.111201141, -1.831252816, 0.0 ], [ 120.099799425, -1.828426726, 0.0 ], [ 120.091170385, -1.817444936, 0.0 ], [ 120.113820686, -1.798660369, 0.0 ] ] ], [ [ [ 120.938422008, -1.884167404, 0.0 ], [ 120.905384923, -1.884055498, 0.0 ], [ 120.933043523, -1.9086351, 0.0 ], [ 120.903166611, -1.950501263, 0.0 ], [ 120.89230563, -1.907185637, 0.0 ], [ 120.873377677, -1.90075359, 0.0 ], [ 120.876013778, -1.872704356, 0.0 ], [ 120.906666, -1.881171, 0.0 ], [ 120.916768496, -1.860836887, 0.0 ], [ 120.938422008, -1.884167404, 0.0 ] ] ] ] } },
{ "type": "Feature", "properties": { "id": 648, "pbph": null, "kph": null, "provinsi": null, "fungsi": "APL" }, "geometry": { "type": "MultiPolygon", "coordinates": [ [ [ [ 119.954238531, -0.914877876, 0.0 ], [ 119.968726702, -0.917117296, 0.0 ], [ 119.957867473, -0.939353315, 0.0 ], [ 119.990355589, -0.977178715, 0.0 ], [ 120.025759732, -0.921821095, 0.0 ], [ 120.05067953, -0.9292573, 0.0 ], [ 120.036147712, -0.940610284, 0.0 ], [ 120.052836597, -0.95258768, 0.0 ], [ 120.022978251, -1.0006108, 0.0 ], [ 119.986421644, -0.996466962, 0.0 ], [ 119.967360826, -1.020894996, 0.0 ], [ 119.974524, -1.065205, 0.0 ], [ 120.027480029, -1.077195826, 0.0 ], [ 120.042990987, -1.12471579, 0.0 ], [ 120.066722454, -1.125220138, 0.0 ], [ 120.079391479, -1.084458471, 0.0 ], [ 120.079419, -1.106195, 0.0 ], [ 120.0938175, -1.110837249, 0.0 ], [ 120.091865705, -1.088092742, 0.0 ], [ 120.112037661, -1.07624066, 0.0 ], [ 120.086456672, -1.128323692, 0.0 ], [ 120.101961157, -1.146792743, 0.0 ], [ 120.11917305, -1.149171829, 0.0 ], [ 120.135778427, -1.12714386, 0.0 ], [ 120.1789608, -1.182832718, 0.0 ], [ 120.218196807, -1.176554306, 0.0 ], [ 120.225118498, -1.152442896, 0.0 ], [ 120.25988764, -1.160318697, 0.0 ], [ 120.277206725, -1.184311667, 0.0 ], [ 120.274256192, -1.196494508, 0.0 ], [ 120.236764311, -1.193595045, 0.0 ], [ 120.222743824, -1.212787179, 0.0 ], [ 120.189451218, -1.176364899, 0.0 ], [ 120.184366509, -1.216626032, 0.0 ], [ 120.116590358, -1.188237253, 0.0 ], [ 120.058776194, -1.198954307, 0.0 ], [ 120.025338111, -1.13540983, 0.0 ], [ 119.985175444, -1.11457521, 0.0 ], [ 119.968544203, -1.080805902, 0.0 ], [ 119.935612897, -1.074325764, 0.0 ], [ 119.941038013, -1.165739435, 0.0 ], [ 119.967119492, -1.197839714, 0.0 ], [ 119.980271689, -1.381078816, 0.0 ], [ 120.011251434, -1.375695844, 0.0 ], [ 120.028693894, -1.325200501, 0.0 ], [ 120.073292773, -1.273645858, 0.0 ], [ 120.079264897, -1.285860379, 0.0 ], [ 120.050619743, -1.33154383, 0.0 ], [ 120.067361753, -1.355049531, 0.0 ], [ 120.099841428, -1.334377531, 0.0 ], [ 120.1077102, -1.298273205, 0.0 ], [ 120.165353247, -1.309855172, 0.0 ], [ 120.138095181, -1.370622029, 0.0 ], [ 120.088801549, -1.396175118, 0.0 ], [ 120.080508649, -1.379866139, 0.0 ], [ 120.059829246, -1.389798582, 0.0 ], [ 120.006104301, -1.367812085, 0.0 ], [ 119.981024197, -1.381605571, 0.0 ], [ 120.014277173, -1.510654013, 0.0 ], [ 120.041265761, -1.492055223, 0.0 ], [ 120.038837239, -1.525869279, 0.0 ], [ 120.050548196, -1.50687153, 0.0 ], [ 120.066653411, -1.514060108, 0.0 ], [ 120.046032679, -1.543363568, 0.0 ], [ 120.029342336, -1.528843636, 0.0 ], [ 120.026673159, -1.555418668, 0.0 ], [ 120.03467993, -1.601700327, 0.0 ], [ 120.044982928, -1.580995238, 0.0 ], [ 120.069076342, -1.602015071, 0.0 ], [ 120.048483866, -1.643046293, 0.0 ], [ 120.06959349, -1.672575447, 0.0 ], [ 120.085353738, -1.773244101, 0.0 ], [ 120.098042188, -1.765257173, 0.0 ], [ 120.114628066, -1.797310349, 0.0 ], [ 120.097200537, -1.825193915, 0.0 ], [ 120.077139884, -1.762452509, 0.0 ], [ 120.050439835, -1.771375656, 0.0 ], [ 120.034700394, -1.750484467, 0.0 ], [ 120.053602219, -1.713979721, 0.0 ], [ 120.04180336, -1.682090759, 0.0 ], [ 119.995419551, -1.696187272, 0.0 ], [ 119.96689, -1.663014, 0.0 ], [ 119.977508, -1.630298, 0.0 ], [ 120.00406698, -1.641652575, 0.0 ], [ 120.018442362, -1.623551637, 0.0 ], [ 120.006490834, -1.597160744, 0.0 ], [ 120.015696642, -1.583133419, 0.0 ], [ 120.002052385, -1.576193214, 0.0 ], [ 120.016115527, -1.56791898, 0.0 ], [ 120.011323111, -1.551073183, 0.0 ], [ 119.991802737, -1.538903541, 0.0 ], [ 119.951398867, -1.585050472, 0.0 ], [ 119.925397376, -1.559077026, 0.0 ], [ 119.954362346, -1.528428588, 0.0 ], [ 119.950471473, -1.506973244, 0.0 ], [ 119.932375627, -1.506610398, 0.0 ], [ 119.94827038, -1.474896701, 0.0 ], [ 119.930531047, -1.45905489, 0.0 ], [ 119.954751014, -1.414940408, 0.0 ], [ 119.939628443, -1.370233732, 0.0 ], [ 119.901790513, -1.375007355, 0.0 ], [ 119.899979437, -1.350082577, 0.0 ], [ 119.876722045, -1.35241326, 0.0 ], [ 119.894667605, -1.337462847, 0.0 ], [ 119.894420475, -1.313493784, 0.0 ], [ 119.914557495, -1.30808383, 0.0 ], [ 119.909372876, -1.274279065, 0.0 ], [ 119.924668502, -1.259720758, 0.0 ], [ 119.903435288, -1.248509466, 0.0 ], [ 119.887707547, -1.21099405, 0.0 ], [ 119.876163846, -1.128666815, 0.0 ], [ 119.867425661, -1.10392084, 0.0 ], [ 119.853350952, -1.103583177, 0.0 ], [ 119.867361864, -1.100908355, 0.0 ], [ 119.86174962, -1.080732084, 0.0 ], [ 119.839994192, -1.078500025, 0.0 ], [ 119.859796888, -1.061347136, 0.0 ], [ 119.83921672, -0.979505259, 0.0 ], [ 119.812647562, -0.977855395, 0.0 ], [ 119.777469863, -1.010845958, 0.0 ], [ 119.783362987, -0.987949474, 0.0 ], [ 119.822023206, -0.962489966, 0.0 ], [ 119.788295437, -0.965186492, 0.0 ], [ 119.763413373, -1.002775057, 0.0 ], [ 119.774631676, -0.958103884, 0.0 ], [ 119.75793949, -0.951093308, 0.0 ], [ 119.760442033, -0.93386829, 0.0 ], [ 119.821624779, -0.946600688, 0.0 ], [ 119.803327077, -0.858443175, 0.0 ], [ 119.823036899, -0.870737078, 0.0 ], [ 119.83233372, -0.942530297, 0.0 ], [ 119.873959575, -0.923387249, 0.0 ], [ 119.931143083, -0.947455776, 0.0 ], [ 119.941801378, -0.936409694, 0.0 ], [ 119.928349638, -0.921531773, 0.0 ], [ 119.954238531, -0.914877876, 0.0 ] ] ], [ [ [ 119.666982838, -0.994790487, 0.0 ], [ 119.647689899, -0.984980824, 0.0 ], [ 119.669708643, -0.978510846, 0.0 ], [ 119.666982838, -0.994790487, 0.0 ] ] ], [ [ [ 119.702931698, -0.98315542, 0.0 ], [ 119.721221523, -0.994701261, 0.0 ], [ 119.706869905, -1.010339972, 0.0 ], [ 119.695764817, -1.003493035, 0.0 ], [ 119.702931698, -0.98315542, 0.0 ] ] ], [ [ [ 119.831863168, -1.017439743, 0.0 ], [ 119.846820568, -1.023437485, 0.0 ], [ 119.842107167, -1.036722698, 0.0 ], [ 119.828987244, -1.033971413, 0.0 ], [ 119.831863168, -1.017439743, 0.0 ] ] ], [ [ [ 120.369350595, -1.150758036, 0.0 ], [ 120.342795467, -1.170257238, 0.0 ], [ 120.336890835, -1.158569537, 0.0 ], [ 120.369350595, -1.150758036, 0.0 ] ] ], [ [ [ 120.107645354, -1.287493055, 0.0 ], [ 120.107321189, -1.275903785, 0.0 ], [ 120.118061743, -1.283599518, 0.0 ], [ 120.107645354, -1.287493055, 0.0 ] ] ], [ [ [ 119.738230487, -1.507591223, 0.0 ], [ 119.743723258, -1.522118012, 0.0 ], [ 119.728125891, -1.531897597, 0.0 ], [ 119.738230487, -1.507591223, 0.0 ] ] ], [ [ [ 119.78719902, -1.535486221, 0.0 ], [ 119.785110663, -1.560889352, 0.0 ], [ 119.806119919, -1.575634003, 0.0 ], [ 119.771978378, -1.558612823, 0.0 ], [ 119.78719902, -1.535486221, 0.0 ] ] ], [ [ [ 119.915078092, -1.596525856, 0.0 ], [ 119.89053192, -1.577441272, 0.0 ], [ 119.916703554, -1.580746423, 0.0 ], [ 119.915078092, -1.596525856, 0.0 ] ] ], [ [ [ 119.773822545, -1.598626804, 0.0 ], [ 119.844376765, -1.698215912, 0.0 ], [ 119.879892349, -1.672607422, 0.0 ], [ 119.854707718, -1.662363052, 0.0 ], [ 119.861885987, -1.651624403, 0.0 ], [ 119.91529274, -1.659023285, 0.0 ], [ 119.923332215, -1.675613046, 0.0 ], [ 119.962237816, -1.665465001, 0.0 ], [ 119.971792221, -1.689115524, 0.0 ], [ 119.944398169, -1.694376044, 0.0 ], [ 119.949966107, -1.712364768, 0.0 ], [ 119.936022466, -1.708367274, 0.0 ], [ 119.949377778, -1.773745854, 0.0 ], [ 119.92380333, -1.779266357, 0.0 ], [ 119.918176651, -1.749172211, 0.0 ], [ 119.877863699, -1.765972676, 0.0 ], [ 119.862254435, -1.730994599, 0.0 ], [ 119.882801453, -1.702387902, 0.0 ], [ 119.856270463, -1.696463046, 0.0 ], [ 119.857483986, -1.713975876, 0.0 ], [ 119.842111589, -1.697137833, 0.0 ], [ 119.82072258, -1.703950882, 0.0 ], [ 119.790722279, -1.663688007, 0.0 ], [ 119.803224564, -1.653131485, 0.0 ], [ 119.767247328, -1.659924683, 0.0 ], [ 119.751459671, -1.627476443, 0.0 ], [ 119.756988314, -1.603329992, 0.0 ], [ 119.773822545, -1.598626804, 0.0 ] ] ], [ [ [ 119.863543027, -1.617219097, 0.0 ], [ 119.853401618, -1.614483613, 0.0 ], [ 119.866013098, -1.595874846, 0.0 ], [ 119.863543027, -1.617219097, 0.0 ] ] ], [ [ [ 119.794669788, -1.60550109, 0.0 ], [ 119.803899049, -1.621070538, 0.0 ], [ 119.788643675, -1.620508335, 0.0 ], [ 119.794669788, -1.60550109, 0.0 ] ] ], [ [ [ 120.047958766, -1.774826773, 0.0 ], [ 120.026337342, -1.800089965, 0.0 ], [ 120.03186141, -1.822577976, 0.0 ], [ 120.014097216, -1.835708618, 0.0 ], [ 120.004045486, -1.82507515, 0.0 ], [ 119.999914169, -1.838439941, 0.0 ], [ 119.990922928, -1.833414078, 0.0 ], [ 120.011461565, -1.806812864, 0.0 ], [ 119.954615869, -1.792276657, 0.0 ], [ 119.969452268, -1.770878055, 0.0 ], [ 119.999727249, -1.797203064, 0.0 ], [ 120.047958766, -1.774826773, 0.0 ] ] ], [ [ [ 119.931910358, -1.912339253, 0.0 ], [ 119.957674873, -1.853383016, 0.0 ], [ 119.983790106, -1.833982509, 0.0 ], [ 119.963254332, -1.85750033, 0.0 ], [ 119.968612064, -1.897826062, 0.0 ], [ 119.953157434, -1.926674988, 0.0 ], [ 119.963894751, -1.937017315, 0.0 ], [ 119.947710966, -1.929880495, 0.0 ], [ 119.926226712, -1.976765727, 0.0 ], [ 119.908859, -1.950674, 0.0 ], [ 119.931910358, -1.912339253, 0.0 ] ] ] ] } },
{ "type": "Feature", "properties": { "id": 649, "pbph": null, "kph": null, "provinsi": null, "fungsi": "APL" }, "geometry": { "type": "MultiPolygon", "coordinates": [ [ [ [ 121.621379178, -0.209999368, 0.0 ], [ 121.652456369, -0.182388013, 0.0 ], [ 121.64356229, -0.126423486, 0.0 ], [ 121.656096294, -0.182560741, 0.0 ], [ 121.621379178, -0.209999368, 0.0 ] ] ], [ [ [ 122.242101314, -0.207101708, 0.0 ], [ 122.263637295, -0.238220239, 0.0 ], [ 122.282303201, -0.22181545, 0.0 ], [ 122.291714522, -0.247605548, 0.0 ], [ 122.311539257, -0.235798906, 0.0 ], [ 122.380482064, -0.273938639, 0.0 ], [ 122.368032797, -0.32981709, 0.0 ], [ 122.396894616, -0.390294187, 0.0 ], [ 122.361215563, -0.346602434, 0.0 ], [ 122.340685678, -0.285004697, 0.0 ], [ 122.329914801, -0.294056138, 0.0 ], [ 122.301663663, -0.257889616, 0.0 ], [ 122.292374967, -0.268580392, 0.0 ], [ 122.284641294, -0.256181571, 0.0 ], [ 122.278092878, -0.267988356, 0.0 ], [ 122.251118867, -0.260235656, 0.0 ], [ 122.228326853, -0.213607784, 0.0 ], [ 122.242101314, -0.207101708, 0.0 ] ], [ [ 122.271934509, -0.246604264, 0.0 ], [ 122.282073975, -0.225698665, 0.0 ], [ 122.264266968, -0.239375562, 0.0 ], [ 122.271934509, -0.246604264, 0.0 ] ], [ [ 122.354042053, -0.265197484, 0.0 ], [ 122.329956055, -0.254667699, 0.0 ], [ 122.31626892, -0.268281251, 0.0 ], [ 122.328514101, -0.284639358, 0.0 ], [ 122.338340761, -0.265425533, 0.0 ], [ 122.363105774, -0.280254126, 0.0 ], [ 122.354042053, -0.265197484, 0.0 ] ] ], [ [ [ 122.192266266, -0.257004772, 0.0 ], [ 122.180130005, -0.263279884, 0.0 ], [ 122.203620911, -0.266783951, 0.0 ], [ 122.211082459, -0.254812866, 0.0 ], [ 122.197344776, -0.248568216, 0.0 ], [ 122.218627505, -0.248114916, 0.0 ], [ 122.214928099, -0.261814989, 0.0 ], [ 122.230757802, -0.257053847, 0.0 ], [ 122.230805781, -0.275816556, 0.0 ], [ 122.248679091, -0.275054404, 0.0 ], [ 122.245240404, -0.292800633, 0.0 ], [ 122.229346061, -0.293507998, 0.0 ], [ 122.239033573, -0.281051906, 0.0 ], [ 122.21200598, -0.291448714, 0.0 ], [ 122.204347826, -0.272470169, 0.0 ], [ 122.179988625, -0.280330959, 0.0 ], [ 122.177431518, -0.251379839, 0.0 ], [ 122.15942189, -0.263585862, 0.0 ], [ 122.146028011, -0.250344395, 0.0 ], [ 122.20914202, -0.209576014, 0.0 ], [ 122.192266266, -0.257004772, 0.0 ] ] ], [ [ [ 122.086262125, -0.261694015, 0.0 ], [ 122.028398703, -0.274728854, 0.0 ], [ 122.087907018, -0.24098321, 0.0 ], [ 122.086262125, -0.261694015, 0.0 ] ] ], [ [ [ 122.116633473, -0.254015073, 0.0 ], [ 122.128309673, -0.266138711, 0.0 ], [ 122.114753907, -0.268289893, 0.0 ], [ 122.116633473, -0.254015073, 0.0 ] ] ], [ [ [ 122.079272196, -0.41920721, 0.0 ], [ 122.090164185, -0.39298275, 0.0 ], [ 122.118804931, -0.40613827, 0.0 ], [ 122.131416321, -0.392304838, 0.0 ], [ 122.098518372, -0.384004503, 0.0 ], [ 122.106567383, -0.348256349, 0.0 ], [ 122.089111328, -0.331203729, 0.0 ], [ 122.064151159, -0.381663196, 0.0 ], [ 122.070753881, -0.302946171, 0.0 ], [ 122.080907607, -0.307556051, 0.0 ], [ 122.091176949, -0.271518707, 0.0 ], [ 122.10988048, -0.339638933, 0.0 ], [ 122.139527981, -0.357141389, 0.0 ], [ 122.141471877, -0.340174129, 0.0 ], [ 122.152931459, -0.396386968, 0.0 ], [ 122.129677007, -0.424495224, 0.0 ], [ 122.094039988, -0.400009339, 0.0 ], [ 122.108082088, -0.434722025, 0.0 ], [ 122.092862702, -0.428419545, 0.0 ], [ 122.097339909, -0.447219053, 0.0 ], [ 122.079272196, -0.41920721, 0.0 ] ], [ [ 122.092811584, -0.291158139, 0.0 ], [ 122.084106446, -0.309719294, 0.0 ], [ 122.097587587, -0.320552557, 0.0 ], [ 122.092811584, -0.291158139, 0.0 ] ] ], [ [ [ 121.993097966, -0.342657842, 0.0 ], [ 121.980022971, -0.35525442, 0.0 ], [ 122.00448211, -0.355315904, 0.0 ], [ 122.012954502, -0.374753615, 0.0 ], [ 122.019297508, -0.353339681, 0.0 ], [ 122.040367562, -0.361358038, 0.0 ], [ 122.04008949, -0.338934251, 0.0 ], [ 122.059956351, -0.348549374, 0.0 ], [ 122.068288165, -0.396284303, 0.0 ], [ 122.05333693, -0.401384748, 0.0 ], [ 122.054630608, -0.420856732, 0.0 ], [ 122.016885165, -0.418801427, 0.0 ], [ 122.009440519, -0.398018661, 0.0 ], [ 122.010781287, -0.421354948, 0.0 ], [ 121.953230007, -0.419666895, 0.0 ], [ 121.918677404, -0.439549387, 0.0 ], [ 121.884395713, -0.421638722, 0.0 ], [ 121.859285472, -0.38293842, 0.0 ], [ 121.889097491, -0.340729608, 0.0 ], [ 121.91621804, -0.337320122, 0.0 ], [ 121.928124386, -0.371685561, 0.0 ], [ 121.949206507, -0.353186951, 0.0 ], [ 121.967534472, -0.361184544, 0.0 ], [ 121.949141745, -0.334277733, 0.0 ], [ 121.932235276, -0.344218849, 0.0 ], [ 121.930751606, -0.325771905, 0.0 ], [ 121.969428815, -0.326247476, 0.0 ], [ 121.972330544, -0.347708761, 0.0 ], [ 121.993097966, -0.342657842, 0.0 ] ], [ [ 121.912879944, -0.363110243, 0.0 ], [ 121.904151917, -0.347978406, 0.0 ], [ 121.888710022, -0.355492145, 0.0 ], [ 121.912879944, -0.363110243, 0.0 ] ], [ [ 121.991340637, -0.377575457, 0.0 ], [ 121.929199219, -0.387212962, 0.0 ], [ 121.988815308, -0.4050439, 0.0 ], [ 121.991340637, -0.377575457, 0.0 ] ], [ [ 121.906562805, -0.401104807, 0.0 ], [ 121.891578674, -0.415550828, 0.0 ], [ 121.911209107, -0.415658146, 0.0 ], [ 121.906562805, -0.401104807, 0.0 ] ], [ [ 121.890426636, -0.381706236, 0.0 ], [ 121.879684448, -0.408062964, 0.0 ], [ 121.904533387, -0.39199692, 0.0 ], [ 121.890426636, -0.381706236, 0.0 ] ], [ [ 122.051765442, -0.39624223, 0.0 ], [ 122.043586731, -0.376942903, 0.0 ], [ 122.010803223, -0.388001799, 0.0 ], [ 122.015815735, -0.400633125, 0.0 ], [ 122.051765442, -0.39624223, 0.0 ] ] ], [ [ [ 121.817967403, -0.389715708, 0.0 ], [ 121.827447254, -0.397273911, 0.0 ], [ 121.816381844, -0.408456465, 0.0 ], [ 121.817967403, -0.389715708, 0.0 ] ] ], [ [ [ 121.825778785, -0.52158811, 0.0 ], [ 121.857604981, -0.515356063, 0.0 ], [ 121.803565979, -0.490461678, 0.0 ], [ 121.831666946, -0.471981049, 0.0 ], [ 121.855798721, -0.475700377, 0.0 ], [ 121.842088699, -0.479450226, 0.0 ], [ 121.894364794, -0.520034106, 0.0 ], [ 121.910645103, -0.514755455, 0.0 ], [ 121.892822265, -0.491346002, 0.0 ], [ 121.911552429, -0.485134779, 0.0 ], [ 121.909591674, -0.440225094, 0.0 ], [ 121.873452111, -0.43585267, 0.0 ], [ 121.886896133, -0.450859069, 0.0 ], [ 121.871559143, -0.4603239, 0.0 ], [ 121.839600244, -0.423687528, 0.0 ], [ 121.838235855, -0.443691254, 0.0 ], [ 121.816743851, -0.435419083, 0.0 ], [ 121.799280167, -0.471807479, 0.0 ], [ 121.771921158, -0.464012149, 0.0 ], [ 121.764633179, -0.478186964, 0.0 ], [ 121.729722849, -0.463325063, 0.0 ], [ 121.741693497, -0.486225127, 0.0 ], [ 121.725481094, -0.492835718, 0.0 ], [ 121.745271683, -0.491384505, 0.0 ], [ 121.699921898, -0.56315533, 0.0 ], [ 121.65911289, -0.576930766, 0.0 ], [ 121.649977231, -0.540317424, 0.0 ], [ 121.669359267, -0.532395614, 0.0 ], [ 121.69309064, -0.479279036, 0.0 ], [ 121.706057783, -0.480534245, 0.0 ], [ 121.698005947, -0.470757424, 0.0 ], [ 121.721347381, -0.473092765, 0.0 ], [ 121.738892725, -0.44871241, 0.0 ], [ 121.768658356, -0.460819685, 0.0 ], [ 121.754984942, -0.428928022, 0.0 ], [ 121.769988977, -0.415694722, 0.0 ], [ 121.783303697, -0.450077587, 0.0 ], [ 121.851181047, -0.408613175, 0.0 ], [ 121.903861036, -0.428125817, 0.0 ], [ 121.922799874, -0.478062754, 0.0 ], [ 121.908815106, -0.492428141, 0.0 ], [ 121.917296898, -0.516834748, 0.0 ], [ 121.874204344, -0.536639642, 0.0 ], [ 121.872655537, -0.511230423, 0.0 ], [ 121.850376712, -0.493625086, 0.0 ], [ 121.83434375, -0.49649024, 0.0 ], [ 121.86202498, -0.51949387, 0.0 ], [ 121.830967765, -0.532386353, 0.0 ], [ 121.825778785, -0.52158811, 0.0 ] ] ], [ [ [ 121.824482005, -0.520811225, 0.0 ], [ 121.782602729, -0.494356349, 0.0 ], [ 121.745827956, -0.511119686, 0.0 ], [ 121.743743318, -0.495641995, 0.0 ], [ 121.79772377, -0.477773666, 0.0 ], [ 121.824482005, -0.520811225, 0.0 ] ] ], [ [ [ 121.669854289, -0.575366962, 0.0 ], [ 121.678859067, -0.586444982, 0.0 ], [ 121.658720399, -0.583011724, 0.0 ], [ 121.669854289, -0.575366962, 0.0 ] ] ], [ [ [ 121.771679, -0.73882837, 0.0 ], [ 121.768396718, -0.755254376, 0.0 ], [ 121.756753219, -0.741608684, 0.0 ], [ 121.771679, -0.73882837, 0.0 ] ] ], [ [ [ 121.667150875, -0.852975952, 0.0 ], [ 121.656625223, -0.9116291, 0.0 ], [ 121.696824076, -0.926618032, 0.0 ], [ 121.710852695, -0.949585421, 0.0 ], [ 121.761201747, -0.970991834, 0.0 ], [ 121.815265349, -0.956950131, 0.0 ], [ 121.855309644, -0.969096848, 0.0 ], [ 121.864075894, -1.057206315, 0.0 ], [ 121.859660361, -1.037172071, 0.0 ], [ 121.848346676, -1.03963213, 0.0 ], [ 121.849555454, -0.972892064, 0.0 ], [ 121.822000496, -0.982189605, 0.0 ], [ 121.814897329, -0.970441772, 0.0 ], [ 121.805742303, -0.990277356, 0.0 ], [ 121.766598089, -0.995476467, 0.0 ], [ 121.757964272, -1.007874774, 0.0 ], [ 121.775649664, -1.032783798, 0.0 ], [ 121.764743537, -1.048186712, 0.0 ], [ 121.764621928, -1.029563194, 0.0 ], [ 121.744781896, -1.025249721, 0.0 ], [ 121.746440913, -0.999623823, 0.0 ], [ 121.707754821, -1.02601175, 0.0 ], [ 121.743095612, -0.990348635, 0.0 ], [ 121.720119727, -0.984243334, 0.0 ], [ 121.705146701, -0.998142928, 0.0 ], [ 121.720843972, -0.969894408, 0.0 ], [ 121.672912188, -0.934375946, 0.0 ], [ 121.647181645, -0.949498934, 0.0 ], [ 121.632784779, -0.940569946, 0.0 ], [ 121.602949907, -0.96829742, 0.0 ], [ 121.57930138, -0.946544572, 0.0 ], [ 121.547648882, -0.946866211, 0.0 ], [ 121.531445174, -0.954770577, 0.0 ], [ 121.528900137, -0.989845843, 0.0 ], [ 121.528843773, -0.94242811, 0.0 ], [ 121.518016612, -0.951000362, 0.0 ], [ 121.507226978, -0.931549716, 0.0 ], [ 121.532727263, -0.90130512, 0.0 ], [ 121.503652268, -0.892381319, 0.0 ], [ 121.477287713, -0.922163486, 0.0 ], [ 121.480911974, -0.946652886, 0.0 ], [ 121.502962015, -0.929256917, 0.0 ], [ 121.511525433, -0.939740564, 0.0 ], [ 121.489493568, -0.974332991, 0.0 ], [ 121.491917522, -0.999833576, 0.0 ], [ 121.457735411, -1.010576292, 0.0 ], [ 121.455841588, -0.979469412, 0.0 ], [ 121.436280941, -0.998177689, 0.0 ], [ 121.435393745, -1.025069756, 0.0 ], [ 121.470221534, -1.042492045, 0.0 ], [ 121.462949962, -1.059423356, 0.0 ], [ 121.480607, -1.025949, 0.0 ], [ 121.509056, -1.027142, 0.0 ], [ 121.522442467, -1.084043458, 0.0 ], [ 121.498714, -1.101927, 0.0 ], [ 121.535419629, -1.126614555, 0.0 ], [ 121.555304129, -1.105146707, 0.0 ], [ 121.543196881, -1.138418264, 0.0 ], [ 121.59135601, -1.151458794, 0.0 ], [ 121.569668957, -1.201920268, 0.0 ], [ 121.514099315, -1.209787582, 0.0 ], [ 121.499015244, -1.185005666, 0.0 ], [ 121.461776661, -1.171846506, 0.0 ], [ 121.45444832, -1.149388047, 0.0 ], [ 121.411715473, -1.147597684, 0.0 ], [ 121.408698904, -1.119584824, 0.0 ], [ 121.439819979, -1.106617849, 0.0 ], [ 121.433250801, -1.081269085, 0.0 ], [ 121.419303893, -1.096262692, 0.0 ], [ 121.406913757, -1.06217742, 0.0 ], [ 121.377159119, -1.062814355, 0.0 ], [ 121.311948639, -1.154178063, 0.0 ], [ 121.251120578, -1.207772251, 0.0 ], [ 121.260384793, -1.228855783, 0.0 ], [ 121.245249909, -1.216529887, 0.0 ], [ 121.228850834, -1.226611639, 0.0 ], [ 121.237554001, -1.251190674, 0.0 ], [ 121.221572093, -1.24553387, 0.0 ], [ 121.213841759, -1.286717517, 0.0 ], [ 121.265760063, -1.327915759, 0.0 ], [ 121.241007227, -1.302065568, 0.0 ], [ 121.204702538, -1.304906633, 0.0 ], [ 121.203057516, -1.368765401, 0.0 ], [ 121.175271067, -1.368363994, 0.0 ], [ 121.169668194, -1.397495433, 0.0 ], [ 121.131813865, -1.411623457, 0.0 ], [ 121.145585601, -1.41821633, 0.0 ], [ 121.12358418, -1.452569544, 0.0 ], [ 121.145153426, -1.49551913, 0.0 ], [ 121.136004861, -1.468122637, 0.0 ], [ 121.126057005, -1.482186624, 0.0 ], [ 121.11845347, -1.470789168, 0.0 ], [ 121.096474091, -1.511371484, 0.0 ], [ 121.070728123, -1.470835907, 0.0 ], [ 121.056807561, -1.463959667, 0.0 ], [ 121.04875251, -1.481953202, 0.0 ], [ 121.052275301, -1.460575082, 0.0 ], [ 121.030267404, -1.440584714, 0.0 ], [ 121.00846136, -1.482112714, 0.0 ], [ 120.992401016, -1.436719737, 0.0 ], [ 120.965947046, -1.476621343, 0.0 ], [ 120.958751995, -1.462750648, 0.0 ], [ 120.903442929, -1.466413819, 0.0 ], [ 120.888705874, -1.482354983, 0.0 ], [ 120.887655366, -1.410980405, 0.0 ], [ 120.94925394, -1.415234089, 0.0 ], [ 120.980750723, -1.399428756, 0.0 ], [ 121.015797706, -1.419956327, 0.0 ], [ 121.03831276, -1.414121656, 0.0 ], [ 121.037962372, -1.433935695, 0.0 ], [ 121.058013149, -1.44044626, 0.0 ], [ 121.111945446, -1.429506958, 0.0 ], [ 121.135139618, -1.384135009, 0.0 ], [ 121.163224171, -1.367229279, 0.0 ], [ 121.221969505, -1.202520334, 0.0 ], [ 121.278868022, -1.15869886, 0.0 ], [ 121.337091132, -1.063877082, 0.0 ], [ 121.391791924, -1.035638756, 0.0 ], [ 121.39572305, -1.005491835, 0.0 ], [ 121.450053161, -0.972252909, 0.0 ], [ 121.480057929, -0.89984112, 0.0 ], [ 121.587333943, -0.866783888, 0.0 ], [ 121.597160339, -0.840891242, 0.0 ], [ 121.667150875, -0.852975952, 0.0 ] ] ], [ [ [ 121.81847703, -1.112843888, 0.0 ], [ 121.793103458, -1.115857837, 0.0 ], [ 121.79014147, -1.084197816, 0.0 ], [ 121.774435482, -1.08315347, 0.0 ], [ 121.803006719, -1.046675325, 0.0 ], [ 121.82628563, -1.05486847, 0.0 ], [ 121.81847703, -1.112843888, 0.0 ] ] ], [ [ [ 121.957537592, -1.11599698, 0.0 ], [ 122.004510111, -1.133425167, 0.0 ], [ 122.037678985, -1.170558179, 0.0 ], [ 122.0185892, -1.192655019, 0.0 ], [ 122.026611328, -1.21010685, 0.0 ], [ 121.966881588, -1.180878196, 0.0 ], [ 121.963078656, -1.152356203, 0.0 ], [ 121.928545577, -1.150270724, 0.0 ], [ 121.926430178, -1.120525471, 0.0 ], [ 121.942389299, -1.130754217, 0.0 ], [ 121.957537592, -1.11599698, 0.0 ] ] ], [ [ [ 121.641241136, -1.176844847, 0.0 ], [ 121.656103153, -1.203593676, 0.0 ], [ 121.70744916, -1.212097706, 0.0 ], [ 121.667769855, -1.234584801, 0.0 ], [ 121.684273499, -1.256166034, 0.0 ], [ 121.737971393, -1.26491637, 0.0 ], [ 121.775580078, -1.242181883, 0.0 ], [ 121.770077557, -1.271519153, 0.0 ], [ 121.836421422, -1.26929324, 0.0 ], [ 121.835059133, -1.289411639, 0.0 ], [ 121.856573656, -1.27537233, 0.0 ], [ 121.811260285, -1.309620058, 0.0 ], [ 121.801940918, -1.298429011, 0.0 ], [ 121.806008149, -1.31551126, 0.0 ], [ 121.780974268, -1.310748792, 0.0 ], [ 121.796901453, -1.290988784, 0.0 ], [ 121.730749533, -1.265407812, 0.0 ], [ 121.711171089, -1.27773908, 0.0 ], [ 121.715126641, -1.307894763, 0.0 ], [ 121.687113263, -1.323549438, 0.0 ], [ 121.687916667, -1.311472222, 0.0 ], [ 121.647460088, -1.294908163, 0.0 ], [ 121.674842187, -1.296617684, 0.0 ], [ 121.653319759, -1.244462888, 0.0 ], [ 121.607007115, -1.207130818, 0.0 ], [ 121.62624974, -1.18894508, 0.0 ], [ 121.636074019, -1.199038075, 0.0 ], [ 121.634438988, -1.164389147, 0.0 ], [ 121.641241136, -1.176844847, 0.0 ] ] ], [ [ [ 122.057590178, -1.282169339, 0.0 ], [ 122.081888784, -1.301316208, 0.0 ], [ 122.026169799, -1.298297985, 0.0 ], [ 122.029493287, -1.323893656, 0.0 ], [ 122.009423107, -1.326963893, 0.0 ], [ 122.028498816, -1.345877991, 0.0 ], [ 122.008367244, -1.330359875, 0.0 ], [ 121.984118193, -1.357666395, 0.0 ], [ 121.975130325, -1.319894202, 0.0 ], [ 121.963236362, -1.329504232, 0.0 ], [ 121.96619729, -1.315947639, 0.0 ], [ 121.928990385, -1.294523158, 0.0 ], [ 122.019431762, -1.274805244, 0.0 ], [ 122.023162138, -1.261173821, 0.0 ], [ 122.057590178, -1.282169339, 0.0 ] ] ], [ [ [ 121.19059121, -1.537059164, 0.0 ], [ 121.17099457, -1.56764363, 0.0 ], [ 121.193455968, -1.575066252, 0.0 ], [ 121.158350022, -1.573064319, 0.0 ], [ 121.158856846, -1.556500483, 0.0 ], [ 121.19059121, -1.537059164, 0.0 ] ] ], [ [ [ 121.121608192, -1.575761298, 0.0 ], [ 121.135400846, -1.597478906, 0.0 ], [ 121.119222094, -1.597257002, 0.0 ], [ 121.121608192, -1.575761298, 0.0 ] ] ] ] } },
{ "type": "Feature", "properties": { "id": 650, "pbph": null, "kph": null, "provinsi": null, "fungsi": "APL" }, "geometry": { "type": "MultiPolygon", "coordinates": [ [ [ [ 121.020478091, 1.328968534, 0.0 ], [ 121.064371889, 1.301377582, 0.0 ], [ 121.076106127, 1.311575718, 0.0 ], [ 121.056003934, 1.271843417, 0.0 ], [ 121.035908364, 1.277375556, 0.0 ], [ 121.047298238, 1.283258898, 0.0 ], [ 121.032718, 1.292521, 0.0 ], [ 121.03263, 1.319525, 0.0 ], [ 121.005367058, 1.311015178, 0.0 ], [ 120.989698354, 1.326052491, 0.0 ], [ 120.96268633, 1.30390067, 0.0 ], [ 120.943439622, 1.308476491, 0.0 ], [ 120.941943413, 1.292387494, 0.0 ], [ 120.929038388, 1.302181413, 0.0 ], [ 120.92278193, 1.276836584, 0.0 ], [ 120.91746561, 1.300584536, 0.0 ], [ 120.879210402, 1.263893964, 0.0 ], [ 120.86536656, 1.269060755, 0.0 ], [ 120.872686128, 1.246735092, 0.0 ], [ 120.856163378, 1.225149133, 0.0 ], [ 120.859077303, 1.214553144, 0.0 ], [ 120.873670975, 1.222380257, 0.0 ], [ 120.877782, 1.186426, 0.0 ], [ 120.863456726, 1.169113279, 0.0 ], [ 120.90352692, 1.110951098, 0.0 ], [ 120.889586946, 1.076904573, 0.0 ], [ 120.863194961, 1.074444067, 0.0 ], [ 120.862363541, 1.050937802, 0.0 ], [ 120.841619339, 1.04103883, 0.0 ], [ 120.865062518, 1.035965427, 0.0 ], [ 120.858606669, 1.017204658, 0.0 ], [ 120.87645143, 1.006053858, 0.0 ], [ 120.906234277, 1.005308327, 0.0 ], [ 120.847835941, 0.979734145, 0.0 ], [ 120.850239435, 0.960356091, 0.0 ], [ 120.827317712, 0.945097257, 0.0 ], [ 120.854428929, 0.927524404, 0.0 ], [ 120.902615952, 0.938107717, 0.0 ], [ 120.892205058, 0.916561067, 0.0 ], [ 120.901728711, 0.896998403, 0.0 ], [ 120.929501988, 0.895619094, 0.0 ], [ 120.942798375, 0.848634776, 0.0 ], [ 120.874313902, 0.848390608, 0.0 ], [ 120.845443726, 0.86788404, 0.0 ], [ 120.836456299, 0.844584763, 0.0 ], [ 120.784988403, 0.820180833, 0.0 ], [ 120.800147999, 0.808333887, 0.0 ], [ 120.796267926, 0.764834396, 0.0 ], [ 120.779930115, 0.771727562, 0.0 ], [ 120.758155823, 0.753365338, 0.0 ], [ 120.773899907, 0.787962363, 0.0 ], [ 120.752632141, 0.826258421, 0.0 ], [ 120.730888367, 0.809405744, 0.0 ], [ 120.732566833, 0.779988527, 0.0 ], [ 120.711898804, 0.790786564, 0.0 ], [ 120.695625582, 0.774033403, 0.0 ], [ 120.681854248, 0.779666305, 0.0 ], [ 120.680793762, 0.760936797, 0.0 ], [ 120.715827942, 0.71851474, 0.0 ], [ 120.691200256, 0.698007286, 0.0 ], [ 120.679321289, 0.729968309, 0.0 ], [ 120.65805482, 0.732263939, 0.0 ], [ 120.664558006, 0.708504894, 0.0 ], [ 120.636129495, 0.733070653, 0.0 ], [ 120.615492033, 0.72754206, 0.0 ], [ 120.665878309, 0.683363341, 0.0 ], [ 120.663758691, 0.646575367, 0.0 ], [ 120.645567928, 0.647504109, 0.0 ], [ 120.652546009, 0.661348969, 0.0 ], [ 120.595662136, 0.744675778, 0.0 ], [ 120.588324056, 0.732956062, 0.0 ], [ 120.548126383, 0.74511511, 0.0 ], [ 120.528179074, 0.729130168, 0.0 ], [ 120.496229133, 0.74082179, 0.0 ], [ 120.512434497, 0.772046697, 0.0 ], [ 120.491410656, 0.77862842, 0.0 ], [ 120.479554038, 0.736823726, 0.0 ], [ 120.462627359, 0.744613088, 0.0 ], [ 120.453936486, 0.723365868, 0.0 ], [ 120.439212062, 0.723654128, 0.0 ], [ 120.412492639, 0.747237033, 0.0 ], [ 120.39923952, 0.742113718, 0.0 ], [ 120.405965995, 0.779061172, 0.0 ], [ 120.387290955, 0.80016166, 0.0 ], [ 120.347610474, 0.786818981, 0.0 ], [ 120.346054077, 0.763467669, 0.0 ], [ 120.32038131, 0.766266705, 0.0 ], [ 120.291845477, 0.834623071, 0.0 ], [ 120.314725346, 0.884570877, 0.0 ], [ 120.33716425, 0.890040569, 0.0 ], [ 120.336640314, 0.906456231, 0.0 ], [ 120.317389524, 0.90472199, 0.0 ], [ 120.323541896, 0.940105789, 0.0 ], [ 120.299807124, 0.905030042, 0.0 ], [ 120.292797509, 0.9361013, 0.0 ], [ 120.256181015, 0.904325948, 0.0 ], [ 120.282415989, 0.865061189, 0.0 ], [ 120.246186343, 0.812823629, 0.0 ], [ 120.280592693, 0.799227704, 0.0 ], [ 120.274418325, 0.736692511, 0.0 ], [ 120.261793545, 0.732788462, 0.0 ], [ 120.276446402, 0.71666525, 0.0 ], [ 120.200405479, 0.677930914, 0.0 ], [ 120.1960879, 0.70081302, 0.0 ], [ 120.142981602, 0.731911268, 0.0 ], [ 120.137375404, 0.747815572, 0.0 ], [ 120.182335823, 0.758541151, 0.0 ], [ 120.238909505, 0.802504339, 0.0 ], [ 120.24726658, 0.957369391, 0.0 ], [ 120.282733039, 0.986346992, 0.0 ], [ 120.354101039, 0.983749789, 0.0 ], [ 120.326845459, 0.85486884, 0.0 ], [ 120.363700225, 0.828853188, 0.0 ], [ 120.373269466, 0.866669636, 0.0 ], [ 120.374792887, 0.828838059, 0.0 ], [ 120.397799512, 0.791596982, 0.0 ], [ 120.468272727, 0.777354458, 0.0 ], [ 120.495997751, 0.793670325, 0.0 ], [ 120.535912751, 0.790758455, 0.0 ], [ 120.557151816, 0.767911554, 0.0 ], [ 120.547108191, 0.755490874, 0.0 ], [ 120.594694635, 0.750117244, 0.0 ], [ 120.573678877, 0.769311316, 0.0 ], [ 120.599006987, 0.791306214, 0.0 ], [ 120.595461335, 0.808808277, 0.0 ], [ 120.609728406, 0.808221332, 0.0 ], [ 120.603166188, 0.870620012, 0.0 ], [ 120.638248504, 0.919680321, 0.0 ], [ 120.63542604, 0.939121302, 0.0 ], [ 120.696861267, 0.957235218, 0.0 ], [ 120.69708252, 0.982853652, 0.0 ], [ 120.719276428, 0.972468257, 0.0 ], [ 120.712010615, 0.957832975, 0.0 ], [ 120.729031772, 0.962762085, 0.0 ], [ 120.757889532, 1.010485656, 0.0 ], [ 120.808628848, 1.028373475, 0.0 ], [ 120.79778407, 1.091484981, 0.0 ], [ 120.776886291, 1.107356319, 0.0 ], [ 120.788541741, 1.163571737, 0.0 ], [ 120.826804153, 1.181721036, 0.0 ], [ 120.809765863, 1.22026583, 0.0 ], [ 120.821469306, 1.293231125, 0.0 ], [ 120.807454611, 1.325080437, 0.0 ], [ 120.868532719, 1.317348311, 0.0 ], [ 120.903341776, 1.355739036, 0.0 ], [ 120.914258175, 1.337144495, 0.0 ], [ 120.897381672, 1.333827725, 0.0 ], [ 120.904995513, 1.318583251, 0.0 ], [ 120.889749526, 1.324960306, 0.0 ], [ 120.893825948, 1.303694991, 0.0 ], [ 120.918241288, 1.325736644, 0.0 ], [ 120.927328484, 1.318003482, 0.0 ], [ 120.921397001, 1.330000694, 0.0 ], [ 120.941945235, 1.350143109, 0.0 ], [ 121.020478091, 1.328968534, 0.0 ] ], [ [ 120.758110046, 0.958924055, 0.0 ], [ 120.687376022, 0.943311691, 0.0 ], [ 120.67196846, 0.904058456, 0.0 ], [ 120.7010746, 0.890737534, 0.0 ], [ 120.740304006, 0.921930903, 0.0 ], [ 120.784282181, 0.901263119, 0.0 ], [ 120.771120032, 0.923531158, 0.0 ], [ 120.802162836, 0.938473094, 0.0 ], [ 120.792321104, 0.98246615, 0.0 ], [ 120.758110046, 0.958924055, 0.0 ] ] ], [ [ [ 121.177427093, 1.268774606, 0.0 ], [ 121.174041294, 1.216303162, 0.0 ], [ 121.131347656, 1.205546261, 0.0 ], [ 121.105964661, 1.217925787, 0.0 ], [ 121.098464097, 1.258755322, 0.0 ], [ 121.085091406, 1.253066513, 0.0 ], [ 121.107826234, 1.295182229, 0.0 ], [ 121.120918274, 1.29481101, 0.0 ], [ 121.107120053, 1.31202454, 0.0 ], [ 121.177427093, 1.268774606, 0.0 ] ] ], [ [ [ 120.389570114, 1.077244517, 0.0 ], [ 120.402245287, 1.05592859, 0.0 ], [ 120.385579673, 1.006977073, 0.0 ], [ 120.366280765, 1.029984284, 0.0 ], [ 120.389570114, 1.077244517, 0.0 ] ] ], [ [ [ 120.610614388, 1.068062056, 0.0 ], [ 120.664917271, 1.040579987, 0.0 ], [ 120.674677159, 1.012769113, 0.0 ], [ 120.606407511, 1.06632985, 0.0 ], [ 120.598337848, 1.05379929, 0.0 ], [ 120.610614388, 1.068062056, 0.0 ] ] ], [ [ [ 120.728319231, 1.002043932, 0.0 ], [ 120.723175925, 0.98538275, 0.0 ], [ 120.699530349, 0.992152555, 0.0 ], [ 120.728319231, 1.002043932, 0.0 ] ] ] ] } },
{ "type": "Feature", "properties": { "id": 652, "pbph": null, "kph": null, "provinsi": null, "fungsi": "TUBUH AIR" }, "geometry": { "type": "MultiPolygon", "coordinates": [ [ [ [ 120.610523421, -1.999576897, 0.0 ], [ 120.573109191, -1.911449968, 0.0 ], [ 120.550090002, -1.924942543, 0.0 ], [ 120.528395152, -1.908639012, 0.0 ], [ 120.539509371, -1.865683079, 0.0 ], [ 120.525194057, -1.811799441, 0.0 ], [ 120.536143635, -1.786047805, 0.0 ], [ 120.602618073, -1.789638162, 0.0 ], [ 120.626940983, -1.767350134, 0.0 ], [ 120.640577276, -1.771667775, 0.0 ], [ 120.631314467, -1.833437509, 0.0 ], [ 120.666521355, -1.887135733, 0.0 ], [ 120.67557839, -1.970554921, 0.0 ], [ 120.710507923, -2.025307741, 0.0 ], [ 120.697652709, -2.060829213, 0.0 ], [ 120.65845706, -2.075790985, 0.0 ], [ 120.638407434, -2.067470451, 0.0 ], [ 120.610523421, -1.999576897, 0.0 ] ] ] ] } },
{ "type": "Feature", "properties": { "id": 653, "pbph": null, "kph": null, "provinsi": null, "fungsi": "TUBUH AIR" }, "geometry": { "type": "MultiPolygon", "coordinates": [ [ [ [ 120.107321189, -1.275903785, 0.0 ], [ 120.100290184, -1.333617496, 0.0 ], [ 120.065089401, -1.354003082, 0.0 ], [ 120.050619743, -1.33154383, 0.0 ], [ 120.064667237, -1.291286065, 0.0 ], [ 120.107321189, -1.275903785, 0.0 ] ] ] ] } },
{ "type": "Feature", "properties": { "id": 663, "pbph": null, "kph": null, "provinsi": null, "fungsi": "SM" }, "geometry": { "type": "MultiPolygon", "coordinates": [ [ [ [ 121.107120053, 1.31202454, 0.0 ], [ 121.120918274, 1.29481101, 0.0 ], [ 121.107826234, 1.295182229, 0.0 ], [ 121.094513367, 1.26356194, 0.0 ], [ 121.068089, 1.300723, 0.0 ], [ 121.078928142, 1.319526972, 0.0 ], [ 121.107120053, 1.31202454, 0.0 ] ] ] ] } },
{ "type": "Feature", "properties": { "id": 664, "pbph": null, "kph": null, "provinsi": null, "fungsi": "TB" }, "geometry": { "type": "MultiPolygon", "coordinates": [ [ [ [ 120.889915974, -1.969867968, 0.0 ], [ 120.904994877, -1.950676762, 0.0 ], [ 120.93140107, -1.979452431, 0.0 ], [ 120.955241226, -1.966189716, 0.0 ], [ 120.939401812, -2.03154798, 0.0 ], [ 120.895587415, -2.004138965, 0.0 ], [ 120.889915974, -1.969867968, 0.0 ] ] ] ] } },
{ "type": "Feature", "properties": { "id": 665, "pbph": null, "kph": null, "provinsi": null, "fungsi": "TB" }, "geometry": { "type": "MultiPolygon", "coordinates": [ [ [ [ 120.903039368, -1.941944752, 0.0 ], [ 120.886393291, -1.970157584, 0.0 ], [ 120.885040296, -1.9414072, 0.0 ], [ 120.903039368, -1.941944752, 0.0 ] ] ] ] } },
{ "type": "Feature", "properties": { "id": 667, "pbph": null, "kph": null, "provinsi": null, "fungsi": "TN" }, "geometry": { "type": "MultiPolygon", "coordinates": [ [ [ [ 120.241614335, -1.224163202, 0.0 ], [ 120.272544526, -1.231977741, 0.0 ], [ 120.312286587, -1.28607866, 0.0 ], [ 120.370088738, -1.313220148, 0.0 ], [ 120.332474081, -1.337891462, 0.0 ], [ 120.288183934, -1.316997795, 0.0 ], [ 120.228018952, -1.250983616, 0.0 ], [ 120.224451741, -1.231294495, 0.0 ], [ 120.241614335, -1.224163202, 0.0 ] ] ], [ [ [ 120.318081404, -1.689603516, 0.0 ], [ 120.326919307, -1.742068194, 0.0 ], [ 120.298719308, -1.749206, 0.0 ], [ 120.319576983, -1.802622015, 0.0 ], [ 120.309903972, -1.831364738, 0.0 ], [ 120.247600805, -1.844041999, 0.0 ], [ 120.191254381, -1.878387267, 0.0 ], [ 120.171998549, -1.853667869, 0.0 ], [ 120.153506733, -1.864184829, 0.0 ], [ 120.147894498, -1.888883385, 0.0 ], [ 120.176789868, -1.926223023, 0.0 ], [ 120.169799806, -1.967882155, 0.0 ], [ 120.13572693, -1.921532272, 0.0 ], [ 120.137351991, -1.88089621, 0.0 ], [ 120.110336305, -1.838106513, 0.0 ], [ 120.115731847, -1.794176431, 0.0 ], [ 120.180278122, -1.770942217, 0.0 ], [ 120.143720543, -1.721401376, 0.0 ], [ 120.124358231, -1.645906055, 0.0 ], [ 120.130322795, -1.559989725, 0.0 ], [ 120.089373719, -1.55367224, 0.0 ], [ 120.102053254, -1.51737763, 0.0 ], [ 120.174407771, -1.45087174, 0.0 ], [ 120.237947949, -1.443038898, 0.0 ], [ 120.276486738, -1.403120557, 0.0 ], [ 120.272042272, -1.343277698, 0.0 ], [ 120.224556992, -1.292768251, 0.0 ], [ 120.175989467, -1.270984739, 0.0 ], [ 120.214805244, -1.256490908, 0.0 ], [ 120.262407786, -1.303313028, 0.0 ], [ 120.332025044, -1.337947454, 0.0 ], [ 120.322083869, -1.345086163, 0.0 ], [ 120.33554976, -1.363645489, 0.0 ], [ 120.311516811, -1.354365591, 0.0 ], [ 120.317458865, -1.379708378, 0.0 ], [ 120.293066742, -1.372345079, 0.0 ], [ 120.287414551, -1.389951229, 0.0 ], [ 120.314389539, -1.46853722, 0.0 ], [ 120.318550686, -1.59129107, 0.0 ], [ 120.286450406, -1.600207815, 0.0 ], [ 120.259309351, -1.589963026, 0.0 ], [ 120.259568576, -1.568560882, 0.0 ], [ 120.237146315, -1.568065933, 0.0 ], [ 120.240869891, -1.59918711, 0.0 ], [ 120.269749082, -1.597304961, 0.0 ], [ 120.293494656, -1.626745901, 0.0 ], [ 120.280236746, -1.644602503, 0.0 ], [ 120.306879638, -1.659724546, 0.0 ], [ 120.318081404, -1.689603516, 0.0 ] ], [ [ 120.204629048, -1.66903827, 0.0 ], [ 120.191542595, -1.725890546, 0.0 ], [ 120.218128758, -1.740275804, 0.0 ], [ 120.278818414, -1.737363332, 0.0 ], [ 120.246505698, -1.687241232, 0.0 ], [ 120.204629048, -1.66903827, 0.0 ] ] ] ] } },
{ "type": "Feature", "properties": { "id": 668, "pbph": null, "kph": null, "provinsi": null, "fungsi": "TN" }, "geometry": { "type": "MultiPolygon", "coordinates": [ [ [ [ 120.184366509, -1.216626032, 0.0 ], [ 120.241614335, -1.224163202, 0.0 ], [ 120.211854816, -1.237215463, 0.0 ], [ 120.208549693, -1.262002071, 0.0 ], [ 120.175989467, -1.270984739, 0.0 ], [ 120.224556992, -1.292768251, 0.0 ], [ 120.282832285, -1.371753551, 0.0 ], [ 120.266546687, -1.383968095, 0.0 ], [ 120.276486738, -1.403120557, 0.0 ], [ 120.237947949, -1.443038898, 0.0 ], [ 120.174407771, -1.45087174, 0.0 ], [ 120.102053254, -1.51737763, 0.0 ], [ 120.08958221, -1.554578144, 0.0 ], [ 120.130322795, -1.559989725, 0.0 ], [ 120.124358231, -1.645906055, 0.0 ], [ 120.143720543, -1.721401376, 0.0 ], [ 120.180313281, -1.771736248, 0.0 ], [ 120.113820686, -1.798660369, 0.0 ], [ 120.098042188, -1.765257173, 0.0 ], [ 120.085353738, -1.773244101, 0.0 ], [ 120.06959349, -1.672575447, 0.0 ], [ 120.048483866, -1.643046293, 0.0 ], [ 120.067941387, -1.597951416, 0.0 ], [ 120.044982928, -1.580995238, 0.0 ], [ 120.033892379, -1.600198045, 0.0 ], [ 120.029342336, -1.528843636, 0.0 ], [ 120.046032679, -1.543363568, 0.0 ], [ 120.066653411, -1.514060108, 0.0 ], [ 120.050548196, -1.50687153, 0.0 ], [ 120.038837239, -1.525869279, 0.0 ], [ 120.041265761, -1.492055223, 0.0 ], [ 120.014277173, -1.510654013, 0.0 ], [ 119.981024197, -1.381605571, 0.0 ], [ 120.006104301, -1.367812085, 0.0 ], [ 120.059829246, -1.389798582, 0.0 ], [ 120.080508649, -1.379866139, 0.0 ], [ 120.088801549, -1.396175118, 0.0 ], [ 120.138095181, -1.370622029, 0.0 ], [ 120.165353247, -1.309855172, 0.0 ], [ 120.109662451, -1.303463651, 0.0 ], [ 120.109419241, -1.273523104, 0.0 ], [ 120.084154719, -1.286876181, 0.0 ], [ 120.073292773, -1.273645858, 0.0 ], [ 120.028693894, -1.325200501, 0.0 ], [ 120.011251434, -1.375695844, 0.0 ], [ 119.980271689, -1.381078816, 0.0 ], [ 119.967119492, -1.197839714, 0.0 ], [ 119.941038013, -1.165739435, 0.0 ], [ 119.935612897, -1.074325764, 0.0 ], [ 119.968544203, -1.080805902, 0.0 ], [ 119.985175444, -1.11457521, 0.0 ], [ 120.025338111, -1.13540983, 0.0 ], [ 120.058776194, -1.198954307, 0.0 ], [ 120.116590358, -1.188237253, 0.0 ], [ 120.184366509, -1.216626032, 0.0 ] ] ] ] } },
{ "type": "Feature", "properties": { "id": 669, "pbph": null, "kph": null, "provinsi": null, "fungsi": "TN" }, "geometry": { "type": "MultiPolygon", "coordinates": [ [ [ [ 121.642373263, -0.126438517, 0.0 ], [ 121.645770853, -0.194164333, 0.0 ], [ 121.616062912, -0.215485035, 0.0 ], [ 121.592893271, -0.210837383, 0.0 ], [ 121.564537228, -0.158965565, 0.0 ], [ 121.603560768, -0.128599349, 0.0 ], [ 121.642373263, -0.126438517, 0.0 ] ] ], [ [ [ 122.271934509, -0.246604264, 0.0 ], [ 122.264266968, -0.239375562, 0.0 ], [ 122.282073975, -0.225698665, 0.0 ], [ 122.271934509, -0.246604264, 0.0 ] ] ], [ [ [ 122.192266266, -0.257004772, 0.0 ], [ 122.211364746, -0.255963146, 0.0 ], [ 122.180130005, -0.263279884, 0.0 ], [ 122.192266266, -0.257004772, 0.0 ] ] ], [ [ [ 122.354042053, -0.265197484, 0.0 ], [ 122.363105774, -0.280254126, 0.0 ], [ 122.338340761, -0.265425533, 0.0 ], [ 122.328514101, -0.284639358, 0.0 ], [ 122.31626892, -0.268281251, 0.0 ], [ 122.329956055, -0.254667699, 0.0 ], [ 122.354042053, -0.265197484, 0.0 ] ] ], [ [ [ 122.092811584, -0.291158139, 0.0 ], [ 122.097587587, -0.320552557, 0.0 ], [ 122.084106446, -0.309719294, 0.0 ], [ 122.092811584, -0.291158139, 0.0 ] ] ], [ [ [ 122.079272196, -0.41920721, 0.0 ], [ 122.063443211, -0.408606212, 0.0 ], [ 122.084940782, -0.390005112, 0.0 ], [ 122.066235725, -0.383300259, 0.0 ], [ 122.089111328, -0.331203729, 0.0 ], [ 122.106567383, -0.348256349, 0.0 ], [ 122.098518372, -0.384004503, 0.0 ], [ 122.130775452, -0.398306041, 0.0 ], [ 122.092681884, -0.391775727, 0.0 ], [ 122.079272196, -0.41920721, 0.0 ] ] ], [ [ [ 121.912879944, -0.363110243, 0.0 ], [ 121.888710022, -0.355492145, 0.0 ], [ 121.904151917, -0.347978406, 0.0 ], [ 121.912879944, -0.363110243, 0.0 ] ] ], [ [ [ 121.991340637, -0.377575457, 0.0 ], [ 121.988815308, -0.4050439, 0.0 ], [ 121.929199219, -0.387212962, 0.0 ], [ 121.991340637, -0.377575457, 0.0 ] ] ], [ [ [ 122.051765442, -0.39624223, 0.0 ], [ 122.015815735, -0.400633125, 0.0 ], [ 122.010803223, -0.388001799, 0.0 ], [ 122.043586731, -0.376942903, 0.0 ], [ 122.051765442, -0.39624223, 0.0 ] ] ], [ [ [ 121.890426636, -0.381706236, 0.0 ], [ 121.904533387, -0.39199692, 0.0 ], [ 121.879684448, -0.408062964, 0.0 ], [ 121.890426636, -0.381706236, 0.0 ] ] ], [ [ [ 121.906562805, -0.401104807, 0.0 ], [ 121.911209107, -0.415658146, 0.0 ], [ 121.891578674, -0.415550828, 0.0 ], [ 121.906562805, -0.401104807, 0.0 ] ] ], [ [ [ 121.825778785, -0.52158811, 0.0 ], [ 121.79772377, -0.477773666, 0.0 ], [ 121.753984451, -0.497777939, 0.0 ], [ 121.725481094, -0.492835718, 0.0 ], [ 121.741693497, -0.486225127, 0.0 ], [ 121.729722849, -0.463325063, 0.0 ], [ 121.764633179, -0.478186964, 0.0 ], [ 121.771921158, -0.464012149, 0.0 ], [ 121.799280167, -0.471807479, 0.0 ], [ 121.816743851, -0.435419083, 0.0 ], [ 121.838235855, -0.443691254, 0.0 ], [ 121.839600244, -0.423687528, 0.0 ], [ 121.871559143, -0.4603239, 0.0 ], [ 121.886896133, -0.450859069, 0.0 ], [ 121.873452111, -0.43585267, 0.0 ], [ 121.909591674, -0.440225094, 0.0 ], [ 121.911552429, -0.485134779, 0.0 ], [ 121.892822265, -0.491346002, 0.0 ], [ 121.910645103, -0.514755455, 0.0 ], [ 121.894364794, -0.520034106, 0.0 ], [ 121.842088699, -0.479450226, 0.0 ], [ 121.855798721, -0.475700377, 0.0 ], [ 121.831666946, -0.471981049, 0.0 ], [ 121.803565979, -0.490461678, 0.0 ], [ 121.857604981, -0.515356063, 0.0 ], [ 121.825778785, -0.52158811, 0.0 ] ] ] ] } },
{ "type": "Feature", "properties": { "id": 670, "pbph": null, "kph": null, "provinsi": null, "fungsi": "TWA" }, "geometry": { "type": "MultiPolygon", "coordinates": [ [ [ [ 121.405027141, -1.836669721, 0.0 ], [ 121.408228337, -1.857472271, 0.0 ], [ 121.37238557, -1.859503167, 0.0 ], [ 121.383461329, -1.836638829, 0.0 ], [ 121.405027141, -1.836669721, 0.0 ] ] ] ] } },
{ "type": "Feature", "properties": { "id": 671, "pbph": null, "kph": null, "provinsi": null, "fungsi": "TWA" }, "geometry": { "type": "MultiPolygon", "coordinates": [ [ [ [ 120.576087922, -1.976977388, 0.0 ], [ 120.552161269, -1.960935797, 0.0 ], [ 120.55554697, -1.920441978, 0.0 ], [ 120.576087922, -1.976977388, 0.0 ] ] ] ] } },
{ "type": "Feature", "properties": { "id": 672, "pbph": null, "kph": null, "provinsi": null, "fungsi": "TWA" }, "geometry": { "type": "MultiPolygon", "coordinates": [ [ [ [ 119.850262843, -1.039507545, 0.0 ], [ 119.856924, -1.058269, 0.0 ], [ 119.839258794, -1.048435102, 0.0 ], [ 119.850262843, -1.039507545, 0.0 ] ] ] ] } },
{ "type": "Feature", "properties": { "id": 673, "pbph": null, "kph": null, "provinsi": null, "fungsi": "TAHURA" }, "geometry": { "type": "MultiPolygon", "coordinates": [ [ [ [ 119.938725277, -0.809142283, 0.0 ], [ 119.946540462, -0.830358342, 0.0 ], [ 119.959068647, -0.813710427, 0.0 ], [ 119.97591933, -0.828957791, 0.0 ], [ 119.966955872, -0.840231776, 0.0 ], [ 119.995199283, -0.885167644, 0.0 ], [ 119.957875921, -0.916190245, 0.0 ], [ 119.97246997, -0.847118498, 0.0 ], [ 119.954166867, -0.830810338, 0.0 ], [ 119.916059543, -0.835842899, 0.0 ], [ 119.920159787, -0.81534112, 0.0 ], [ 119.938725277, -0.809142283, 0.0 ] ] ] ] } },
{ "type": "Feature", "properties": { "id": 674, "pbph": null, "kph": null, "provinsi": null, "fungsi": "TAHURA" }, "geometry": { "type": "MultiPolygon", "coordinates": [ [ [ [ 119.999789516, -0.924554075, 0.0 ], [ 119.971125, -0.922424001, 0.0 ], [ 120.003437452, -0.92913968, 0.0 ], [ 119.990355589, -0.977178715, 0.0 ], [ 119.957867473, -0.939353315, 0.0 ], [ 119.968726702, -0.917117296, 0.0 ], [ 119.95396012, -0.915681394, 0.0 ], [ 119.995662793, -0.894815021, 0.0 ], [ 119.999789516, -0.924554075, 0.0 ] ] ] ] } },
{ "type": "Feature", "properties": { "id": 675, "pbph": null, "kph": null, "provinsi": null, "fungsi": "TNL" }, "geometry": { "type": "MultiPolygon", "coordinates": [ [ [ [ 121.689834595, -0.101910225, 0.0 ], [ 121.737541198, -0.190028354, 0.0 ], [ 121.774307251, -0.222207203, 0.0 ], [ 121.822372437, -0.235421583, 0.0 ], [ 121.928573607, -0.215255871, 0.0 ], [ 122.003906249, -0.165507853, 0.0 ], [ 122.092689513, -0.134689107, 0.0 ], [ 122.197502136, -0.131386787, 0.0 ], [ 122.288803101, -0.155186384, 0.0 ], [ 122.371124267, -0.200341969, 0.0 ], [ 122.42716217, -0.267600625, 0.0 ], [ 122.440376282, -0.31425631, 0.0 ], [ 122.428611755, -0.41271022, 0.0 ], [ 122.397590636, -0.437277286, 0.0 ], [ 122.302726746, -0.412217497, 0.0 ], [ 122.252899169, -0.415884822, 0.0 ], [ 122.167297364, -0.539311945, 0.0 ], [ 122.011619567, -0.56145203, 0.0 ], [ 121.931159972, -0.624278247, 0.0 ], [ 121.765777588, -0.618889093, 0.0 ], [ 121.711578368, -0.647387027, 0.0 ], [ 121.660919189, -0.652787149, 0.0 ], [ 121.614578247, -0.638034581, 0.0 ], [ 121.57900238, -0.604884326, 0.0 ], [ 121.570007324, -0.562042772, 0.0 ], [ 121.602767943, -0.419814199, 0.0 ], [ 121.605323791, -0.33255267, 0.0 ], [ 121.524131775, -0.215874672, 0.0 ], [ 121.515792846, -0.175036773, 0.0 ], [ 121.54750061, -0.097129784, 0.0 ], [ 121.596412658, -0.07514841, 0.0 ], [ 121.653526306, -0.073360934, 0.0 ], [ 121.689834595, -0.101910225, 0.0 ] ], [ [ 121.597274158, -0.132248653, 0.0 ], [ 121.564537228, -0.158965565, 0.0 ], [ 121.56423489, -0.177778572, 0.0 ], [ 121.593027688, -0.210897937, 0.0 ], [ 121.635708306, -0.208863532, 0.0 ], [ 121.656137296, -0.182401895, 0.0 ], [ 121.653556213, -0.135715279, 0.0 ], [ 121.628841768, -0.121200407, 0.0 ], [ 121.597274158, -0.132248653, 0.0 ] ], [ [ 122.193336214, -0.25688516, 0.0 ], [ 122.20914202, -0.209576014, 0.0 ], [ 122.146028011, -0.250344395, 0.0 ], [ 122.15942189, -0.263585862, 0.0 ], [ 122.177431518, -0.251379839, 0.0 ], [ 122.179988625, -0.280330959, 0.0 ], [ 122.204347826, -0.272470169, 0.0 ], [ 122.21200598, -0.291448714, 0.0 ], [ 122.239033573, -0.281051906, 0.0 ], [ 122.229346061, -0.293507998, 0.0 ], [ 122.245240404, -0.292800633, 0.0 ], [ 122.233033176, -0.257996235, 0.0 ], [ 122.215751965, -0.262408997, 0.0 ], [ 122.218687875, -0.248182203, 0.0 ], [ 122.203298437, -0.245415614, 0.0 ], [ 122.193336214, -0.25688516, 0.0 ] ], [ [ 122.242101314, -0.207101708, 0.0 ], [ 122.228326853, -0.213607784, 0.0 ], [ 122.251118867, -0.260235656, 0.0 ], [ 122.278092878, -0.267988356, 0.0 ], [ 122.284641294, -0.256181571, 0.0 ], [ 122.292374967, -0.268580392, 0.0 ], [ 122.301663663, -0.257889616, 0.0 ], [ 122.329914801, -0.294056138, 0.0 ], [ 122.340685678, -0.285004697, 0.0 ], [ 122.361215563, -0.346602434, 0.0 ], [ 122.396894616, -0.390294187, 0.0 ], [ 122.368032797, -0.32981709, 0.0 ], [ 122.380482064, -0.273938639, 0.0 ], [ 122.311539257, -0.235798906, 0.0 ], [ 122.291714522, -0.247605548, 0.0 ], [ 122.282303201, -0.22181545, 0.0 ], [ 122.263637295, -0.238220239, 0.0 ], [ 122.242101314, -0.207101708, 0.0 ] ], [ [ 122.066465943, -0.38541816, 0.0 ], [ 122.083837291, -0.395667349, 0.0 ], [ 122.063545631, -0.409257501, 0.0 ], [ 122.096936382, -0.447259711, 0.0 ], [ 122.092862702, -0.428419545, 0.0 ], [ 122.108082088, -0.434722025, 0.0 ], [ 122.094039988, -0.400009339, 0.0 ], [ 122.129677007, -0.424495224, 0.0 ], [ 122.152931459, -0.396386968, 0.0 ], [ 122.141471877, -0.340174129, 0.0 ], [ 122.139527981, -0.357141389, 0.0 ], [ 122.10988048, -0.339638933, 0.0 ], [ 122.091313136, -0.271537659, 0.0 ], [ 122.080907607, -0.307556051, 0.0 ], [ 122.070411175, -0.304433661, 0.0 ], [ 122.066465943, -0.38541816, 0.0 ] ], [ [ 121.99316351, -0.342846517, 0.0 ], [ 121.972330544, -0.347708761, 0.0 ], [ 121.969428815, -0.326247476, 0.0 ], [ 121.930751606, -0.325771905, 0.0 ], [ 121.932235276, -0.344218849, 0.0 ], [ 121.949141745, -0.334277733, 0.0 ], [ 121.967534472, -0.361184544, 0.0 ], [ 121.949206507, -0.353186951, 0.0 ], [ 121.928124386, -0.371685561, 0.0 ], [ 121.91621804, -0.337320122, 0.0 ], [ 121.889097491, -0.340729608, 0.0 ], [ 121.859285472, -0.38293842, 0.0 ], [ 121.884395713, -0.421638722, 0.0 ], [ 121.918677404, -0.439549387, 0.0 ], [ 121.953230007, -0.419666895, 0.0 ], [ 122.010781287, -0.421354948, 0.0 ], [ 122.009440519, -0.398018661, 0.0 ], [ 122.016885165, -0.418801427, 0.0 ], [ 122.054630608, -0.420856732, 0.0 ], [ 122.05333693, -0.401384748, 0.0 ], [ 122.068288165, -0.396284303, 0.0 ], [ 122.059956351, -0.348549374, 0.0 ], [ 122.04008949, -0.338934251, 0.0 ], [ 122.040367562, -0.361358038, 0.0 ], [ 122.019297508, -0.353339681, 0.0 ], [ 122.012954502, -0.374753615, 0.0 ], [ 122.00448211, -0.355315904, 0.0 ], [ 121.980022971, -0.35525442, 0.0 ], [ 121.99316351, -0.342846517, 0.0 ] ], [ [ 121.718254144, -0.474451686, 0.0 ], [ 121.698005947, -0.470757424, 0.0 ], [ 121.706057783, -0.480534245, 0.0 ], [ 121.69309064, -0.479279036, 0.0 ], [ 121.669359267, -0.532395614, 0.0 ], [ 121.649970179, -0.54021256, 0.0 ], [ 121.65911289, -0.576930766, 0.0 ], [ 121.699957846, -0.563118027, 0.0 ], [ 121.73712007, -0.495115852, 0.0 ], [ 121.746798326, -0.511135705, 0.0 ], [ 121.782602729, -0.494356349, 0.0 ], [ 121.830689781, -0.532398172, 0.0 ], [ 121.862317691, -0.518789504, 0.0 ], [ 121.834410617, -0.49626129, 0.0 ], [ 121.863124112, -0.496348296, 0.0 ], [ 121.871212533, -0.534873511, 0.0 ], [ 121.88598533, -0.539797026, 0.0 ], [ 121.917296898, -0.516834748, 0.0 ], [ 121.908815106, -0.492428141, 0.0 ], [ 121.922810797, -0.478245931, 0.0 ], [ 121.903861036, -0.428125817, 0.0 ], [ 121.851181047, -0.408613175, 0.0 ], [ 121.783376138, -0.45008297, 0.0 ], [ 121.769988977, -0.415694722, 0.0 ], [ 121.754984942, -0.428928022, 0.0 ], [ 121.768658356, -0.460819685, 0.0 ], [ 121.73839742, -0.448809559, 0.0 ], [ 121.718254144, -0.474451686, 0.0 ] ], [ [ 121.817967403, -0.389715708, 0.0 ], [ 121.816381844, -0.408456465, 0.0 ], [ 121.827447254, -0.397273911, 0.0 ], [ 121.817967403, -0.389715708, 0.0 ] ], [ [ 121.669854289, -0.575366962, 0.0 ], [ 121.658720399, -0.583011724, 0.0 ], [ 121.678859067, -0.586444982, 0.0 ], [ 121.669854289, -0.575366962, 0.0 ] ], [ [ 122.085704839, -0.261743439, 0.0 ], [ 122.088512425, -0.241044312, 0.0 ], [ 122.028398703, -0.274728854, 0.0 ], [ 122.085704839, -0.261743439, 0.0 ] ], [ [ 122.116633473, -0.254015073, 0.0 ], [ 122.114753907, -0.268289893, 0.0 ], [ 122.128309673, -0.266138711, 0.0 ], [ 122.116633473, -0.254015073, 0.0 ] ] ] ] } },
{ "type": "Feature", "properties": { "id": 677, "pbph": null, "kph": null, "provinsi": null, "fungsi": "TWAL" }, "geometry": { "type": "MultiPolygon", "coordinates": [ [ [ [ 120.610523421, -1.999576897, 0.0 ], [ 120.566568606, -1.966843374, 0.0 ], [ 120.55497109, -1.925254653, 0.0 ], [ 120.569454339, -1.910479148, 0.0 ], [ 120.610523421, -1.999576897, 0.0 ] ] ] ] } },
{ "type": "Feature", "properties": { "id": 680, "pbph": null, "kph": null, "provinsi": null, "fungsi": "APL" }, "geometry": { "type": "MultiPolygon", "coordinates": [ [ [ [ 123.119114928, -0.76675585, 0.0 ], [ 123.142109227, -0.802731913, 0.0 ], [ 123.099135027, -0.770146564, 0.0 ], [ 123.119114928, -0.76675585, 0.0 ] ] ], [ [ [ 123.014151082, -0.798055265, 0.0 ], [ 123.009023654, -0.784394915, 0.0 ], [ 123.034078265, -0.780407393, 0.0 ], [ 123.014151082, -0.798055265, 0.0 ] ] ], [ [ [ 123.226027814, -0.811236367, 0.0 ], [ 123.246457427, -0.824006677, 0.0 ], [ 123.222379468, -0.829169501, 0.0 ], [ 123.229391886, -0.818750865, 0.0 ], [ 123.202040126, -0.806206624, 0.0 ], [ 123.226027814, -0.811236367, 0.0 ] ] ], [ [ [ 123.156106604, -0.91304722, 0.0 ], [ 123.144898491, -0.904047848, 0.0 ], [ 123.158791313, -0.901841399, 0.0 ], [ 123.156106604, -0.91304722, 0.0 ] ] ], [ [ [ 122.285883354, -0.9228957, 0.0 ], [ 122.283932976, -0.937813429, 0.0 ], [ 122.268975073, -0.930533174, 0.0 ], [ 122.285883354, -0.9228957, 0.0 ] ] ], [ [ [ 122.273639571, -0.947707644, 0.0 ], [ 122.191835403, -0.979465485, 0.0 ], [ 122.222513199, -0.956474304, 0.0 ], [ 122.232702256, -0.966510773, 0.0 ], [ 122.241350175, -0.951154709, 0.0 ], [ 122.273639571, -0.947707644, 0.0 ] ] ] ] } },
{ "type": "Feature", "properties": { "id": 685, "pbph": null, "kph": null, "provinsi": null, "fungsi": "APL" }, "geometry": { "type": "MultiPolygon", "coordinates": [ [ [ [ 121.11148162, -1.876547712, 0.0 ], [ 121.117044978, -1.889436961, 0.0 ], [ 121.128668809, -1.881815758, 0.0 ], [ 121.127059208, -1.900353987, 0.0 ], [ 121.11148162, -1.876547712, 0.0 ] ] ], [ [ [ 121.061662601, -1.922175894, 0.0 ], [ 121.045774459, -1.901466369, 0.0 ], [ 121.058927536, -1.887907027, 0.0 ], [ 121.061662601, -1.922175894, 0.0 ] ] ], [ [ [ 121.211251495, -1.925087126, 0.0 ], [ 121.243601108, -1.96712041, 0.0 ], [ 121.227157593, -1.968153714, 0.0 ], [ 121.220057973, -1.998150225, 0.0 ], [ 121.206819687, -1.989698086, 0.0 ], [ 121.211251495, -1.925087126, 0.0 ] ] ] ] } },
{ "type": "Feature", "properties": { "id": 686, "pbph": null, "kph": null, "provinsi": null, "fungsi": "APL" }, "geometry": { "type": "MultiPolygon", "coordinates": [ [ [ [ 121.212937017, -1.514275668, 0.0 ], [ 121.197969299, -1.538889584, 0.0 ], [ 121.179619071, -1.532959518, 0.0 ], [ 121.203853026, -1.486511218, 0.0 ], [ 121.216807684, -1.490527539, 0.0 ], [ 121.20441362, -1.498787046, 0.0 ], [ 121.212937017, -1.514275668, 0.0 ] ] ] ] } },
{ "type": "Feature", "properties": { "id": 700, "pbph": null, "kph": null, "provinsi": null, "fungsi": "APL" }, "geometry": { "type": "MultiPolygon", "coordinates": [ [ [ [ 123.963137919, 0.481046696, 0.0 ], [ 123.966808393, 0.448850638, 0.0 ], [ 123.937063364, 0.474225099, 0.0 ], [ 123.963137919, 0.481046696, 0.0 ] ] ] ] } },
{ "type": "Feature", "properties": { "id": 701, "pbph": null, "kph": null, "provinsi": null, "fungsi": "APL" }, "geometry": { "type": "MultiPolygon", "coordinates": [ [ [ [ 124.42559243, 0.509801855, 0.0 ], [ 124.446862484, 0.48783067, 0.0 ], [ 124.502067812, 0.502453077, 0.0 ], [ 124.513027219, 0.47285213, 0.0 ], [ 124.496235552, 0.466160893, 0.0 ], [ 124.488410053, 0.486577325, 0.0 ], [ 124.480965124, 0.467148085, 0.0 ], [ 124.447113174, 0.462737979, 0.0 ], [ 124.452878748, 0.444023192, 0.0 ], [ 124.412653242, 0.454531162, 0.0 ], [ 124.359829952, 0.445821405, 0.0 ], [ 124.360562202, 0.432910601, 0.0 ], [ 124.356464855, 0.45530733, 0.0 ], [ 124.324109947, 0.446098296, 0.0 ], [ 124.313318619, 0.413632841, 0.0 ], [ 124.294059624, 0.441130228, 0.0 ], [ 124.28564277, 0.423574668, 0.0 ], [ 124.268759789, 0.430769278, 0.0 ], [ 124.288229907, 0.406451765, 0.0 ], [ 124.224934654, 0.395057387, 0.0 ], [ 124.21971245, 0.382303333, 0.0 ], [ 124.191918091, 0.397513237, 0.0 ], [ 124.079808868, 0.387313789, 0.0 ], [ 124.049661401, 0.368303127, 0.0 ], [ 123.991917061, 0.374362713, 0.0 ], [ 123.974374116, 0.358285, 0.0 ], [ 123.879168528, 0.346982307, 0.0 ], [ 123.859884292, 0.327574538, 0.0 ], [ 123.807698677, 0.334863199, 0.0 ], [ 123.777928546, 0.310459217, 0.0 ], [ 123.707347919, 0.318955201, 0.0 ], [ 123.676892534, 0.295200459, 0.0 ], [ 123.648059978, 0.306976162, 0.0 ], [ 123.62312055, 0.292568968, 0.0 ], [ 123.574751424, 0.321969794, 0.0 ], [ 123.494222952, 0.306493277, 0.0 ], [ 123.476651321, 0.316585286, 0.0 ], [ 123.480479943, 0.35383585, 0.0 ], [ 123.536903382, 0.371659905, 0.0 ], [ 123.568916322, 0.359034687, 0.0 ], [ 123.585901813, 0.368451541, 0.0 ], [ 123.622848511, 0.332807303, 0.0 ], [ 123.642608643, 0.325417549, 0.0 ], [ 123.653106689, 0.340973616, 0.0 ], [ 123.690681458, 0.316524774, 0.0 ], [ 123.698600769, 0.344731122, 0.0 ], [ 123.723373413, 0.356479585, 0.0 ], [ 123.751678468, 0.331329346, 0.0 ], [ 123.793365479, 0.327321351, 0.0 ], [ 123.823776247, 0.356661051, 0.0 ], [ 123.848976135, 0.348345429, 0.0 ], [ 123.949775696, 0.372694493, 0.0 ], [ 123.939689637, 0.387841254, 0.0 ], [ 123.962524414, 0.381998897, 0.0 ], [ 123.978777026, 0.401620668, 0.0 ], [ 123.973882676, 0.421487809, 0.0 ], [ 124.064541275, 0.40620796, 0.0 ], [ 124.053916723, 0.42635723, 0.0 ], [ 124.092096391, 0.465921255, 0.0 ], [ 124.125087082, 0.432994673, 0.0 ], [ 124.152698492, 0.456077431, 0.0 ], [ 124.155700684, 0.418175102, 0.0 ], [ 124.18188941, 0.397267403, 0.0 ], [ 124.189599067, 0.426307055, 0.0 ], [ 124.236134924, 0.44794987, 0.0 ], [ 124.232056456, 0.483270034, 0.0 ], [ 124.283363342, 0.44837746, 0.0 ], [ 124.314012977, 0.477344097, 0.0 ], [ 124.322303831, 0.458453113, 0.0 ], [ 124.33934784, 0.473621517, 0.0 ], [ 124.361114502, 0.468636483, 0.0 ], [ 124.362083245, 0.508671387, 0.0 ], [ 124.390350342, 0.494808703, 0.0 ], [ 124.42559243, 0.509801855, 0.0 ] ] ] ] } },
{ "type": "Feature", "properties": { "id": 745, "pbph": null, "kph": null, "provinsi": null, "fungsi": "APL" }, "geometry": { "type": "MultiPolygon", "coordinates": [ [ [ [ 124.701116029, 0.938159139, 0.0 ], [ 124.715196239, 0.932507562, 0.0 ], [ 124.709080786, 0.922203544, 0.0 ], [ 124.692483063, 0.92507357, 0.0 ], [ 124.701116029, 0.938159139, 0.0 ] ] ] ] } },
{ "type": "Feature", "properties": { "id": 748, "pbph": null, "kph": null, "provinsi": null, "fungsi": "APL" }, "geometry": { "type": "MultiPolygon", "coordinates": [ [ [ [ 124.574374004, 0.953177705, 0.0 ], [ 124.585227966, 0.948927581, 0.0 ], [ 124.574836731, 0.933586716, 0.0 ], [ 124.539281388, 0.927806378, 0.0 ], [ 124.527453949, 0.910748247, 0.0 ], [ 124.523280855, 0.940565002, 0.0 ], [ 124.558631897, 0.961670399, 0.0 ], [ 124.574374004, 0.953177705, 0.0 ] ] ] ] } },
{ "type": "Feature", "properties": { "id": 763, "pbph": null, "kph": null, "provinsi": null, "fungsi": "APL" }, "geometry": { "type": "MultiPolygon", "coordinates": [ [ [ [ 124.414144516, 0.998624802, 0.0 ], [ 124.399187475, 0.998249486, 0.0 ], [ 124.408619706, 1.015071749, 0.0 ], [ 124.414144516, 0.998624802, 0.0 ] ] ] ] } },
{ "type": "Feature", "properties": { "id": 765, "pbph": null, "kph": null, "provinsi": null, "fungsi": "APL" }, "geometry": { "type": "MultiPolygon", "coordinates": [ [ [ [ 124.575849798, 1.009393474, 0.0 ], [ 124.573581898, 0.997998792, 0.0 ], [ 124.542255852, 1.005361134, 0.0 ], [ 124.588884366, 1.03301279, 0.0 ], [ 124.595435206, 1.020712979, 0.0 ], [ 124.579456235, 1.023894393, 0.0 ], [ 124.575849798, 1.009393474, 0.0 ] ] ] ] } },
{ "type": "Feature", "properties": { "id": 810, "pbph": null, "kph": null, "provinsi": null, "fungsi": "APL" }, "geometry": { "type": "MultiPolygon", "coordinates": [ [ [ [ 125.293122001, 1.547929093, 0.0 ], [ 125.259897462, 1.412503733, 0.0 ], [ 125.174834627, 1.398260009, 0.0 ], [ 125.173606915, 1.386951496, 0.0 ], [ 125.179281047, 1.405867401, 0.0 ], [ 125.167087084, 1.404147995, 0.0 ], [ 125.185759344, 1.431923466, 0.0 ], [ 125.240571458, 1.444458412, 0.0 ], [ 125.237579289, 1.461823387, 0.0 ], [ 125.293122001, 1.547929093, 0.0 ] ], [ [ 125.24922155, 1.432107304, 0.0 ], [ 125.253676342, 1.466725596, 0.0 ], [ 125.244159748, 1.432578722, 0.0 ], [ 125.223844325, 1.419323365, 0.0 ], [ 125.24922155, 1.432107304, 0.0 ] ] ] ] } },
{ "type": "Feature", "properties": { "id": 844, "pbph": null, "kph": null, "provinsi": null, "fungsi": "APL" }, "geometry": { "type": "MultiPolygon", "coordinates": [ [ [ [ 125.008928015, 1.733284437, 0.0 ], [ 125.026041031, 1.729169846, 0.0 ], [ 125.012875244, 1.670554718, 0.0 ], [ 125.025513981, 1.680097408, 0.0 ], [ 125.07973671, 1.663923263, 0.0 ], [ 125.077962132, 1.679628557, 0.0 ], [ 125.111201157, 1.661649673, 0.0 ], [ 125.144337132, 1.687367485, 0.0 ], [ 125.165740967, 1.666874051, 0.0 ], [ 125.142603341, 1.615106859, 0.0 ], [ 125.16488972, 1.570464408, 0.0 ], [ 125.131863757, 1.532391986, 0.0 ], [ 125.096619827, 1.551034941, 0.0 ], [ 125.078308105, 1.645774484, 0.0 ], [ 125.043289184, 1.581727624, 0.0 ], [ 125.011894226, 1.567750931, 0.0 ], [ 125.007362365, 1.542700529, 0.0 ], [ 125.025438308, 1.511800766, 0.0 ], [ 125.045689009, 1.529134325, 0.0 ], [ 125.076688766, 1.506570816, 0.0 ], [ 125.099607468, 1.511762619, 0.0 ], [ 125.107339858, 1.496255876, 0.0 ], [ 125.136308669, 1.514551163, 0.0 ], [ 125.141939082, 1.479292324, 0.0 ], [ 125.174026078, 1.463027511, 0.0 ], [ 125.187975483, 1.483479917, 0.0 ], [ 125.180214752, 1.500416224, 0.0 ], [ 125.217518714, 1.490024218, 0.0 ], [ 125.236955807, 1.505094508, 0.0 ], [ 125.235182322, 1.468778188, 0.0 ], [ 125.194952308, 1.437703218, 0.0 ], [ 125.127609905, 1.428488042, 0.0 ], [ 125.120174942, 1.403107702, 0.0 ], [ 125.078286381, 1.366868321, 0.0 ], [ 125.02362078, 1.142493851, 0.0 ], [ 124.971795073, 1.074377333, 0.0 ], [ 124.858543031, 0.968831884, 0.0 ], [ 124.788805567, 0.944180832, 0.0 ], [ 124.76722624, 0.894655293, 0.0 ], [ 124.718086242, 0.898405671, 0.0 ], [ 124.690998967, 0.829988712, 0.0 ], [ 124.669606402, 0.830785299, 0.0 ], [ 124.659506251, 0.808653487, 0.0 ], [ 124.63516688, 0.800950164, 0.0 ], [ 124.629871076, 0.714114847, 0.0 ], [ 124.597804139, 0.706005189, 0.0 ], [ 124.593526974, 0.68341179, 0.0 ], [ 124.581467811, 0.695978866, 0.0 ], [ 124.575818308, 0.670379921, 0.0 ], [ 124.558315853, 0.673210087, 0.0 ], [ 124.543376082, 0.6245557, 0.0 ], [ 124.566099571, 0.618453417, 0.0 ], [ 124.569021198, 0.579230726, 0.0 ], [ 124.533279212, 0.595761921, 0.0 ], [ 124.525156331, 0.563030157, 0.0 ], [ 124.493339595, 0.547123923, 0.0 ], [ 124.499612849, 0.507539101, 0.0 ], [ 124.460184097, 0.549818038, 0.0 ], [ 124.489341736, 0.582953156, 0.0 ], [ 124.48349762, 0.61577189, 0.0 ], [ 124.402652476, 0.691227263, 0.0 ], [ 124.364252962, 0.656539804, 0.0 ], [ 124.340798772, 0.682987869, 0.0 ], [ 124.343814625, 0.645554162, 0.0 ], [ 124.322267598, 0.646995726, 0.0 ], [ 124.329928375, 0.633400782, 0.0 ], [ 124.307370477, 0.623489375, 0.0 ], [ 124.317997067, 0.605050011, 0.0 ], [ 124.293269154, 0.596365988, 0.0 ], [ 124.301358476, 0.548701816, 0.0 ], [ 124.206443786, 0.509797335, 0.0 ], [ 124.214234103, 0.562097058, 0.0 ], [ 124.230157332, 0.570610543, 0.0 ], [ 124.214002247, 0.632260263, 0.0 ], [ 124.179952728, 0.624291794, 0.0 ], [ 124.174589713, 0.609182873, 0.0 ], [ 124.15540666, 0.622563252, 0.0 ], [ 124.153910444, 0.606841858, 0.0 ], [ 124.142287037, 0.62337534, 0.0 ], [ 124.139382379, 0.596962456, 0.0 ], [ 124.098619599, 0.567223791, 0.0 ], [ 124.102510115, 0.550880744, 0.0 ], [ 124.073258332, 0.561776532, 0.0 ], [ 124.052423477, 0.53632164, 0.0 ], [ 124.103477878, 0.540799884, 0.0 ], [ 124.045560935, 0.516424427, 0.0 ], [ 124.017619382, 0.526813162, 0.0 ], [ 124.012922287, 0.503896713, 0.0 ], [ 123.969605642, 0.470708008, 0.0 ], [ 123.957974376, 0.510709156, 0.0 ], [ 123.899281736, 0.521119825, 0.0 ], [ 123.882157339, 0.558117297, 0.0 ], [ 123.902936356, 0.554781044, 0.0 ], [ 123.906743629, 0.575268554, 0.0 ], [ 123.953533612, 0.573824813, 0.0 ], [ 123.955855601, 0.589755817, 0.0 ], [ 123.962596722, 0.580169848, 0.0 ], [ 124.007995447, 0.594126476, 0.0 ], [ 124.01762988, 0.623742905, 0.0 ], [ 124.042273655, 0.628656428, 0.0 ], [ 124.118997723, 0.696275398, 0.0 ], [ 124.108188861, 0.716653612, 0.0 ], [ 124.156500531, 0.681390427, 0.0 ], [ 124.173737812, 0.688493883, 0.0 ], [ 124.161876238, 0.6970337, 0.0 ], [ 124.170813129, 0.711893658, 0.0 ], [ 124.135802455, 0.713439049, 0.0 ], [ 124.127899587, 0.731149324, 0.0 ], [ 124.164755469, 0.716174016, 0.0 ], [ 124.185302807, 0.727894495, 0.0 ], [ 124.206681296, 0.687692325, 0.0 ], [ 124.198222322, 0.661380445, 0.0 ], [ 124.236893086, 0.666105719, 0.0 ], [ 124.219167049, 0.690638139, 0.0 ], [ 124.233189522, 0.728708213, 0.0 ], [ 124.206785969, 0.73009995, 0.0 ], [ 124.228914956, 0.745540272, 0.0 ], [ 124.192406886, 0.762434445, 0.0 ], [ 124.214389944, 0.774433449, 0.0 ], [ 124.208143338, 0.792962351, 0.0 ], [ 124.133578128, 0.826205582, 0.0 ], [ 124.130330617, 0.797099378, 0.0 ], [ 124.112313208, 0.833400855, 0.0 ], [ 124.093843013, 0.804625505, 0.0 ], [ 124.120430722, 0.77623654, 0.0 ], [ 124.100898743, 0.776369154, 0.0 ], [ 124.104356119, 0.731725585, 0.0 ], [ 124.088927603, 0.770957767, 0.0 ], [ 124.10098738, 0.780834783, 0.0 ], [ 124.008964052, 0.829994428, 0.0 ], [ 123.994242653, 0.814369243, 0.0 ], [ 123.976781021, 0.829244802, 0.0 ], [ 123.946442542, 0.816991451, 0.0 ], [ 123.939378667, 0.82819829, 0.0 ], [ 123.925533971, 0.806769794, 0.0 ], [ 123.899303961, 0.801663449, 0.0 ], [ 123.925613861, 0.792973267, 0.0 ], [ 123.920710016, 0.767423355, 0.0 ], [ 123.913972673, 0.780983505, 0.0 ], [ 123.869141696, 0.782620805, 0.0 ], [ 123.854809531, 0.80287156, 0.0 ], [ 123.830705689, 0.791565063, 0.0 ], [ 123.826571375, 0.830945143, 0.0 ], [ 123.790968691, 0.793914781, 0.0 ], [ 123.721369456, 0.84349442, 0.0 ], [ 123.733442018, 0.793934665, 0.0 ], [ 123.705252795, 0.838448139, 0.0 ], [ 123.679697384, 0.83866229, 0.0 ], [ 123.68198617, 0.825513193, 0.0 ], [ 123.655241059, 0.842894963, 0.0 ], [ 123.650125504, 0.827268601, 0.0 ], [ 123.665937424, 0.818002701, 0.0 ], [ 123.654780251, 0.803616254, 0.0 ], [ 123.637182524, 0.79158067, 0.0 ], [ 123.63480719, 0.817837624, 0.0 ], [ 123.615003619, 0.83332742, 0.0 ], [ 123.62900627, 0.814654934, 0.0 ], [ 123.579423865, 0.784502346, 0.0 ], [ 123.576482773, 0.802278518, 0.0 ], [ 123.538475893, 0.801704953, 0.0 ], [ 123.564521791, 0.816328824, 0.0 ], [ 123.519962016, 0.830950196, 0.0 ], [ 123.508764791, 0.85336062, 0.0 ], [ 123.473917007, 0.83779335, 0.0 ], [ 123.45306203, 0.849082774, 0.0 ], [ 123.466960196, 0.869515786, 0.0 ], [ 123.431570401, 0.861887157, 0.0 ], [ 123.405777135, 0.883354734, 0.0 ], [ 123.403360367, 0.869016647, 0.0 ], [ 123.361135703, 0.853638329, 0.0 ], [ 123.383028031, 0.846395492, 0.0 ], [ 123.368131501, 0.824562898, 0.0 ], [ 123.381913718, 0.770121137, 0.0 ], [ 123.361116165, 0.780651192, 0.0 ], [ 123.374240067, 0.788363566, 0.0 ], [ 123.349074792, 0.85890826, 0.0 ], [ 123.354856491, 0.806119919, 0.0 ], [ 123.336034857, 0.814763833, 0.0 ], [ 123.332112211, 0.798036076, 0.0 ], [ 123.324676524, 0.84924513, 0.0 ], [ 123.298965943, 0.857739307, 0.0 ], [ 123.307911582, 0.866828106, 0.0 ], [ 123.274103295, 0.869540514, 0.0 ], [ 123.282072507, 0.86002365, 0.0 ], [ 123.269735498, 0.853581937, 0.0 ], [ 123.270457837, 0.87451229, 0.0 ], [ 123.251931769, 0.860708462, 0.0 ], [ 123.239660264, 0.886739731, 0.0 ], [ 123.241715896, 0.874280534, 0.0 ], [ 123.221723557, 0.871133805, 0.0 ], [ 123.235585309, 0.832367964, 0.0 ], [ 123.119645465, 0.895016673, 0.0 ], [ 123.117713664, 0.926072478, 0.0 ], [ 123.165421688, 0.90206832, 0.0 ], [ 123.195419656, 0.916131793, 0.0 ], [ 123.204164505, 0.89991188, 0.0 ], [ 123.167713466, 0.951228979, 0.0 ], [ 123.242188833, 0.940150284, 0.0 ], [ 123.247292724, 0.958882998, 0.0 ], [ 123.262065592, 0.932996835, 0.0 ], [ 123.24831637, 0.920716028, 0.0 ], [ 123.252358719, 0.893595507, 0.0 ], [ 123.254200879, 0.922598768, 0.0 ], [ 123.337438012, 0.91441494, 0.0 ], [ 123.352754593, 0.891508102, 0.0 ], [ 123.372915353, 0.912897868, 0.0 ], [ 123.404878348, 0.89260296, 0.0 ], [ 123.400839035, 0.915284582, 0.0 ], [ 123.425855637, 0.884706497, 0.0 ], [ 123.424023845, 0.900208176, 0.0 ], [ 123.449444578, 0.90362689, 0.0 ], [ 123.540173319, 0.885919619, 0.0 ], [ 123.593044184, 0.904291591, 0.0 ], [ 123.69981575, 0.85669899, 0.0 ], [ 123.71303185, 0.873971132, 0.0 ], [ 123.736010824, 0.865661992, 0.0 ], [ 123.730207444, 0.851114273, 0.0 ], [ 123.752786638, 0.829809189, 0.0 ], [ 123.76573612, 0.838109129, 0.0 ], [ 123.756861551, 0.85495328, 0.0 ], [ 123.778909538, 0.828730003, 0.0 ], [ 123.806032165, 0.835932337, 0.0 ], [ 123.791563222, 0.855516274, 0.0 ], [ 123.827125905, 0.840472884, 0.0 ], [ 123.913685884, 0.851903909, 0.0 ], [ 123.959264912, 0.837114607, 0.0 ], [ 123.929475492, 0.857953805, 0.0 ], [ 124.073102085, 0.92137353, 0.0 ], [ 124.049660031, 0.908250078, 0.0 ], [ 124.064698438, 0.876422943, 0.0 ], [ 124.06971184, 0.893659828, 0.0 ], [ 124.082754766, 0.889557235, 0.0 ], [ 124.075136366, 0.922288816, 0.0 ], [ 124.139942627, 0.929526319, 0.0 ], [ 124.203155523, 0.9897351, 0.0 ], [ 124.298708371, 1.007289315, 0.0 ], [ 124.35659623, 1.134167897, 0.0 ], [ 124.343174005, 1.154135731, 0.0 ], [ 124.353403092, 1.163793564, 0.0 ], [ 124.415457562, 1.195078986, 0.0 ], [ 124.516533614, 1.187161221, 0.0 ], [ 124.52682891, 1.213158612, 0.0 ], [ 124.548120569, 1.208529966, 0.0 ], [ 124.563671504, 1.179829219, 0.0 ], [ 124.575361578, 1.185461508, 0.0 ], [ 124.614047152, 1.244941489, 0.0 ], [ 124.590773886, 1.276833562, 0.0 ], [ 124.572985998, 1.27189419, 0.0 ], [ 124.575490147, 1.287030542, 0.0 ], [ 124.550040747, 1.271365561, 0.0 ], [ 124.514964145, 1.301803545, 0.0 ], [ 124.534769061, 1.353010178, 0.0 ], [ 124.617410659, 1.417448043, 0.0 ], [ 124.673357326, 1.393829166, 0.0 ], [ 124.753422494, 1.454880893, 0.0 ], [ 124.826703711, 1.462919628, 0.0 ], [ 124.844660301, 1.51870421, 0.0 ], [ 124.804328714, 1.570869704, 0.0 ], [ 124.866201829, 1.598136383, 0.0 ], [ 124.901048661, 1.645242692, 0.0 ], [ 124.929288865, 1.647687912, 0.0 ], [ 124.938097, 1.679670333, 0.0 ], [ 124.969263077, 1.664587021, 0.0 ], [ 124.976676436, 1.715308548, 0.0 ], [ 124.969398371, 1.705546873, 0.0 ], [ 124.963020903, 1.728608726, 0.0 ], [ 124.992728869, 1.717752297, 0.0 ], [ 124.980549364, 1.750002737, 0.0 ], [ 125.008928015, 1.733284437, 0.0 ] ], [ [ 124.950241226, 1.618304592, 0.0 ], [ 124.962153397, 1.611686847, 0.0 ], [ 124.937270901, 1.590444129, 0.0 ], [ 124.965877542, 1.537324702, 0.0 ], [ 124.995422364, 1.560978174, 0.0 ], [ 125.006164553, 1.623657109, 0.0 ], [ 124.969993591, 1.640432596, 0.0 ], [ 124.960456849, 1.624762893, 0.0 ], [ 124.946100493, 1.641406799, 0.0 ], [ 124.930265093, 1.630807345, 0.0 ], [ 124.950241226, 1.618304592, 0.0 ] ], [ [ 124.840542937, 1.575431684, 0.0 ], [ 124.832983017, 1.562692642, 0.0 ], [ 124.850788897, 1.557436012, 0.0 ], [ 124.840542937, 1.575431684, 0.0 ] ], [ [ 125.074526325, 1.45298295, 0.0 ], [ 125.073717001, 1.487578879, 0.0 ], [ 125.027343794, 1.502122492, 0.0 ], [ 124.979777358, 1.453568236, 0.0 ], [ 125.016305923, 1.426706315, 0.0 ], [ 125.074526325, 1.45298295, 0.0 ] ], [ [ 124.786481664, 1.39425718, 0.0 ], [ 124.760781884, 1.368534675, 0.0 ], [ 124.75598965, 1.382292719, 0.0 ], [ 124.740071056, 1.37888533, 0.0 ], [ 124.754673808, 1.347199238, 0.0 ], [ 124.807668022, 1.350706851, 0.0 ], [ 124.813597922, 1.401881018, 0.0 ], [ 124.791228609, 1.394942213, 0.0 ], [ 124.786389865, 1.40897175, 0.0 ], [ 124.786481664, 1.39425718, 0.0 ] ], [ [ 124.861857202, 1.355678306, 0.0 ], [ 124.867036248, 1.340970975, 0.0 ], [ 124.885919387, 1.378509242, 0.0 ], [ 124.861818632, 1.376071274, 0.0 ], [ 124.861857202, 1.355678306, 0.0 ] ], [ [ 124.983195309, 1.337314509, 0.0 ], [ 124.967451975, 1.330293681, 0.0 ], [ 124.970788716, 1.286679893, 0.0 ], [ 124.952501297, 1.26402092, 0.0 ], [ 124.963604806, 1.245520733, 0.0 ], [ 125.000140788, 1.303671759, 0.0 ], [ 124.984348156, 1.307543085, 0.0 ], [ 124.988617769, 1.327982505, 0.0 ], [ 125.004461009, 1.317939325, 0.0 ], [ 125.020497757, 1.345845428, 0.0 ], [ 125.000715262, 1.351727879, 0.0 ], [ 124.983195309, 1.337314509, 0.0 ] ], [ [ 124.612130784, 1.387101229, 0.0 ], [ 124.585763931, 1.375764847, 0.0 ], [ 124.579923629, 1.319177627, 0.0 ], [ 124.615720503, 1.32335498, 0.0 ], [ 124.650182875, 1.307402045, 0.0 ], [ 124.672054109, 1.341085787, 0.0 ], [ 124.653878542, 1.373662906, 0.0 ], [ 124.612130784, 1.387101229, 0.0 ] ], [ [ 124.706232259, 1.329076515, 0.0 ], [ 124.68640703, 1.317853105, 0.0 ], [ 124.729236747, 1.326192745, 0.0 ], [ 124.706232259, 1.329076515, 0.0 ] ], [ [ 124.913551115, 1.282685632, 0.0 ], [ 124.89651654, 1.243939502, 0.0 ], [ 124.856908642, 1.211358109, 0.0 ], [ 124.888213093, 1.169565898, 0.0 ], [ 124.930344636, 1.247562268, 0.0 ], [ 124.930977131, 1.274154424, 0.0 ], [ 124.913551115, 1.282685632, 0.0 ] ], [ [ 124.730749541, 1.174038863, 0.0 ], [ 124.713261043, 1.166679623, 0.0 ], [ 124.70243917, 1.189842615, 0.0 ], [ 124.65991344, 1.184704889, 0.0 ], [ 124.640966413, 1.154546989, 0.0 ], [ 124.674478531, 1.134478121, 0.0 ], [ 124.672911589, 1.110260809, 0.0 ], [ 124.714208605, 1.09324481, 0.0 ], [ 124.745721494, 1.05636703, 0.0 ], [ 124.791819986, 1.075321517, 0.0 ], [ 124.805275826, 1.107379174, 0.0 ], [ 124.772382666, 1.103483571, 0.0 ], [ 124.777920161, 1.131133425, 0.0 ], [ 124.764686595, 1.144461839, 0.0 ], [ 124.775640305, 1.156210813, 0.0 ], [ 124.730749541, 1.174038863, 0.0 ] ], [ [ 124.893040681, 1.161771656, 0.0 ], [ 124.875043869, 1.148099899, 0.0 ], [ 124.890451702, 1.133284489, 0.0 ], [ 124.901253982, 1.13713644, 0.0 ], [ 124.893040681, 1.161771656, 0.0 ] ], [ [ 124.803972081, 1.115429305, 0.0 ], [ 124.818595537, 1.098761564, 0.0 ], [ 124.862282989, 1.097370748, 0.0 ], [ 124.840899561, 1.13003096, 0.0 ], [ 124.803972081, 1.115429305, 0.0 ] ], [ [ 124.936976905, 1.11987046, 0.0 ], [ 124.923528671, 1.094896317, 0.0 ], [ 124.959589005, 1.085546494, 0.0 ], [ 124.966188235, 1.114068075, 0.0 ], [ 124.936976905, 1.11987046, 0.0 ] ], [ [ 124.573655648, 1.097204354, 0.0 ], [ 124.544166565, 1.133318305, 0.0 ], [ 124.514184558, 1.002391873, 0.0 ], [ 124.525135221, 0.997681682, 0.0 ], [ 124.505195618, 0.976899565, 0.0 ], [ 124.518936157, 0.952428519, 0.0 ], [ 124.490793228, 0.923238754, 0.0 ], [ 124.504251481, 0.854501724, 0.0 ], [ 124.443841934, 0.84535408, 0.0 ], [ 124.467569351, 0.821340561, 0.0 ], [ 124.469297409, 0.795572281, 0.0 ], [ 124.493215561, 0.806051254, 0.0 ], [ 124.486061865, 0.732371448, 0.0 ], [ 124.47000122, 0.71480304, 0.0 ], [ 124.461674759, 0.773444204, 0.0 ], [ 124.456268848, 0.730978927, 0.0 ], [ 124.422781628, 0.779514637, 0.0 ], [ 124.382641748, 0.797476102, 0.0 ], [ 124.419021023, 0.819461266, 0.0 ], [ 124.417176026, 0.843549847, 0.0 ], [ 124.455567831, 0.859363546, 0.0 ], [ 124.454122544, 0.886240005, 0.0 ], [ 124.427449376, 0.87892784, 0.0 ], [ 124.421748298, 0.895154931, 0.0 ], [ 124.430894852, 0.937955856, 0.0 ], [ 124.459711075, 0.9484272, 0.0 ], [ 124.465562347, 0.937490582, 0.0 ], [ 124.489099502, 0.960027694, 0.0 ], [ 124.459745408, 0.965356827, 0.0 ], [ 124.453493118, 0.992959976, 0.0 ], [ 124.430822372, 0.993432999, 0.0 ], [ 124.454668045, 1.002363205, 0.0 ], [ 124.462408066, 1.024248123, 0.0 ], [ 124.412683487, 1.038446426, 0.0 ], [ 124.392827988, 1.029005051, 0.0 ], [ 124.381986618, 1.046865463, 0.0 ], [ 124.360971451, 1.026899338, 0.0 ], [ 124.36047554, 1.07267952, 0.0 ], [ 124.331415176, 1.049348831, 0.0 ], [ 124.33559227, 1.011377335, 0.0 ], [ 124.364309312, 1.001913071, 0.0 ], [ 124.36084938, 0.939538956, 0.0 ], [ 124.338022233, 0.946050644, 0.0 ], [ 124.342157364, 0.97961998, 0.0 ], [ 124.330236436, 0.94508934, 0.0 ], [ 124.30825615, 0.950101852, 0.0 ], [ 124.309156419, 0.964448929, 0.0 ], [ 124.287214279, 0.941331863, 0.0 ], [ 124.237337112, 0.93903923, 0.0 ], [ 124.228868484, 0.901906967, 0.0 ], [ 124.222208023, 0.931955338, 0.0 ], [ 124.215108871, 0.905832291, 0.0 ], [ 124.19956398, 0.92076683, 0.0 ], [ 124.193624497, 0.910669327, 0.0 ], [ 124.190206528, 0.935602188, 0.0 ], [ 124.189012528, 0.920984268, 0.0 ], [ 124.17588234, 0.936513901, 0.0 ], [ 124.158834457, 0.926610947, 0.0 ], [ 124.167612076, 0.91661644, 0.0 ], [ 124.137727737, 0.919355392, 0.0 ], [ 124.133180618, 0.901208878, 0.0 ], [ 124.090070724, 0.919763565, 0.0 ], [ 124.175832748, 0.847677231, 0.0 ], [ 124.231389999, 0.851705551, 0.0 ], [ 124.223012925, 0.825914383, 0.0 ], [ 124.239770889, 0.805078506, 0.0 ], [ 124.264982223, 0.802793503, 0.0 ], [ 124.266416549, 0.814558029, 0.0 ], [ 124.272146225, 0.802511216, 0.0 ], [ 124.328992843, 0.880018234, 0.0 ], [ 124.344766499, 0.878080402, 0.0 ], [ 124.333261491, 0.81493187, 0.0 ], [ 124.357850877, 0.775918142, 0.0 ], [ 124.342271805, 0.749807358, 0.0 ], [ 124.443741308, 0.72581563, 0.0 ], [ 124.47991702, 0.69092027, 0.0 ], [ 124.55115509, 0.699601948, 0.0 ], [ 124.586341858, 0.750595093, 0.0 ], [ 124.561162949, 0.776834488, 0.0 ], [ 124.565433589, 0.803934546, 0.0 ], [ 124.623886889, 0.811592183, 0.0 ], [ 124.644752502, 0.858706117, 0.0 ], [ 124.698362853, 0.895861535, 0.0 ], [ 124.726974487, 0.9437837, 0.0 ], [ 124.718978882, 0.961598933, 0.0 ], [ 124.646722726, 0.998588717, 0.0 ], [ 124.619616862, 0.975827331, 0.0 ], [ 124.645976924, 0.999309007, 0.0 ], [ 124.620434948, 1.019608909, 0.0 ], [ 124.618856265, 1.003333513, 0.0 ], [ 124.606812607, 1.008568879, 0.0 ], [ 124.573655648, 1.097204354, 0.0 ] ], [ [ 124.092415142, 0.871946138, 0.0 ], [ 124.0760177, 0.868165069, 0.0 ], [ 124.085718155, 0.828886032, 0.0 ], [ 124.092415142, 0.871946138, 0.0 ] ], [ [ 124.437678182, 1.089936896, 0.0 ], [ 124.413545609, 1.084798813, 0.0 ], [ 124.405519486, 1.059213638, 0.0 ], [ 124.436654917, 1.062715428, 0.0 ], [ 124.447654269, 1.080322062, 0.0 ], [ 124.437678182, 1.089936896, 0.0 ] ], [ [ 124.389123891, 1.118538851, 0.0 ], [ 124.363813401, 1.114561081, 0.0 ], [ 124.381788254, 1.103067398, 0.0 ], [ 124.389123891, 1.118538851, 0.0 ] ], [ [ 124.455138813, 1.127265741, 0.0 ], [ 124.437704086, 1.123949051, 0.0 ], [ 124.449666977, 1.103242874, 0.0 ], [ 124.463014603, 1.111940384, 0.0 ], [ 124.455138813, 1.127265741, 0.0 ] ], [ [ 123.61553961, 0.886055013, 0.0 ], [ 123.625067906, 0.893370522, 0.0 ], [ 123.604161, 0.900234757, 0.0 ], [ 123.61553961, 0.886055013, 0.0 ] ], [ [ 123.220962321, 0.934997461, 0.0 ], [ 123.199274063, 0.925416947, 0.0 ], [ 123.233678522, 0.900079956, 0.0 ], [ 123.241289138, 0.921934128, 0.0 ], [ 123.220962321, 0.934997461, 0.0 ] ] ] ] } },
{ "type": "Feature", "properties": { "id": 864, "pbph": null, "kph": null, "provinsi": null, "fungsi": "APL" }, "geometry": { "type": "MultiPolygon", "coordinates": [ [ [ [ 125.146077008, 1.83027299, 0.0 ], [ 125.166268681, 1.801821544, 0.0 ], [ 125.188128041, 1.799967952, 0.0 ], [ 125.185340713, 1.774724524, 0.0 ], [ 125.147638008, 1.757542135, 0.0 ], [ 125.161527589, 1.747027415, 0.0 ], [ 125.14707104, 1.752114279, 0.0 ], [ 125.151051522, 1.734404784, 0.0 ], [ 125.113439632, 1.812892254, 0.0 ], [ 125.137790754, 1.822077323, 0.0 ], [ 125.125919286, 1.827756703, 0.0 ], [ 125.131979152, 1.847294853, 0.0 ], [ 125.146077008, 1.83027299, 0.0 ] ], [ [ 125.124334335, 1.817402225, 0.0 ], [ 125.139956995, 1.776447938, 0.0 ], [ 125.167280369, 1.793683425, 0.0 ], [ 125.150602391, 1.814319555, 0.0 ], [ 125.14066429, 1.799622597, 0.0 ], [ 125.124334335, 1.817402225, 0.0 ] ] ] ] } },
{ "type": "Feature", "properties": { "id": 866, "pbph": null, "kph": null, "provinsi": null, "fungsi": "APL" }, "geometry": { "type": "MultiPolygon", "coordinates": [ [ [ [ 125.099366244, 1.887014194, 0.0 ], [ 125.087055913, 1.838070404, 0.0 ], [ 125.050779909, 1.804467793, 0.0 ], [ 125.066062885, 1.857929846, 0.0 ], [ 125.099366244, 1.887014194, 0.0 ] ], [ [ 125.089897058, 1.86705168, 0.0 ], [ 125.057492071, 1.834587652, 0.0 ], [ 125.061122496, 1.812754686, 0.0 ], [ 125.089897058, 1.86705168, 0.0 ] ] ] ] } },
{ "type": "Feature", "properties": { "id": 889, "pbph": null, "kph": null, "provinsi": null, "fungsi": "APL" }, "geometry": { "type": "MultiPolygon", "coordinates": [ [ [ [ 125.347007355, 2.095797288, 0.0 ], [ 125.364865124, 2.104032222, 0.0 ], [ 125.360331356, 2.129186356, 0.0 ], [ 125.390940116, 2.112477296, 0.0 ], [ 125.410871343, 2.133112439, 0.0 ], [ 125.409063584, 2.102933028, 0.0 ], [ 125.345907444, 2.069649075, 0.0 ], [ 125.336220772, 2.087867584, 0.0 ], [ 125.347007355, 2.095797288, 0.0 ] ] ] ] } },
{ "type": "Feature", "properties": { "id": 894, "pbph": null, "kph": null, "provinsi": null, "fungsi": "APL" }, "geometry": { "type": "MultiPolygon", "coordinates": [ [ [ [ 125.377982785, 2.307525591, 0.0 ], [ 125.365640555, 2.3219722, 0.0 ], [ 125.352364435, 2.309467909, 0.0 ], [ 125.360274088, 2.293819, 0.0 ], [ 125.38311102, 2.302719225, 0.0 ], [ 125.370777516, 2.287522157, 0.0 ], [ 125.343770845, 2.303843379, 0.0 ], [ 125.377606529, 2.327597886, 0.0 ], [ 125.377982785, 2.307525591, 0.0 ] ] ] ] } },
{ "type": "Feature", "properties": { "id": 899, "pbph": null, "kph": null, "provinsi": null, "fungsi": "APL" }, "geometry": { "type": "MultiPolygon", "coordinates": [ [ [ [ 125.373475685, 2.351506411, 0.0 ], [ 125.384822685, 2.381848094, 0.0 ], [ 125.404586706, 2.366756085, 0.0 ], [ 125.433891185, 2.382885555, 0.0 ], [ 125.466543472, 2.349428648, 0.0 ], [ 125.431273974, 2.314567493, 0.0 ], [ 125.373475685, 2.351506411, 0.0 ] ], [ [ 125.431177819, 2.349966945, 0.0 ], [ 125.397668077, 2.345214536, 0.0 ], [ 125.422850045, 2.333123292, 0.0 ], [ 125.446206886, 2.348747243, 0.0 ], [ 125.431177819, 2.349966945, 0.0 ] ] ] ] } },
{ "type": "Feature", "properties": { "id": 912, "pbph": null, "kph": null, "provinsi": null, "fungsi": "APL" }, "geometry": { "type": "MultiPolygon", "coordinates": [ [ [ [ 125.463291348, 2.671864233, 0.0 ], [ 125.46680555, 2.642814202, 0.0 ], [ 125.442622408, 2.638339242, 0.0 ], [ 125.463291348, 2.671864233, 0.0 ] ] ] ] } },
{ "type": "Feature", "properties": { "id": 1012, "pbph": null, "kph": null, "provinsi": null, "fungsi": "APL" }, "geometry": { "type": "MultiPolygon", "coordinates": [ [ [ [ 125.583993952, 3.621582777, 0.0 ], [ 125.594565286, 3.610770226, 0.0 ], [ 125.571099755, 3.605944215, 0.0 ], [ 125.58244335, 3.597190953, 0.0 ], [ 125.553695179, 3.57610814, 0.0 ], [ 125.584917235, 3.582868915, 0.0 ], [ 125.589948451, 3.552605097, 0.0 ], [ 125.617999716, 3.542299316, 0.0 ], [ 125.657792458, 3.477598308, 0.0 ], [ 125.663619647, 3.491433343, 0.0 ], [ 125.640449298, 3.512228166, 0.0 ], [ 125.662101285, 3.523259451, 0.0 ], [ 125.654355551, 3.505186099, 0.0 ], [ 125.669108618, 3.500314717, 0.0 ], [ 125.676044035, 3.437027705, 0.0 ], [ 125.658533872, 3.393970849, 0.0 ], [ 125.605527488, 3.368132622, 0.0 ], [ 125.579446531, 3.414568158, 0.0 ], [ 125.558356119, 3.422268374, 0.0 ], [ 125.568654647, 3.435221322, 0.0 ], [ 125.587287996, 3.424837772, 0.0 ], [ 125.58518959, 3.441087868, 0.0 ], [ 125.549528712, 3.435181381, 0.0 ], [ 125.544028421, 3.410575142, 0.0 ], [ 125.52291493, 3.412840213, 0.0 ], [ 125.520097276, 3.439800172, 0.0 ], [ 125.503141752, 3.435121787, 0.0 ], [ 125.505301671, 3.458046575, 0.0 ], [ 125.48273869, 3.486491652, 0.0 ], [ 125.513000481, 3.567207946, 0.0 ], [ 125.48942072, 3.572925024, 0.0 ], [ 125.482340386, 3.5931173, 0.0 ], [ 125.504788422, 3.605884593, 0.0 ], [ 125.442302331, 3.620454015, 0.0 ], [ 125.413861077, 3.643715518, 0.0 ], [ 125.397604409, 3.673173256, 0.0 ], [ 125.404031033, 3.718895908, 0.0 ], [ 125.446192984, 3.73700858, 0.0 ], [ 125.50796404, 3.722813006, 0.0 ], [ 125.557234344, 3.665657129, 0.0 ], [ 125.556606503, 3.64535888, 0.0 ], [ 125.573030425, 3.645866719, 0.0 ], [ 125.563120802, 3.625537232, 0.0 ], [ 125.583993952, 3.621582777, 0.0 ] ], [ [ 125.521219239, 3.627293377, 0.0 ], [ 125.523069753, 3.603598785, 0.0 ], [ 125.536090123, 3.614688593, 0.0 ], [ 125.521219239, 3.627293377, 0.0 ] ], [ [ 125.426469944, 3.721377295, 0.0 ], [ 125.401840072, 3.703414592, 0.0 ], [ 125.422264693, 3.652448882, 0.0 ], [ 125.468593561, 3.652651077, 0.0 ], [ 125.495662095, 3.671623193, 0.0 ], [ 125.481332247, 3.718440031, 0.0 ], [ 125.46913166, 3.696831734, 0.0 ], [ 125.426469944, 3.721377295, 0.0 ] ], [ [ 125.543929118, 3.540554182, 0.0 ], [ 125.520272202, 3.53875637, 0.0 ], [ 125.500277634, 3.504284816, 0.0 ], [ 125.501840532, 3.487340967, 0.0 ], [ 125.517011342, 3.509360772, 0.0 ], [ 125.545248012, 3.511406297, 0.0 ], [ 125.542775739, 3.465977806, 0.0 ], [ 125.584491365, 3.492018653, 0.0 ], [ 125.564757277, 3.499058063, 0.0 ], [ 125.567550871, 3.530206249, 0.0 ], [ 125.543929118, 3.540554182, 0.0 ] ] ] ] } },
{ "type": "Feature", "properties": { "id": 918, "pbph": null, "kph": null, "provinsi": null, "fungsi": "APL" }, "geometry": { "type": "MultiPolygon", "coordinates": [ [ [ [ 125.172132524, 2.742624583, 0.0 ], [ 125.169559957, 2.724449178, 0.0 ], [ 125.159201782, 2.736400337, 0.0 ], [ 125.172132524, 2.742624583, 0.0 ] ] ] ] } },
{ "type": "Feature", "properties": { "id": 921, "pbph": null, "kph": null, "provinsi": null, "fungsi": "APL" }, "geometry": { "type": "MultiPolygon", "coordinates": [ [ [ [ 125.392920678, 2.685693843, 0.0 ], [ 125.427267179, 2.656531321, 0.0 ], [ 125.421324319, 2.637379994, 0.0 ], [ 125.376504441, 2.651449503, 0.0 ], [ 125.374550787, 2.680546315, 0.0 ], [ 125.383658398, 2.656561263, 0.0 ], [ 125.398241887, 2.665322084, 0.0 ], [ 125.389082028, 2.694069506, 0.0 ], [ 125.370000666, 2.688161212, 0.0 ], [ 125.358975794, 2.724079595, 0.0 ], [ 125.374050963, 2.794712913, 0.0 ], [ 125.407898635, 2.81191803, 0.0 ], [ 125.43289443, 2.80559296, 0.0 ], [ 125.457405004, 2.770026383, 0.0 ], [ 125.406575224, 2.727346934, 0.0 ], [ 125.392920678, 2.685693843, 0.0 ] ], [ [ 125.385911711, 2.73742261, 0.0 ], [ 125.364897112, 2.739706672, 0.0 ], [ 125.368882285, 2.70998227, 0.0 ], [ 125.400830528, 2.719907518, 0.0 ], [ 125.385911711, 2.73742261, 0.0 ] ] ] ] } },
{ "type": "Feature", "properties": { "id": 941, "pbph": null, "kph": null, "provinsi": null, "fungsi": "APL" }, "geometry": { "type": "MultiPolygon", "coordinates": [ [ [ [ 125.526551391, 3.191335289, 0.0 ], [ 125.539419435, 3.168891476, 0.0 ], [ 125.512674264, 3.156291496, 0.0 ], [ 125.503296712, 3.184600209, 0.0 ], [ 125.523645734, 3.172101091, 0.0 ], [ 125.526551391, 3.191335289, 0.0 ] ] ] ] } },
{ "type": "Feature", "properties": { "id": 942, "pbph": null, "kph": null, "provinsi": null, "fungsi": "APL" }, "geometry": { "type": "MultiPolygon", "coordinates": [ [ [ [ 125.460490084, 3.254950558, 0.0 ], [ 125.472592426, 3.243789665, 0.0 ], [ 125.454662874, 3.231447053, 0.0 ], [ 125.447479546, 3.249690181, 0.0 ], [ 125.460490084, 3.254950558, 0.0 ] ] ] ] } },
{ "type": "Feature", "properties": { "id": 959, "pbph": null, "kph": null, "provinsi": null, "fungsi": "APL" }, "geometry": { "type": "MultiPolygon", "coordinates": [ [ [ [ 125.616193054, 3.366010891, 0.0 ], [ 125.619406579, 3.342467905, 0.0 ], [ 125.606874655, 3.3430379, 0.0 ], [ 125.616193054, 3.366010891, 0.0 ] ] ] ] } },
{ "type": "Feature", "properties": { "id": 970, "pbph": null, "kph": null, "provinsi": null, "fungsi": "APL" }, "geometry": { "type": "MultiPolygon", "coordinates": [ [ [ [ 125.568072583, 3.413983526, 0.0 ], [ 125.578124862, 3.389336199, 0.0 ], [ 125.554975062, 3.395506868, 0.0 ], [ 125.568072583, 3.413983526, 0.0 ] ] ] ] } },
{ "type": "Feature", "properties": { "id": 980, "pbph": null, "kph": null, "provinsi": null, "fungsi": "APL" }, "geometry": { "type": "MultiPolygon", "coordinates": [ [ [ [ 125.71138134, 3.4750217, 0.0 ], [ 125.702610805, 3.451566718, 0.0 ], [ 125.690725364, 3.463807279, 0.0 ], [ 125.71138134, 3.4750217, 0.0 ] ] ] ] } },
{ "type": "Feature", "properties": { "id": 1015, "pbph": null, "kph": null, "provinsi": null, "fungsi": "APL" }, "geometry": { "type": "MultiPolygon", "coordinates": [ [ [ [ 125.572242525, 3.769857418, 0.0 ], [ 125.586448971, 3.750593496, 0.0 ], [ 125.557608208, 3.745276285, 0.0 ], [ 125.572242525, 3.769857418, 0.0 ] ] ] ] } },
{ "type": "Feature", "properties": { "id": 1021, "pbph": null, "kph": null, "provinsi": null, "fungsi": "APL" }, "geometry": { "type": "MultiPolygon", "coordinates": [ [ [ [ 125.6046418, 3.792623918, 0.0 ], [ 125.634299953, 3.783850918, 0.0 ], [ 125.612073179, 3.790075634, 0.0 ], [ 125.589287811, 3.769794695, 0.0 ], [ 125.586109636, 3.78756133, 0.0 ], [ 125.6046418, 3.792623918, 0.0 ] ] ] ] } },
{ "type": "Feature", "properties": { "id": 1027, "pbph": null, "kph": null, "provinsi": null, "fungsi": "APL" }, "geometry": { "type": "MultiPolygon", "coordinates": [ [ [ [ 126.754747405, 3.853782867, 0.0 ], [ 126.745116663, 3.836230123, 0.0 ], [ 126.763366506, 3.853925365, 0.0 ], [ 126.80335601, 3.833954721, 0.0 ], [ 126.834943358, 3.793940066, 0.0 ], [ 126.851589841, 3.753339554, 0.0 ], [ 126.824069245, 3.728084521, 0.0 ], [ 126.785506354, 3.746008681, 0.0 ], [ 126.754004682, 3.786384705, 0.0 ], [ 126.742778354, 3.828063525, 0.0 ], [ 126.754747405, 3.853782867, 0.0 ] ], [ [ 126.79655665, 3.808879918, 0.0 ], [ 126.778303922, 3.804439226, 0.0 ], [ 126.775768253, 3.78733114, 0.0 ], [ 126.806247631, 3.757845832, 0.0 ], [ 126.79655665, 3.808879918, 0.0 ] ] ] ] } },
{ "type": "Feature", "properties": { "id": 1033, "pbph": null, "kph": null, "provinsi": null, "fungsi": "APL" }, "geometry": { "type": "MultiPolygon", "coordinates": [ [ [ [ 126.617969669, 4.043467788, 0.0 ], [ 126.64217411, 4.019837587, 0.0 ], [ 126.646996532, 3.976857377, 0.0 ], [ 126.721872425, 3.91416016, 0.0 ], [ 126.716442552, 3.887422888, 0.0 ], [ 126.685290034, 3.869407309, 0.0 ], [ 126.700975581, 3.811655885, 0.0 ], [ 126.681124398, 3.814601234, 0.0 ], [ 126.6632796, 3.875664593, 0.0 ], [ 126.668270947, 3.930565233, 0.0 ], [ 126.637733907, 3.950812369, 0.0 ], [ 126.628665457, 3.983268682, 0.0 ], [ 126.613462277, 3.983344201, 0.0 ], [ 126.617969669, 4.043467788, 0.0 ] ], [ [ 126.62854685, 4.023986528, 0.0 ], [ 126.624719614, 3.997078707, 0.0 ], [ 126.639573829, 3.98412623, 0.0 ], [ 126.62854685, 4.023986528, 0.0 ] ], [ [ 126.660525651, 3.941097189, 0.0 ], [ 126.674714966, 3.914062717, 0.0 ], [ 126.691413644, 3.918599482, 0.0 ], [ 126.687452391, 3.939902059, 0.0 ], [ 126.660525651, 3.941097189, 0.0 ] ] ] ] } },
{ "type": "Feature", "properties": { "id": 1040, "pbph": null, "kph": null, "provinsi": null, "fungsi": "APL" }, "geometry": { "type": "MultiPolygon", "coordinates": [ [ [ [ 126.887001324, 4.259100181, 0.0 ], [ 126.861341173, 4.250263721, 0.0 ], [ 126.870493268, 4.216322363, 0.0 ], [ 126.796865476, 4.148297689, 0.0 ], [ 126.81213933, 4.104930027, 0.0 ], [ 126.808838297, 4.032558919, 0.0 ], [ 126.762055149, 3.994742018, 0.0 ], [ 126.701638284, 4.004521257, 0.0 ], [ 126.679136931, 3.994432468, 0.0 ], [ 126.668786276, 4.044342143, 0.0 ], [ 126.723669232, 4.094628065, 0.0 ], [ 126.791630731, 4.2169251, 0.0 ], [ 126.778729693, 4.25129861, 0.0 ], [ 126.717144203, 4.267272189, 0.0 ], [ 126.716159803, 4.31244072, 0.0 ], [ 126.680155647, 4.334472613, 0.0 ], [ 126.68705967, 4.374579266, 0.0 ], [ 126.705153709, 4.382164052, 0.0 ], [ 126.692228603, 4.39398045, 0.0 ], [ 126.703372424, 4.428668732, 0.0 ], [ 126.734014694, 4.461742558, 0.0 ], [ 126.720280154, 4.51001866, 0.0 ], [ 126.741068722, 4.545418153, 0.0 ], [ 126.78497655, 4.524750443, 0.0 ], [ 126.807991971, 4.533683623, 0.0 ], [ 126.830852836, 4.491527588, 0.0 ], [ 126.855626696, 4.489293217, 0.0 ], [ 126.869782418, 4.429068192, 0.0 ], [ 126.852228773, 4.413649264, 0.0 ], [ 126.850429134, 4.375440372, 0.0 ], [ 126.912662122, 4.27036255, 0.0 ], [ 126.887001324, 4.259100181, 0.0 ] ], [ [ 126.834214379, 4.439162578, 0.0 ], [ 126.834212846, 4.462837099, 0.0 ], [ 126.785939197, 4.500296998, 0.0 ], [ 126.781811217, 4.482000746, 0.0 ], [ 126.760298541, 4.481943284, 0.0 ], [ 126.772922318, 4.467497415, 0.0 ], [ 126.765541249, 4.446352522, 0.0 ], [ 126.726468856, 4.42731593, 0.0 ], [ 126.731008994, 4.3982941, 0.0 ], [ 126.712051798, 4.386027829, 0.0 ], [ 126.733133291, 4.378504654, 0.0 ], [ 126.717804202, 4.349117352, 0.0 ], [ 126.744872211, 4.309997367, 0.0 ], [ 126.738597357, 4.287290086, 0.0 ], [ 126.814942363, 4.244388405, 0.0 ], [ 126.875042318, 4.266536912, 0.0 ], [ 126.884421465, 4.28536036, 0.0 ], [ 126.834208321, 4.378337376, 0.0 ], [ 126.834214379, 4.439162578, 0.0 ] ], [ [ 126.784802492, 4.132439345, 0.0 ], [ 126.712427298, 4.036614207, 0.0 ], [ 126.714580195, 4.01845725, 0.0 ], [ 126.741029815, 4.002840117, 0.0 ], [ 126.758200567, 4.013807459, 0.0 ], [ 126.748755023, 4.038070975, 0.0 ], [ 126.789286614, 4.050369241, 0.0 ], [ 126.779439327, 4.053234272, 0.0 ], [ 126.795180052, 4.093313668, 0.0 ], [ 126.78198763, 4.110334324, 0.0 ], [ 126.802828705, 4.116229773, 0.0 ], [ 126.778680937, 4.149314955, 0.0 ], [ 126.848738632, 4.230906127, 0.0 ], [ 126.817103245, 4.225507288, 0.0 ], [ 126.770447111, 4.180109443, 0.0 ], [ 126.770488735, 4.144658681, 0.0 ], [ 126.784802492, 4.132439345, 0.0 ] ] ] ] } },
{ "type": "Feature", "properties": { "id": 1065, "pbph": null, "kph": null, "provinsi": null, "fungsi": "CA" }, "geometry": { "type": "MultiPolygon", "coordinates": [ [ [ [ 124.383277087, 0.948608758, 0.0 ], [ 124.431037307, 0.921281013, 0.0 ], [ 124.415790301, 0.864566564, 0.0 ], [ 124.378289492, 0.884921633, 0.0 ], [ 124.415577812, 0.856294952, 0.0 ], [ 124.402494799, 0.850824924, 0.0 ], [ 124.419021023, 0.819461266, 0.0 ], [ 124.373134758, 0.800709027, 0.0 ], [ 124.414085658, 0.780941228, 0.0 ], [ 124.392860638, 0.770341508, 0.0 ], [ 124.404426576, 0.736718178, 0.0 ], [ 124.340044437, 0.753277729, 0.0 ], [ 124.357850877, 0.775918142, 0.0 ], [ 124.334360123, 0.814035416, 0.0 ], [ 124.358155371, 0.901226983, 0.0 ], [ 124.34557454, 0.916649876, 0.0 ], [ 124.383277087, 0.948608758, 0.0 ] ] ] ] } },
{ "type": "Feature", "properties": { "id": 1061, "pbph": null, "kph": null, "provinsi": null, "fungsi": "APL" }, "geometry": { "type": "MultiPolygon", "coordinates": [ [ [ [ 127.064661264, 4.74138488, 0.0 ], [ 127.093555544, 4.729344297, 0.0 ], [ 127.068442357, 4.718459529, 0.0 ], [ 127.053998122, 4.731522692, 0.0 ], [ 127.064661264, 4.74138488, 0.0 ] ] ] ] } },
{ "type": "Feature", "properties": { "id": 1066, "pbph": null, "kph": null, "provinsi": null, "fungsi": "CA" }, "geometry": { "type": "MultiPolygon", "coordinates": [ [ [ [ 124.808190518, 1.375387805, 0.0 ], [ 124.807668022, 1.350706851, 0.0 ], [ 124.789533615, 1.346986771, 0.0 ], [ 124.783239351, 1.369280451, 0.0 ], [ 124.808190518, 1.375387805, 0.0 ] ] ] ] } },
{ "type": "Feature", "properties": { "id": 1067, "pbph": null, "kph": null, "provinsi": null, "fungsi": "CA" }, "geometry": { "type": "MultiPolygon", "coordinates": [ [ [ [ 125.237843418, 1.522046398, 0.0 ], [ 125.207682932, 1.515541456, 0.0 ], [ 125.212108728, 1.503715534, 0.0 ], [ 125.244471954, 1.507409246, 0.0 ], [ 125.217954636, 1.490083695, 0.0 ], [ 125.180214752, 1.500416224, 0.0 ], [ 125.187975483, 1.483479917, 0.0 ], [ 125.174026078, 1.463027511, 0.0 ], [ 125.141939082, 1.479292324, 0.0 ], [ 125.144857408, 1.51036644, 0.0 ], [ 125.128839494, 1.529966354, 0.0 ], [ 125.140861972, 1.554160628, 0.0 ], [ 125.163151573, 1.545279289, 0.0 ], [ 125.178186933, 1.561557265, 0.0 ], [ 125.237843418, 1.522046398, 0.0 ] ] ] ] } },
{ "type": "Feature", "properties": { "id": 1062, "pbph": null, "kph": null, "provinsi": null, "fungsi": "APL" }, "geometry": { "type": "MultiPolygon", "coordinates": [ [ [ [ 127.132930097, 4.731753639, 0.0 ], [ 127.110412045, 4.746447016, 0.0 ], [ 127.133008378, 4.778411954, 0.0 ], [ 127.146084316, 4.753339179, 0.0 ], [ 127.132930097, 4.731753639, 0.0 ] ] ] ] } },
{ "type": "Feature", "properties": { "id": 1292, "pbph": null, "kph": null, "provinsi": null, "fungsi": "KSA/KPA" }, "geometry": { "type": "MultiPolygon", "coordinates": [ [ [ [ 124.840542937, 1.575431684, 0.0 ], [ 124.850788897, 1.557436012, 0.0 ], [ 124.832983017, 1.562692642, 0.0 ], [ 124.840542937, 1.575431684, 0.0 ] ] ] ] } },
{ "type": "Feature", "properties": { "id": 1296, "pbph": null, "kph": null, "provinsi": null, "fungsi": "SM" }, "geometry": { "type": "MultiPolygon", "coordinates": [ [ [ [ 124.612130784, 1.387101229, 0.0 ], [ 124.653878542, 1.373662906, 0.0 ], [ 124.672054109, 1.341085787, 0.0 ], [ 124.650182875, 1.307402045, 0.0 ], [ 124.615720503, 1.32335498, 0.0 ], [ 124.579923629, 1.319177627, 0.0 ], [ 124.585763931, 1.375764847, 0.0 ], [ 124.612130784, 1.387101229, 0.0 ] ] ] ] } },
{ "type": "Feature", "properties": { "id": 1297, "pbph": null, "kph": null, "provinsi": null, "fungsi": "SM" }, "geometry": { "type": "MultiPolygon", "coordinates": [ [ [ [ 126.801044792, 4.121415662, 0.0 ], [ 126.798326768, 4.10485861, 0.0 ], [ 126.78198763, 4.110334324, 0.0 ], [ 126.791485747, 4.07654056, 0.0 ], [ 126.767234794, 4.08521438, 0.0 ], [ 126.750127385, 4.04256169, 0.0 ], [ 126.76264178, 4.037242188, 0.0 ], [ 126.74148234, 4.023725455, 0.0 ], [ 126.74920254, 4.000689052, 0.0 ], [ 126.714306613, 4.041861531, 0.0 ], [ 126.783252617, 4.131346682, 0.0 ], [ 126.801044792, 4.121415662, 0.0 ] ] ] ] } },
{ "type": "Feature", "properties": { "id": 1298, "pbph": null, "kph": null, "provinsi": null, "fungsi": "SM" }, "geometry": { "type": "MultiPolygon", "coordinates": [ [ [ [ 126.833105321, 4.460896631, 0.0 ], [ 126.841956994, 4.446901319, 0.0 ], [ 126.810335623, 4.429280615, 0.0 ], [ 126.804018154, 4.387217692, 0.0 ], [ 126.845349392, 4.337992593, 0.0 ], [ 126.837021279, 4.320574939, 0.0 ], [ 126.858365044, 4.321550518, 0.0 ], [ 126.875575983, 4.287219357, 0.0 ], [ 126.798755084, 4.266374327, 0.0 ], [ 126.738200181, 4.291439966, 0.0 ], [ 126.744872211, 4.309997367, 0.0 ], [ 126.717804202, 4.349117352, 0.0 ], [ 126.733133291, 4.378504654, 0.0 ], [ 126.712051798, 4.386027829, 0.0 ], [ 126.731008994, 4.3982941, 0.0 ], [ 126.726468856, 4.42731593, 0.0 ], [ 126.765541249, 4.446352522, 0.0 ], [ 126.772922318, 4.467497415, 0.0 ], [ 126.760298541, 4.481943284, 0.0 ], [ 126.781811217, 4.482000746, 0.0 ], [ 126.785164016, 4.499896228, 0.0 ], [ 126.833105321, 4.460896631, 0.0 ] ] ] ] } },
{ "type": "Feature", "properties": { "id": 1299, "pbph": null, "kph": null, "provinsi": null, "fungsi": "TN" }, "geometry": { "type": "MultiPolygon", "coordinates": [ [ [ [ 124.095613458, 0.772502993, 0.0 ], [ 124.118997723, 0.696275398, 0.0 ], [ 124.042273655, 0.628656428, 0.0 ], [ 124.01762988, 0.623742905, 0.0 ], [ 124.007995447, 0.594126476, 0.0 ], [ 123.962596722, 0.580169848, 0.0 ], [ 123.955855601, 0.589755817, 0.0 ], [ 123.951155959, 0.57310718, 0.0 ], [ 123.906743629, 0.575268554, 0.0 ], [ 123.902936356, 0.554781044, 0.0 ], [ 123.882157339, 0.558117297, 0.0 ], [ 123.884781229, 0.543045016, 0.0 ], [ 123.899281736, 0.521119825, 0.0 ], [ 123.957974376, 0.510709156, 0.0 ], [ 123.969605642, 0.470708008, 0.0 ], [ 124.012922287, 0.503896713, 0.0 ], [ 124.017619382, 0.526813162, 0.0 ], [ 124.045560935, 0.516424427, 0.0 ], [ 124.103477878, 0.540799884, 0.0 ], [ 124.052423477, 0.53632164, 0.0 ], [ 124.073258332, 0.561776532, 0.0 ], [ 124.102510115, 0.550880744, 0.0 ], [ 124.098619599, 0.567223791, 0.0 ], [ 124.139382379, 0.596962456, 0.0 ], [ 124.142287037, 0.62337534, 0.0 ], [ 124.153910444, 0.606841858, 0.0 ], [ 124.15540666, 0.622563252, 0.0 ], [ 124.174589713, 0.609182873, 0.0 ], [ 124.179952728, 0.624291794, 0.0 ], [ 124.214002247, 0.632260263, 0.0 ], [ 124.230157332, 0.570610543, 0.0 ], [ 124.214234103, 0.562097058, 0.0 ], [ 124.215887026, 0.52609999, 0.0 ], [ 124.185953407, 0.504054959, 0.0 ], [ 124.065887599, 0.490231132, 0.0 ], [ 123.972442165, 0.439748777, 0.0 ], [ 123.683876821, 0.437171983, 0.0 ], [ 123.635222316, 0.406003371, 0.0 ], [ 123.591771106, 0.415730866, 0.0 ], [ 123.526002132, 0.453520457, 0.0 ], [ 123.522888184, 0.489688903, 0.0 ], [ 123.552294555, 0.51071406, 0.0 ], [ 123.527926894, 0.540936047, 0.0 ], [ 123.532923114, 0.577929806, 0.0 ], [ 123.48778736, 0.601424155, 0.0 ], [ 123.491001006, 0.623032829, 0.0 ], [ 123.38312108, 0.640074837, 0.0 ], [ 123.328334027, 0.688905491, 0.0 ], [ 123.347036362, 0.685228348, 0.0 ], [ 123.36627388, 0.652448654, 0.0 ], [ 123.463464738, 0.645776749, 0.0 ], [ 123.521652075, 0.626441052, 0.0 ], [ 123.529318469, 0.606423232, 0.0 ], [ 123.559302184, 0.60325137, 0.0 ], [ 123.571922845, 0.586062143, 0.0 ], [ 123.604683264, 0.587432713, 0.0 ], [ 123.817301236, 0.633518556, 0.0 ], [ 123.817809384, 0.706468783, 0.0 ], [ 123.777923532, 0.706445758, 0.0 ], [ 123.780081816, 0.793405102, 0.0 ], [ 123.807287977, 0.802301786, 0.0 ], [ 123.845033573, 0.789375939, 0.0 ], [ 123.854809531, 0.80287156, 0.0 ], [ 123.869141696, 0.782620805, 0.0 ], [ 123.913972673, 0.780983505, 0.0 ], [ 123.920710016, 0.767423355, 0.0 ], [ 123.930840644, 0.772519385, 0.0 ], [ 123.920537948, 0.78996849, 0.0 ], [ 123.965896298, 0.80676932, 0.0 ], [ 124.089387543, 0.784997803, 0.0 ], [ 124.095613458, 0.772502993, 0.0 ] ], [ [ 123.963137919, 0.481046696, 0.0 ], [ 123.937063364, 0.474225099, 0.0 ], [ 123.966808393, 0.448850638, 0.0 ], [ 123.963137919, 0.481046696, 0.0 ] ] ] ] } },
{ "type": "Feature", "properties": { "id": 1309, "pbph": null, "kph": null, "provinsi": null, "fungsi": "TN" }, "geometry": { "type": "MultiPolygon", "coordinates": [ [ [ [ 124.781490013, 1.598773617, 0.0 ], [ 124.765220642, 1.620084286, 0.0 ], [ 124.737167358, 1.616633892, 0.0 ], [ 124.738723755, 1.629913331, 0.0 ], [ 124.774978638, 1.628203392, 0.0 ], [ 124.781490013, 1.598773617, 0.0 ] ] ] ] } },
{ "type": "Feature", "properties": { "id": 1310, "pbph": null, "kph": null, "provinsi": null, "fungsi": "TN" }, "geometry": { "type": "MultiPolygon", "coordinates": [ [ [ [ 124.71235228, 1.643044208, 0.0 ], [ 124.702103012, 1.648442009, 0.0 ], [ 124.713424683, 1.625114918, 0.0 ], [ 124.684047861, 1.622888184, 0.0 ], [ 124.690734863, 1.64714992, 0.0 ], [ 124.71235228, 1.643044208, 0.0 ] ] ] ] } },
{ "type": "Feature", "properties": { "id": 1314, "pbph": null, "kph": null, "provinsi": null, "fungsi": "TN" }, "geometry": { "type": "MultiPolygon", "coordinates": [ [ [ [ 124.744300842, 1.74090624, 0.0 ], [ 124.745597839, 1.728225231, 0.0 ], [ 124.73765564, 1.751682162, 0.0 ], [ 124.744300842, 1.74090624, 0.0 ] ] ] ] } },
{ "type": "Feature", "properties": { "id": 1315, "pbph": null, "kph": null, "provinsi": null, "fungsi": "TN" }, "geometry": { "type": "MultiPolygon", "coordinates": [ [ [ [ 124.769508363, 1.738129973, 0.0 ], [ 124.779930115, 1.699238658, 0.0 ], [ 124.768630981, 1.691835761, 0.0 ], [ 124.730857849, 1.727882743, 0.0 ], [ 124.74785614, 1.722720981, 0.0 ], [ 124.757514954, 1.753095985, 0.0 ], [ 124.769508363, 1.738129973, 0.0 ] ] ] ] } },
{ "type": "Feature", "properties": { "id": 1317, "pbph": null, "kph": null, "provinsi": null, "fungsi": "TN" }, "geometry": { "type": "MultiPolygon", "coordinates": [ [ [ [ 124.788289799, 1.780093585, 0.0 ], [ 124.798728943, 1.794027329, 0.0 ], [ 124.798210144, 1.775021911, 0.0 ], [ 124.788289799, 1.780093585, 0.0 ] ] ] ] } },
{ "type": "Feature", "properties": { "id": 1318, "pbph": null, "kph": null, "provinsi": null, "fungsi": "TNL" }, "geometry": { "type": "MultiPolygon", "coordinates": [ [ [ [ 124.656440818, 1.394193265, 0.0 ], [ 124.622211143, 1.418995707, 0.0 ], [ 124.580482064, 1.398114707, 0.0 ], [ 124.512138017, 1.316929568, 0.0 ], [ 124.538715904, 1.279434812, 0.0 ], [ 124.481883503, 1.279829312, 0.0 ], [ 124.482248993, 1.398343614, 0.0 ], [ 124.553740078, 1.398254326, 0.0 ], [ 124.554402366, 1.444785137, 0.0 ], [ 124.656860102, 1.444314385, 0.0 ], [ 124.656440818, 1.394193265, 0.0 ] ] ] ] } },
{ "type": "Feature", "properties": { "id": 1319, "pbph": null, "kph": null, "provinsi": null, "fungsi": "TNL" }, "geometry": { "type": "MultiPolygon", "coordinates": [ [ [ [ 124.858159693, 1.599510855, 0.0 ], [ 124.804328714, 1.570869704, 0.0 ], [ 124.835559225, 1.530954935, 0.0 ], [ 124.791573512, 1.531216126, 0.0 ], [ 124.791596701, 1.579591, 0.0 ], [ 124.657717121, 1.580229937, 0.0 ], [ 124.659094663, 1.825044068, 0.0 ], [ 124.85898743, 1.824104967, 0.0 ], [ 124.858159693, 1.599510855, 0.0 ] ], [ [ 124.773699472, 1.600295168, 0.0 ], [ 124.774978638, 1.628203392, 0.0 ], [ 124.738723755, 1.629913331, 0.0 ], [ 124.737167358, 1.616633892, 0.0 ], [ 124.765220642, 1.620084286, 0.0 ], [ 124.773699472, 1.600295168, 0.0 ] ], [ [ 124.6993473, 1.618023388, 0.0 ], [ 124.716522217, 1.62929845, 0.0 ], [ 124.701202394, 1.649287462, 0.0 ], [ 124.681930542, 1.63279438, 0.0 ], [ 124.6993473, 1.618023388, 0.0 ] ], [ [ 124.769508363, 1.738129973, 0.0 ], [ 124.757514954, 1.753095985, 0.0 ], [ 124.74785614, 1.722720981, 0.0 ], [ 124.730857849, 1.727882743, 0.0 ], [ 124.768630981, 1.691835761, 0.0 ], [ 124.779930115, 1.699238658, 0.0 ], [ 124.769508363, 1.738129973, 0.0 ] ], [ [ 124.744300842, 1.74090624, 0.0 ], [ 124.73765564, 1.751682162, 0.0 ], [ 124.745597839, 1.728225231, 0.0 ], [ 124.744300842, 1.74090624, 0.0 ] ], [ [ 124.787929103, 1.785184567, 0.0 ], [ 124.798210144, 1.775021911, 0.0 ], [ 124.798728943, 1.794027329, 0.0 ], [ 124.787929103, 1.785184567, 0.0 ] ] ] ] } },
{ "type": "Feature", "properties": { "id": 1320, "pbph": null, "kph": null, "provinsi": null, "fungsi": "Tubuh Air" }, "geometry": { "type": "MultiPolygon", "coordinates": [ [ [ [ 124.46334454, 0.730579681, 0.0 ], [ 124.457363979, 0.773856037, 0.0 ], [ 124.47168946, 0.758083291, 0.0 ], [ 124.46334454, 0.730579681, 0.0 ] ] ] ] } },
{ "type": "Feature", "properties": { "id": 1323, "pbph": null, "kph": null, "provinsi": null, "fungsi": "Tubuh Air" }, "geometry": { "type": "MultiPolygon", "coordinates": [ [ [ [ 124.913551115, 1.282685632, 0.0 ], [ 124.930977131, 1.274154424, 0.0 ], [ 124.930344636, 1.247562268, 0.0 ], [ 124.888213093, 1.169565898, 0.0 ], [ 124.856908642, 1.211358109, 0.0 ], [ 124.89651654, 1.243939502, 0.0 ], [ 124.913551115, 1.282685632, 0.0 ] ] ] ] } },
{ "type": "Feature", "properties": { "id": 1326, "pbph": null, "kph": null, "provinsi": null, "fungsi": "TWA" }, "geometry": { "type": "MultiPolygon", "coordinates": [ [ [ [ 125.244471954, 1.507409246, 0.0 ], [ 125.206731147, 1.513721168, 0.0 ], [ 125.237843418, 1.522046398, 0.0 ], [ 125.244471954, 1.507409246, 0.0 ] ] ] ] } },
{ "type": "Feature", "properties": { "id": 1327, "pbph": null, "kph": null, "provinsi": null, "fungsi": "TWA" }, "geometry": { "type": "MultiPolygon", "coordinates": [ [ [ [ 125.16488972, 1.570464408, 0.0 ], [ 125.176077043, 1.550390292, 0.0 ], [ 125.140861972, 1.554160628, 0.0 ], [ 125.16488972, 1.570464408, 0.0 ] ] ] ] } },
{ "type": "Feature", "properties": { "id": 1328, "pbph": null, "kph": null, "provinsi": null, "fungsi": "HP" }, "geometry": { "type": "MultiPolygon", "coordinates": [ [ [ [ 123.975108391, 0.397710276, 0.0 ], [ 123.962524414, 0.381998897, 0.0 ], [ 123.95781708, 0.403251946, 0.0 ], [ 123.975108391, 0.397710276, 0.0 ] ] ] ] } },
{ "type": "Feature", "properties": { "id": 1353, "pbph": null, "kph": null, "provinsi": null, "fungsi": "TWA" }, "geometry": { "type": "MultiPolygon", "coordinates": [ [ [ [ 124.422618492, 0.773950142, 0.0 ], [ 124.452919006, 0.736642659, 0.0 ], [ 124.439483643, 0.725160658, 0.0 ], [ 124.398073675, 0.734713072, 0.0 ], [ 124.390357062, 0.751588107, 0.0 ], [ 124.398206587, 0.776251478, 0.0 ], [ 124.422618492, 0.773950142, 0.0 ] ] ] ] } },
{ "type": "Feature", "properties": { "id": 1600, "pbph": null, "kph": null, "provinsi": null, "fungsi": null }, "geometry": { "type": "MultiPolygon", "coordinates": [ [ [ [ 122.414657482, 0.51377003, 0.0 ], [ 122.413307286, 0.502041481, 0.0 ], [ 122.426728085, 0.504441156, 0.0 ], [ 122.412590028, 0.501614451, 0.0 ], [ 122.414657482, 0.51377003, 0.0 ] ] ] ] } },
{ "type": "Feature", "properties": { "id": 1649, "pbph": null, "kph": null, "provinsi": null, "fungsi": null }, "geometry": { "type": "MultiPolygon", "coordinates": [ [ [ [ 122.653367928, 0.485752163, 0.0 ], [ 122.643417359, 0.47593379, 0.0 ], [ 122.628320262, 0.487269559, 0.0 ], [ 122.643266543, 0.476118006, 0.0 ], [ 122.653367928, 0.485752163, 0.0 ] ] ] ] } },
{ "type": "Feature", "properties": { "id": 1666, "pbph": null, "kph": null, "provinsi": null, "fungsi": "HPK" }, "geometry": { "type": "MultiPolygon", "coordinates": [ [ [ [ 122.426670715, 0.821559729, 0.0 ], [ 122.456830014, 0.785228192, 0.0 ], [ 122.448038333, 0.804585122, 0.0 ], [ 122.418473013, 0.78097176, 0.0 ], [ 122.412158102, 0.793452856, 0.0 ], [ 122.374621627, 0.794326191, 0.0 ], [ 122.426670715, 0.821559729, 0.0 ] ] ] ] } },
{ "type": "Feature", "properties": { "id": 1675, "pbph": null, "kph": null, "provinsi": null, "fungsi": "HPT" }, "geometry": { "type": "MultiPolygon", "coordinates": [ [ [ [ 123.371530295, 0.466624062, 0.0 ], [ 123.384038945, 0.464155166, 0.0 ], [ 123.360188937, 0.45941377, 0.0 ], [ 123.371530295, 0.466624062, 0.0 ] ] ] ] } },
{ "type": "Feature", "properties": { "id": 1694, "pbph": null, "kph": null, "provinsi": null, "fungsi": "HPK" }, "geometry": { "type": "MultiPolygon", "coordinates": [ [ [ [ 121.793935556, 0.60110207, 0.0 ], [ 121.802171708, 0.564119339, 0.0 ], [ 121.760507583, 0.556509018, 0.0 ], [ 121.740541459, 0.568693161, 0.0 ], [ 121.730886906, 0.54970248, 0.0 ], [ 121.690442346, 0.587868331, 0.0 ], [ 121.721574102, 0.599790633, 0.0 ], [ 121.749460221, 0.57632637, 0.0 ], [ 121.793935556, 0.60110207, 0.0 ] ] ] ] } },
{ "type": "Feature", "properties": { "id": 1710, "pbph": null, "kph": null, "provinsi": null, "fungsi": "HPK" }, "geometry": { "type": "MultiPolygon", "coordinates": [ [ [ [ 122.399017371, 0.759856141, 0.0 ], [ 122.374854416, 0.750137875, 0.0 ], [ 122.379691794, 0.723117966, 0.0 ], [ 122.353031159, 0.746269256, 0.0 ], [ 122.318222622, 0.748242376, 0.0 ], [ 122.399017371, 0.759856141, 0.0 ] ] ] ] } },
{ "type": "Feature", "properties": { "id": 1699, "pbph": null, "kph": null, "provinsi": null, "fungsi": "HPK" }, "geometry": { "type": "MultiPolygon", "coordinates": [ [ [ [ 121.711847305, 0.637163162, 0.0 ], [ 121.719949197, 0.604370167, 0.0 ], [ 121.70301627, 0.598487906, 0.0 ], [ 121.689973831, 0.611726761, 0.0 ], [ 121.711847305, 0.637163162, 0.0 ] ] ] ] } },
{ "type": "Feature", "properties": { "id": 1711, "pbph": null, "kph": null, "provinsi": null, "fungsi": "HPK" }, "geometry": { "type": "MultiPolygon", "coordinates": [ [ [ [ 122.313160662, 0.762869819, 0.0 ], [ 122.326766954, 0.757907452, 0.0 ], [ 122.317924637, 0.748596922, 0.0 ], [ 122.313160662, 0.762869819, 0.0 ] ] ] ] } },
{ "type": "Feature", "properties": { "id": 1704, "pbph": null, "kph": null, "provinsi": null, "fungsi": "HPT" }, "geometry": { "type": "MultiPolygon", "coordinates": [ [ [ [ 122.35216598, 1.002993508, 0.0 ], [ 122.315126319, 0.991771742, 0.0 ], [ 122.332277279, 0.991922181, 0.0 ], [ 122.33556038, 1.010361129, 0.0 ], [ 122.336800548, 0.995019389, 0.0 ], [ 122.35216598, 1.002993508, 0.0 ] ] ] ] } },
{ "type": "Feature", "properties": { "id": 1706, "pbph": null, "kph": null, "provinsi": null, "fungsi": "HPK" }, "geometry": { "type": "MultiPolygon", "coordinates": [ [ [ [ 122.489812689, 0.968282496, 0.0 ], [ 122.553820729, 0.932825618, 0.0 ], [ 122.469347657, 0.96194658, 0.0 ], [ 122.489812689, 0.968282496, 0.0 ] ] ] ] } },
{ "type": "Feature", "properties": { "id": 1717, "pbph": null, "kph": null, "provinsi": null, "fungsi": "HPK" }, "geometry": { "type": "MultiPolygon", "coordinates": [ [ [ [ 122.371038674, 0.708574234, 0.0 ], [ 122.366688525, 0.694720592, 0.0 ], [ 122.359147644, 0.705434001, 0.0 ], [ 122.371038674, 0.708574234, 0.0 ] ] ] ] } },
{ "type": "Feature", "properties": { "id": 1720, "pbph": null, "kph": null, "provinsi": null, "fungsi": "HPK" }, "geometry": { "type": "MultiPolygon", "coordinates": [ [ [ [ 122.195672326, 0.599204611, 0.0 ], [ 122.20473658, 0.58030387, 0.0 ], [ 122.191479349, 0.533065089, 0.0 ], [ 122.170241388, 0.526591333, 0.0 ], [ 122.160579405, 0.569966627, 0.0 ], [ 122.145059567, 0.570241677, 0.0 ], [ 122.153815592, 0.54997994, 0.0 ], [ 122.135681918, 0.544350638, 0.0 ], [ 122.137266031, 0.574200695, 0.0 ], [ 122.195672326, 0.599204611, 0.0 ] ] ] ] } },
{ "type": "Feature", "properties": { "id": 1723, "pbph": null, "kph": null, "provinsi": null, "fungsi": "CA" }, "geometry": { "type": "MultiPolygon", "coordinates": [ [ [ [ 122.664759856, 1.00198194, 0.0 ], [ 122.66445425, 0.986550224, 0.0 ], [ 122.653495788, 0.995305658, 0.0 ], [ 122.664759856, 1.00198194, 0.0 ] ] ] ] } },
{ "type": "Feature", "properties": { "id": 1728, "pbph": null, "kph": null, "provinsi": null, "fungsi": "HPK" }, "geometry": { "type": "MultiPolygon", "coordinates": [ [ [ [ 122.129943848, 0.956022143, 0.0 ], [ 122.139648438, 0.974356532, 0.0 ], [ 122.158096315, 0.964471966, 0.0 ], [ 122.129943848, 0.956022143, 0.0 ] ] ] ] } },
{ "type": "Feature", "properties": { "id": 1746, "pbph": null, "kph": null, "provinsi": null, "fungsi": "HPK" }, "geometry": { "type": "MultiPolygon", "coordinates": [ [ [ [ 121.197598973, 0.717625206, 0.0 ], [ 121.213417429, 0.763529274, 0.0 ], [ 121.243719658, 0.781746572, 0.0 ], [ 121.223339827, 0.763265397, 0.0 ], [ 121.230196497, 0.744904757, 0.0 ], [ 121.197598973, 0.717625206, 0.0 ] ] ] ] } },
{ "type": "Feature", "properties": { "id": 1749, "pbph": null, "kph": null, "provinsi": null, "fungsi": "HPK" }, "geometry": { "type": "MultiPolygon", "coordinates": [ [ [ [ 121.514026613, 0.743693416, 0.0 ], [ 121.483844023, 0.76203266, 0.0 ], [ 121.497111033, 0.765761766, 0.0 ], [ 121.514026613, 0.743693416, 0.0 ] ] ] ] } },
{ "type": "Feature", "properties": { "id": 1758, "pbph": null, "kph": null, "provinsi": null, "fungsi": "HPK" }, "geometry": { "type": "MultiPolygon", "coordinates": [ [ [ [ 122.101292931, 0.61395108, 0.0 ], [ 122.11281017, 0.585869783, 0.0 ], [ 122.100809097, 0.587965011, 0.0 ], [ 122.08868599, 0.558942794, 0.0 ], [ 122.087903662, 0.522943791, 0.0 ], [ 122.0383471, 0.485493, 0.0 ], [ 122.032449955, 0.496096037, 0.0 ], [ 122.01181221, 0.479009628, 0.0 ], [ 121.987129211, 0.483899445, 0.0 ], [ 122.077409, 0.521656804, 0.0 ], [ 122.071996, 0.553065803, 0.0 ], [ 122.101292931, 0.61395108, 0.0 ] ] ] ] } },
{ "type": "Feature", "properties": { "id": 1766, "pbph": null, "kph": null, "provinsi": null, "fungsi": "HPK" }, "geometry": { "type": "MultiPolygon", "coordinates": [ [ [ [ 121.970510483, 0.52586174, 0.0 ], [ 122.001562, 0.524900858, 0.0 ], [ 121.983241921, 0.515293408, 0.0 ], [ 121.989696056, 0.494383685, 0.0 ], [ 121.974021509, 0.474842571, 0.0 ], [ 121.970510483, 0.52586174, 0.0 ] ] ] ] } },
{ "type": "Feature", "properties": { "id": 1775, "pbph": null, "kph": null, "provinsi": null, "fungsi": "HPK" }, "geometry": { "type": "MultiPolygon", "coordinates": [ [ [ [ 121.913288066, 0.690790176, 0.0 ], [ 121.895578384, 0.668413162, 0.0 ], [ 121.891266287, 0.687969819, 0.0 ], [ 121.913288066, 0.690790176, 0.0 ] ] ] ] } },
{ "type": "Feature", "properties": { "id": 1776, "pbph": null, "kph": null, "provinsi": null, "fungsi": "HPK" }, "geometry": { "type": "MultiPolygon", "coordinates": [ [ [ [ 121.895842925, 0.667833251, 0.0 ], [ 121.896867485, 0.62552194, 0.0 ], [ 121.876794815, 0.635520088, 0.0 ], [ 121.895842925, 0.667833251, 0.0 ] ] ] ] } },
{ "type": "Feature", "properties": { "id": 1783, "pbph": null, "kph": null, "provinsi": null, "fungsi": "SM" }, "geometry": { "type": "MultiPolygon", "coordinates": [ [ [ [ 122.230901011, 0.940949079, 0.0 ], [ 122.51060887, 0.916713733, 0.0 ], [ 122.611289979, 0.873418512, 0.0 ], [ 122.622563725, 0.82545595, 0.0 ], [ 122.571155801, 0.814701642, 0.0 ], [ 122.542175294, 0.855636894, 0.0 ], [ 122.471580506, 0.836285591, 0.0 ], [ 122.37210083, 0.902558088, 0.0 ], [ 122.322167848, 0.905214942, 0.0 ], [ 122.306021944, 0.891704547, 0.0 ], [ 122.311348365, 0.861916042, 0.0 ], [ 122.375027533, 0.862704563, 0.0 ], [ 122.3837061, 0.807143168, 0.0 ], [ 122.328366978, 0.805591008, 0.0 ], [ 122.273110146, 0.781853011, 0.0 ], [ 122.245521546, 0.812310219, 0.0 ], [ 122.26462555, 0.844386339, 0.0 ], [ 122.252410889, 0.858943582, 0.0 ], [ 122.263797761, 0.844465524, 0.0 ], [ 122.245109558, 0.812833249, 0.0 ], [ 122.251525879, 0.790851652, 0.0 ], [ 122.275035858, 0.783947855, 0.0 ], [ 122.225288747, 0.787163549, 0.0 ], [ 122.146156644, 0.896816876, 0.0 ], [ 122.169953841, 0.935930242, 0.0 ], [ 122.230901011, 0.940949079, 0.0 ] ] ] ] } },
{ "type": "Feature", "properties": { "id": 1791, "pbph": null, "kph": null, "provinsi": null, "fungsi": "SM" }, "geometry": { "type": "MultiPolygon", "coordinates": [ [ [ [ 122.273110146, 0.781853011, 0.0 ], [ 122.245109558, 0.812310755, 0.0 ], [ 122.263702393, 0.843357861, 0.0 ], [ 122.252410889, 0.858943582, 0.0 ], [ 122.26462555, 0.844386339, 0.0 ], [ 122.245521546, 0.812310219, 0.0 ], [ 122.273110146, 0.781853011, 0.0 ] ] ] ] } },
{ "type": "Feature", "properties": { "id": 1806, "pbph": null, "kph": null, "provinsi": null, "fungsi": "HPK" }, "geometry": { "type": "MultiPolygon", "coordinates": [ [ [ [ 121.856932443, 0.629469105, 0.0 ], [ 121.849605001, 0.611273804, 0.0 ], [ 121.863941694, 0.602887317, 0.0 ], [ 121.832110027, 0.596714332, 0.0 ], [ 121.856932443, 0.629469105, 0.0 ] ] ] ] } },
{ "type": "Feature", "properties": { "id": 1802, "pbph": null, "kph": null, "provinsi": null, "fungsi": "HPT" }, "geometry": { "type": "MultiPolygon", "coordinates": [ [ [ [ 122.545272636, 0.595759191, 0.0 ], [ 122.538773401, 0.604580951, 0.0 ], [ 122.555737997, 0.595027647, 0.0 ], [ 122.545272636, 0.595759191, 0.0 ] ] ] ] } },
{ "type": "Feature", "properties": { "id": 1863, "pbph": null, "kph": null, "provinsi": null, "fungsi": "CA" }, "geometry": { "type": "MultiPolygon", "coordinates": [ [ [ [ 122.07928431, 0.690545112, 0.0 ], [ 122.084831001, 0.655554804, 0.0 ], [ 122.125137001, 0.618204804, 0.0 ], [ 122.12173462, 0.60152334, 0.0 ], [ 122.107598502, 0.598128396, 0.0 ], [ 122.09736682, 0.617104597, 0.0 ], [ 122.071876844, 0.552531974, 0.0 ], [ 122.077408929, 0.521658305, 0.0 ], [ 121.986747741, 0.487293333, 0.0 ], [ 121.995342655, 0.459836521, 0.0 ], [ 121.979871089, 0.4524285, 0.0 ], [ 121.961948047, 0.452902887, 0.0 ], [ 121.989696001, 0.494382803, 0.0 ], [ 121.983242, 0.515291803, 0.0 ], [ 122.039873093, 0.525941497, 0.0 ], [ 122.01304467, 0.536649071, 0.0 ], [ 122.017714362, 0.555714503, 0.0 ], [ 122.006471408, 0.547981254, 0.0 ], [ 122.02589376, 0.575315313, 0.0 ], [ 121.974675861, 0.59726584, 0.0 ], [ 121.959209364, 0.565143117, 0.0 ], [ 121.942255704, 0.556933976, 0.0 ], [ 121.94386184, 0.572043554, 0.0 ], [ 121.928841493, 0.55642834, 0.0 ], [ 121.895278469, 0.577535624, 0.0 ], [ 121.913086001, 0.604218803, 0.0 ], [ 121.851003374, 0.574839421, 0.0 ], [ 121.81946709, 0.57997674, 0.0 ], [ 121.863942, 0.602885803, 0.0 ], [ 121.849605441, 0.611274918, 0.0 ], [ 121.857656479, 0.631082535, 0.0 ], [ 121.899306001, 0.626591803, 0.0 ], [ 121.894161001, 0.662134803, 0.0 ], [ 121.913694493, 0.690790176, 0.0 ], [ 122.000436783, 0.680177688, 0.0 ], [ 122.07928431, 0.690545112, 0.0 ] ] ] ] } },
{ "type": "Feature", "properties": { "id": 1865, "pbph": null, "kph": null, "provinsi": null, "fungsi": "CA" }, "geometry": { "type": "MultiPolygon", "coordinates": [ [ [ [ 121.762728462, 0.508077468, 0.0 ], [ 121.784317931, 0.491876805, 0.0 ], [ 121.803627909, 0.420887074, 0.0 ], [ 121.75543213, 0.460325778, 0.0 ], [ 121.772051304, 0.472883674, 0.0 ], [ 121.760278702, 0.460187912, 0.0 ], [ 121.733840942, 0.492507786, 0.0 ], [ 121.749603273, 0.481027931, 0.0 ], [ 121.733360921, 0.50361929, 0.0 ], [ 121.762728462, 0.508077468, 0.0 ] ] ] ] } },
{ "type": "Feature", "properties": { "id": 1913, "pbph": null, "kph": null, "provinsi": null, "fungsi": "APL" }, "geometry": { "type": "MultiPolygon", "coordinates": [ [ [ [ 122.770801016, 0.913569161, 0.0 ], [ 122.778374703, 0.892762198, 0.0 ], [ 122.784413834, 0.903660476, 0.0 ], [ 122.812044713, 0.891082547, 0.0 ], [ 122.805867576, 0.875497937, 0.0 ], [ 122.756088257, 0.90598476, 0.0 ], [ 122.770801016, 0.913569161, 0.0 ] ] ] ] } },
{ "type": "Feature", "properties": { "id": 1917, "pbph": null, "kph": null, "provinsi": null, "fungsi": "APL" }, "geometry": { "type": "MultiPolygon", "coordinates": [ [ [ [ 122.884586326, 0.89339719, 0.0 ], [ 122.892570401, 0.855536203, 0.0 ], [ 122.870324359, 0.89342756, 0.0 ], [ 122.884586326, 0.89339719, 0.0 ] ] ] ] } },
{ "type": "Feature", "properties": { "id": 1944, "pbph": null, "kph": null, "provinsi": null, "fungsi": "APL" }, "geometry": { "type": "MultiPolygon", "coordinates": [ [ [ [ 122.294109597, 0.74220025, 0.0 ], [ 122.267448426, 0.710386097, 0.0 ], [ 122.253517151, 0.715944827, 0.0 ], [ 122.267166138, 0.710938036, 0.0 ], [ 122.294109597, 0.74220025, 0.0 ] ] ] ] } },
{ "type": "Feature", "properties": { "id": 1967, "pbph": null, "kph": null, "provinsi": null, "fungsi": "APL" }, "geometry": { "type": "MultiPolygon", "coordinates": [ [ [ [ 121.825444003, 0.619274443, 0.0 ], [ 121.832253889, 0.596040328, 0.0 ], [ 121.819155, 0.579113804, 0.0 ], [ 121.849847795, 0.546319961, 0.0 ], [ 121.85682869, 0.562860489, 0.0 ], [ 121.89268303, 0.561906814, 0.0 ], [ 121.895740189, 0.576622363, 0.0 ], [ 121.918306351, 0.530065537, 0.0 ], [ 121.953969955, 0.524713516, 0.0 ], [ 121.933153154, 0.448347092, 0.0 ], [ 121.895914077, 0.455003739, 0.0 ], [ 121.889190397, 0.482555639, 0.0 ], [ 121.88069166, 0.45910013, 0.0 ], [ 121.851041794, 0.452165604, 0.0 ], [ 121.857810974, 0.501190007, 0.0 ], [ 121.80898285, 0.574390591, 0.0 ], [ 121.82067871, 0.60693401, 0.0 ], [ 121.810035706, 0.622404754, 0.0 ], [ 121.825444003, 0.619274443, 0.0 ] ] ] ] } },
{ "type": "Feature", "properties": { "id": 1968, "pbph": null, "kph": null, "provinsi": null, "fungsi": "APL" }, "geometry": { "type": "MultiPolygon", "coordinates": [ [ [ [ 122.007329606, 0.527645788, 0.0 ], [ 121.961523057, 0.523374557, 0.0 ], [ 121.97691536, 0.50166893, 0.0 ], [ 121.964773008, 0.45797508, 0.0 ], [ 121.937202084, 0.444989262, 0.0 ], [ 121.936592102, 0.492999107, 0.0 ], [ 121.959184217, 0.53053849, 0.0 ], [ 122.007329606, 0.527645788, 0.0 ] ] ] ] } },
{ "type": "Feature", "properties": { "id": 1969, "pbph": null, "kph": null, "provinsi": null, "fungsi": "APL" }, "geometry": { "type": "MultiPolygon", "coordinates": [ [ [ [ 121.758083777, 0.634875692, 0.0 ], [ 121.769250292, 0.609589418, 0.0 ], [ 121.740732938, 0.618902318, 0.0 ], [ 121.731895203, 0.593987293, 0.0 ], [ 121.69266486, 0.592937151, 0.0 ], [ 121.727377808, 0.607393017, 0.0 ], [ 121.723344039, 0.633442668, 0.0 ], [ 121.762894415, 0.621023827, 0.0 ], [ 121.736317259, 0.646031372, 0.0 ], [ 121.759086609, 0.649826706, 0.0 ], [ 121.758083777, 0.634875692, 0.0 ] ] ] ] } },
{ "type": "Feature", "properties": { "id": 1964, "pbph": null, "kph": null, "provinsi": null, "fungsi": "APL" }, "geometry": { "type": "MultiPolygon", "coordinates": [ [ [ [ 121.911610161, 0.443270537, 0.0 ], [ 121.890579884, 0.440526946, 0.0 ], [ 121.89027615, 0.461665782, 0.0 ], [ 121.911610161, 0.443270537, 0.0 ] ] ] ] } },
{ "type": "Feature", "properties": { "id": 1992, "pbph": null, "kph": null, "provinsi": null, "fungsi": "APL" }, "geometry": { "type": "MultiPolygon", "coordinates": [ [ [ [ 121.745473843, 0.625566594, 0.0 ], [ 121.750681433, 0.635100145, 0.0 ], [ 121.762894415, 0.621023827, 0.0 ], [ 121.745473843, 0.625566594, 0.0 ] ] ] ] } },
{ "type": "Feature", "properties": { "id": 2008, "pbph": null, "kph": null, "provinsi": null, "fungsi": "APL" }, "geometry": { "type": "MultiPolygon", "coordinates": [ [ [ [ 121.886987687, 0.479322433, 0.0 ], [ 121.88480568, 0.464731216, 0.0 ], [ 121.911996417, 0.443306172, 0.0 ], [ 121.884346009, 0.464805394, 0.0 ], [ 121.887764686, 0.47928013, 0.0 ], [ 121.875858673, 0.459885577, 0.0 ], [ 121.886987687, 0.479322433, 0.0 ] ] ] ] } },
{ "type": "Feature", "properties": { "id": 2014, "pbph": null, "kph": null, "provinsi": null, "fungsi": "APL" }, "geometry": { "type": "MultiPolygon", "coordinates": [ [ [ [ 121.458327455, 0.588967612, 0.0 ], [ 121.452676775, 0.559915543, 0.0 ], [ 121.475013733, 0.548875212, 0.0 ], [ 121.470132829, 0.518304824, 0.0 ], [ 121.494364113, 0.491373832, 0.0 ], [ 121.469604492, 0.518835009, 0.0 ], [ 121.47531128, 0.547864795, 0.0 ], [ 121.452140808, 0.56003195, 0.0 ], [ 121.458327455, 0.588967612, 0.0 ] ] ] ] } },
{ "type": "Feature", "properties": { "id": 2025, "pbph": null, "kph": null, "provinsi": null, "fungsi": "APL" }, "geometry": { "type": "MultiPolygon", "coordinates": [ [ [ [ 121.878571743, 0.639254092, 0.0 ], [ 121.809900582, 0.621562165, 0.0 ], [ 121.82067871, 0.60693401, 0.0 ], [ 121.80898285, 0.574390591, 0.0 ], [ 121.828140259, 0.555947542, 0.0 ], [ 121.81712532, 0.552705764, 0.0 ], [ 121.857810974, 0.501190007, 0.0 ], [ 121.851346963, 0.462633125, 0.0 ], [ 121.857215882, 0.501129748, 0.0 ], [ 121.823959352, 0.534861862, 0.0 ], [ 121.811470032, 0.593971192, 0.0 ], [ 121.800552368, 0.611041725, 0.0 ], [ 121.772354127, 0.6131832, 0.0 ], [ 121.749656753, 0.651355292, 0.0 ], [ 121.772476196, 0.61366874, 0.0 ], [ 121.801559448, 0.611289263, 0.0 ], [ 121.812707801, 0.592363417, 0.0 ], [ 121.810806276, 0.625087261, 0.0 ], [ 121.831102372, 0.618467331, 0.0 ], [ 121.838981629, 0.633035064, 0.0 ], [ 121.878571743, 0.639254092, 0.0 ] ] ] ] } },
{ "type": "Feature", "properties": { "id": 2040, "pbph": null, "kph": null, "provinsi": null, "fungsi": "APL" }, "geometry": { "type": "MultiPolygon", "coordinates": [ [ [ [ 123.459174353, 0.531892512, 0.0 ], [ 123.473452195, 0.498764439, 0.0 ], [ 123.423451995, 0.488416782, 0.0 ], [ 123.392185804, 0.509205353, 0.0 ], [ 123.398654443, 0.526462263, 0.0 ], [ 123.459174353, 0.531892512, 0.0 ] ] ] ] } },
{ "type": "Feature", "properties": { "id": 2149, "pbph": null, "kph": null, "provinsi": null, "fungsi": "APL" }, "geometry": { "type": "MultiPolygon", "coordinates": [ [ [ [ 123.308009171, 0.468734131, 0.0 ], [ 123.291128024, 0.469881572, 0.0 ], [ 123.31750679, 0.473199844, 0.0 ], [ 123.308009171, 0.468734131, 0.0 ] ] ] ] } },
{ "type": "Feature", "properties": { "id": 2180, "pbph": null, "kph": null, "provinsi": null, "fungsi": "APL" }, "geometry": { "type": "MultiPolygon", "coordinates": [ [ [ [ 123.270739243, 0.504375126, 0.0 ], [ 123.288608578, 0.485672596, 0.0 ], [ 123.281066214, 0.47511623, 0.0 ], [ 123.307895394, 0.468512654, 0.0 ], [ 123.280043762, 0.461839737, 0.0 ], [ 123.256467596, 0.495907944, 0.0 ], [ 123.223353668, 0.505414754, 0.0 ], [ 123.228651569, 0.477266779, 0.0 ], [ 123.215993072, 0.501151651, 0.0 ], [ 123.20892981, 0.49021241, 0.0 ], [ 123.142385483, 0.516370773, 0.0 ], [ 123.137113223, 0.499107565, 0.0 ], [ 123.092241288, 0.518861772, 0.0 ], [ 123.06334877, 0.512269974, 0.0 ], [ 123.152984731, 0.476730511, 0.0 ], [ 123.166795731, 0.435312272, 0.0 ], [ 123.192087174, 0.46267128, 0.0 ], [ 123.193681019, 0.423355181, 0.0 ], [ 123.22852717, 0.411330914, 0.0 ], [ 123.247468948, 0.441129685, 0.0 ], [ 123.243452072, 0.424352646, 0.0 ], [ 123.266395569, 0.426543057, 0.0 ], [ 123.261039734, 0.407838345, 0.0 ], [ 123.28063833, 0.397456862, 0.0 ], [ 123.268964078, 0.369401148, 0.0 ], [ 123.315476537, 0.360873334, 0.0 ], [ 123.324367034, 0.339420178, 0.0 ], [ 123.40183347, 0.334462182, 0.0 ], [ 123.409830954, 0.361076336, 0.0 ], [ 123.467012406, 0.37900734, 0.0 ], [ 123.481933594, 0.321825266, 0.0 ], [ 123.458665903, 0.337615962, 0.0 ], [ 123.434992423, 0.316562766, 0.0 ], [ 123.345274048, 0.306208241, 0.0 ], [ 123.267439685, 0.322594505, 0.0 ], [ 123.195075989, 0.393373251, 0.0 ], [ 123.153339233, 0.406635911, 0.0 ], [ 123.121725706, 0.456407714, 0.0 ], [ 123.066561696, 0.500764687, 0.0 ], [ 123.062622071, 0.522559583, 0.0 ], [ 123.091499329, 0.53697449, 0.0 ], [ 123.14011383, 0.52138716, 0.0 ], [ 123.178421021, 0.535664141, 0.0 ], [ 123.216529846, 0.506620705, 0.0 ], [ 123.270739243, 0.504375126, 0.0 ] ] ] ] } },
{ "type": "Feature", "properties": { "id": 1897, "pbph": null, "kph": null, "provinsi": null, "fungsi": "HPK" }, "geometry": { "type": "MultiPolygon", "coordinates": [ [ [ [ 121.590051651, 0.741983414, 0.0 ], [ 121.559328079, 0.723615646, 0.0 ], [ 121.546049118, 0.687192917, 0.0 ], [ 121.500535965, 0.699541092, 0.0 ], [ 121.545938493, 0.687475204, 0.0 ], [ 121.558568954, 0.72319603, 0.0 ], [ 121.590051651, 0.741983414, 0.0 ] ] ] ] } },
{ "type": "Feature", "properties": { "id": 1898, "pbph": null, "kph": null, "provinsi": null, "fungsi": "HPK" }, "geometry": { "type": "MultiPolygon", "coordinates": [ [ [ [ 121.40524211, 0.634054436, 0.0 ], [ 121.408278265, 0.661053448, 0.0 ], [ 121.382957811, 0.702487901, 0.0 ], [ 121.408548435, 0.661101186, 0.0 ], [ 121.40524211, 0.634054436, 0.0 ] ] ] ] } },
{ "type": "Feature", "properties": { "id": 1934, "pbph": null, "kph": null, "provinsi": null, "fungsi": "APL" }, "geometry": { "type": "MultiPolygon", "coordinates": [ [ [ [ 121.663702335, 0.766734775, 0.0 ], [ 121.660414985, 0.750549074, 0.0 ], [ 121.639799881, 0.754162229, 0.0 ], [ 121.595890648, 0.722646731, 0.0 ], [ 121.606159742, 0.698213368, 0.0 ], [ 121.634842387, 0.697505154, 0.0 ], [ 121.636258813, 0.673780004, 0.0 ], [ 121.576060671, 0.694318194, 0.0 ], [ 121.551981413, 0.663865015, 0.0 ], [ 121.521528236, 0.681924458, 0.0 ], [ 121.513383781, 0.659261628, 0.0 ], [ 121.48621057, 0.663569927, 0.0 ], [ 121.453539745, 0.643326825, 0.0 ], [ 121.428575221, 0.658730467, 0.0 ], [ 121.40524211, 0.634054436, 0.0 ], [ 121.408548435, 0.661101186, 0.0 ], [ 121.383230235, 0.702547124, 0.0 ], [ 121.477796056, 0.727427172, 0.0 ], [ 121.528490447, 0.695218729, 0.0 ], [ 121.558886495, 0.75363107, 0.0 ], [ 121.54143002, 0.770996856, 0.0 ], [ 121.51589999, 0.743458845, 0.0 ], [ 121.497111033, 0.765761766, 0.0 ], [ 121.408745244, 0.73734216, 0.0 ], [ 121.419206892, 0.787977234, 0.0 ], [ 121.535161344, 0.826222947, 0.0 ], [ 121.628468466, 0.807632344, 0.0 ], [ 121.65821343, 0.83950195, 0.0 ], [ 121.685125541, 0.806215917, 0.0 ], [ 121.658745586, 0.778596257, 0.0 ], [ 121.663702335, 0.766734775, 0.0 ] ], [ [ 121.590051651, 0.741983414, 0.0 ], [ 121.558568954, 0.72319603, 0.0 ], [ 121.545938493, 0.687475204, 0.0 ], [ 121.500535965, 0.699541092, 0.0 ], [ 121.546049118, 0.687192917, 0.0 ], [ 121.559328079, 0.723615646, 0.0 ], [ 121.590051651, 0.741983414, 0.0 ] ] ] ] } },
{ "type": "Feature", "properties": { "id": 1935, "pbph": null, "kph": null, "provinsi": null, "fungsi": "APL" }, "geometry": { "type": "MultiPolygon", "coordinates": [ [ [ [ 121.26008776, 0.776930905, 0.0 ], [ 121.388384108, 0.724417265, 0.0 ], [ 121.374219839, 0.714502277, 0.0 ], [ 121.408278265, 0.661053448, 0.0 ], [ 121.404586428, 0.633557874, 0.0 ], [ 121.348192995, 0.658730467, 0.0 ], [ 121.329071232, 0.648815479, 0.0 ], [ 121.303752602, 0.693964086, 0.0 ], [ 121.260197475, 0.665635549, 0.0 ], [ 121.254281774, 0.693664425, 0.0 ], [ 121.226599475, 0.683118788, 0.0 ], [ 121.210781019, 0.69498263, 0.0 ], [ 121.197598973, 0.717625206, 0.0 ], [ 121.230196497, 0.744904757, 0.0 ], [ 121.223339827, 0.763265397, 0.0 ], [ 121.243719658, 0.781746572, 0.0 ], [ 121.26008776, 0.776930905, 0.0 ] ] ] ] } },
{ "type": "Feature", "properties": { "id": 1936, "pbph": null, "kph": null, "provinsi": null, "fungsi": "APL" }, "geometry": { "type": "MultiPolygon", "coordinates": [ [ [ [ 122.794230459, 0.761137537, 0.0 ], [ 122.791951428, 0.742634743, 0.0 ], [ 122.766082349, 0.748725559, 0.0 ], [ 122.794230459, 0.761137537, 0.0 ] ] ] ] } },
{ "type": "Feature", "properties": { "id": 1942, "pbph": null, "kph": null, "provinsi": null, "fungsi": "APL" }, "geometry": { "type": "MultiPolygon", "coordinates": [ [ [ [ 122.294268963, 0.742074528, 0.0 ], [ 122.284061459, 0.692820905, 0.0 ], [ 122.260004053, 0.713378277, 0.0 ], [ 122.294268963, 0.742074528, 0.0 ] ] ] ] } },
{ "type": "Feature", "properties": { "id": 1977, "pbph": null, "kph": null, "provinsi": null, "fungsi": "APL" }, "geometry": { "type": "MultiPolygon", "coordinates": [ [ [ [ 121.89027615, 0.461665782, 0.0 ], [ 121.882806778, 0.43961525, 0.0 ], [ 121.887764686, 0.47928013, 0.0 ], [ 121.89027615, 0.461665782, 0.0 ] ] ] ] } },
{ "type": "Feature", "properties": { "id": 1997, "pbph": null, "kph": null, "provinsi": null, "fungsi": "APL" }, "geometry": { "type": "MultiPolygon", "coordinates": [ [ [ [ 121.855806999, 0.629270667, 0.0 ], [ 121.831929154, 0.597558171, 0.0 ], [ 121.816957474, 0.619176864, 0.0 ], [ 121.855806999, 0.629270667, 0.0 ] ] ] ] } },
{ "type": "Feature", "properties": { "id": 1998, "pbph": null, "kph": null, "provinsi": null, "fungsi": "APL" }, "geometry": { "type": "MultiPolygon", "coordinates": [ [ [ [ 121.457838653, 0.588993891, 0.0 ], [ 121.452140808, 0.56003195, 0.0 ], [ 121.464971862, 0.550863074, 0.0 ], [ 121.43504584, 0.53928043, 0.0 ], [ 121.457838653, 0.588993891, 0.0 ] ] ], [ [ [ 121.467683792, 0.557039261, 0.0 ], [ 121.452676775, 0.559915543, 0.0 ], [ 121.464120053, 0.584152463, 0.0 ], [ 121.467683792, 0.557039261, 0.0 ] ] ] ] } },
{ "type": "Feature", "properties": { "id": 2019, "pbph": null, "kph": null, "provinsi": null, "fungsi": "APL" }, "geometry": { "type": "MultiPolygon", "coordinates": [ [ [ [ 121.494364113, 0.491373832, 0.0 ], [ 121.448047828, 0.474703629, 0.0 ], [ 121.44692421, 0.502824784, 0.0 ], [ 121.433504105, 0.506032945, 0.0 ], [ 121.419208, 0.487844, 0.0 ], [ 121.378679275, 0.497804642, 0.0 ], [ 121.387804031, 0.483259201, 0.0 ], [ 121.337226868, 0.473516643, 0.0 ], [ 121.35168358, 0.492303754, 0.0 ], [ 121.331297639, 0.522739043, 0.0 ], [ 121.467422486, 0.553246438, 0.0 ], [ 121.469604492, 0.518835009, 0.0 ], [ 121.494364113, 0.491373832, 0.0 ] ] ] ] } },
{ "type": "Feature", "properties": { "id": 2020, "pbph": null, "kph": null, "provinsi": null, "fungsi": "APL" }, "geometry": { "type": "MultiPolygon", "coordinates": [ [ [ [ 121.612710115, 0.581943164, 0.0 ], [ 121.624223992, 0.589057891, 0.0 ], [ 121.66906929, 0.560846329, 0.0 ], [ 121.711595535, 0.576318741, 0.0 ], [ 121.730840684, 0.549600601, 0.0 ], [ 121.737185364, 0.566170603, 0.0 ], [ 121.802171708, 0.564119339, 0.0 ], [ 121.798601151, 0.603143692, 0.0 ], [ 121.827117921, 0.556215881, 0.0 ], [ 121.816644668, 0.556512832, 0.0 ], [ 121.824256897, 0.534320712, 0.0 ], [ 121.857215882, 0.501129748, 0.0 ], [ 121.848306336, 0.457046411, 0.0 ], [ 121.839998245, 0.46354866, 0.0 ], [ 121.834272385, 0.443296433, 0.0 ], [ 121.818063736, 0.462221145, 0.0 ], [ 121.803529739, 0.417531967, 0.0 ], [ 121.797088623, 0.468666852, 0.0 ], [ 121.780539003, 0.472592736, 0.0 ], [ 121.784721375, 0.491165519, 0.0 ], [ 121.763500182, 0.498455653, 0.0 ], [ 121.758935928, 0.520563125, 0.0 ], [ 121.751733779, 0.511510848, 0.0 ], [ 121.732408524, 0.531633377, 0.0 ], [ 121.70486641, 0.530477524, 0.0 ], [ 121.686113358, 0.514726639, 0.0 ], [ 121.617218018, 0.557724119, 0.0 ], [ 121.586984634, 0.543561936, 0.0 ], [ 121.523849247, 0.554048745, 0.0 ], [ 121.504711859, 0.493962912, 0.0 ], [ 121.470132829, 0.518304824, 0.0 ], [ 121.47009468, 0.562860489, 0.0 ], [ 121.50513649, 0.585725784, 0.0 ], [ 121.515855097, 0.549177206, 0.0 ], [ 121.546991349, 0.567399979, 0.0 ], [ 121.538515091, 0.585733414, 0.0 ], [ 121.568565531, 0.573369341, 0.0 ], [ 121.568613053, 0.604673386, 0.0 ], [ 121.587879124, 0.562438077, 0.0 ], [ 121.612710115, 0.581943164, 0.0 ] ] ] ] } },
{ "type": "Feature", "properties": { "id": 2021, "pbph": null, "kph": null, "provinsi": null, "fungsi": "APL" }, "geometry": { "type": "MultiPolygon", "coordinates": [ [ [ [ 121.849358199, 0.680555477, 0.0 ], [ 121.862405777, 0.660528183, 0.0 ], [ 121.890774804, 0.673081813, 0.0 ], [ 121.88068256, 0.639211053, 0.0 ], [ 121.838981629, 0.633035064, 0.0 ], [ 121.831102372, 0.618467331, 0.0 ], [ 121.810806276, 0.625087261, 0.0 ], [ 121.813087465, 0.592363477, 0.0 ], [ 121.801559448, 0.611289263, 0.0 ], [ 121.772476196, 0.61366874, 0.0 ], [ 121.74179268, 0.669366836, 0.0 ], [ 121.759141922, 0.68004036, 0.0 ], [ 121.774298239, 0.653159016, 0.0 ], [ 121.796450791, 0.648425955, 0.0 ], [ 121.849358199, 0.680555477, 0.0 ] ] ] ] } },
{ "type": "Feature", "properties": { "id": 2023, "pbph": null, "kph": null, "provinsi": null, "fungsi": "APL" }, "geometry": { "type": "MultiPolygon", "coordinates": [ [ [ [ 121.590286875, 0.544295582, 0.0 ], [ 121.570404186, 0.532894291, 0.0 ], [ 121.552875, 0.551338, 0.0 ], [ 121.590286875, 0.544295582, 0.0 ] ] ] ] } },
{ "type": "Feature", "properties": { "id": 2048, "pbph": null, "kph": null, "provinsi": null, "fungsi": "APL" }, "geometry": { "type": "MultiPolygon", "coordinates": [ [ [ [ 121.709302535, 0.487383228, 0.0 ], [ 121.685340882, 0.490962028, 0.0 ], [ 121.684942358, 0.510540953, 0.0 ], [ 121.709302535, 0.487383228, 0.0 ] ] ] ] } },
{ "type": "Feature", "properties": { "id": 2110, "pbph": null, "kph": null, "provinsi": null, "fungsi": "TN" }, "geometry": { "type": "MultiPolygon", "coordinates": [ [ [ [ 123.161066055, 0.771970749, 0.0 ], [ 123.167276383, 0.752035141, 0.0 ], [ 123.214754729, 0.762271398, 0.0 ], [ 123.247134475, 0.749516465, 0.0 ], [ 123.247145019, 0.716973867, 0.0 ], [ 123.2734375, 0.697864831, 0.0 ], [ 123.321929932, 0.698662937, 0.0 ], [ 123.384170533, 0.639480889, 0.0 ], [ 123.486164994, 0.626511947, 0.0 ], [ 123.487571716, 0.60138464, 0.0 ], [ 123.533050537, 0.577536047, 0.0 ], [ 123.528152466, 0.539548397, 0.0 ], [ 123.552009582, 0.51071018, 0.0 ], [ 123.522998522, 0.490445106, 0.0 ], [ 123.523414612, 0.463850558, 0.0 ], [ 123.549949647, 0.433466553, 0.0 ], [ 123.497903791, 0.382130585, 0.0 ], [ 123.493392944, 0.35662663, 0.0 ], [ 123.472733886, 0.364384191, 0.0 ], [ 123.475233994, 0.390816551, 0.0 ], [ 123.428299137, 0.358766879, 0.0 ], [ 123.38005722, 0.361614036, 0.0 ], [ 123.384038925, 0.464155197, 0.0 ], [ 123.32047081, 0.45523262, 0.0 ], [ 123.303478171, 0.468445834, 0.0 ], [ 123.31750679, 0.473199844, 0.0 ], [ 123.283442342, 0.473213202, 0.0 ], [ 123.289111644, 0.485840284, 0.0 ], [ 123.269984084, 0.495683399, 0.0 ], [ 123.280609131, 0.512081325, 0.0 ], [ 123.317390442, 0.511963725, 0.0 ], [ 123.322036743, 0.537657977, 0.0 ], [ 123.361259461, 0.536668003, 0.0 ], [ 123.376686097, 0.50804323, 0.0 ], [ 123.368621826, 0.476642102, 0.0 ], [ 123.399421692, 0.464826525, 0.0 ], [ 123.411697388, 0.491291791, 0.0 ], [ 123.475056268, 0.499368385, 0.0 ], [ 123.459074695, 0.532061831, 0.0 ], [ 123.393715303, 0.523713454, 0.0 ], [ 123.413711548, 0.483207523, 0.0 ], [ 123.400909424, 0.48365134, 0.0 ], [ 123.399261475, 0.465159357, 0.0 ], [ 123.369598389, 0.475903928, 0.0 ], [ 123.376930237, 0.508384645, 0.0 ], [ 123.361221313, 0.536901772, 0.0 ], [ 123.321990967, 0.537846863, 0.0 ], [ 123.317344666, 0.512143611, 0.0 ], [ 123.269447475, 0.504660828, 0.0 ], [ 123.156217666, 0.554009731, 0.0 ], [ 123.150670446, 0.589114138, 0.0 ], [ 123.129861529, 0.600130624, 0.0 ], [ 123.149381968, 0.621648203, 0.0 ], [ 123.139977549, 0.648465435, 0.0 ], [ 123.194960992, 0.639869149, 0.0 ], [ 123.198592339, 0.656055237, 0.0 ], [ 123.189543238, 0.670963144, 0.0 ], [ 123.159544137, 0.650472298, 0.0 ], [ 123.145889529, 0.664320832, 0.0 ], [ 123.183814977, 0.692461557, 0.0 ], [ 123.14925787, 0.70853648, 0.0 ], [ 123.136932245, 0.697477389, 0.0 ], [ 123.1229496, 0.736787797, 0.0 ], [ 123.134126663, 0.765623096, 0.0 ], [ 123.161066055, 0.771970749, 0.0 ] ] ] ] } },
{ "type": "Feature", "properties": { "id": 2120, "pbph": null, "kph": null, "provinsi": null, "fungsi": "TN" }, "geometry": { "type": "MultiPolygon", "coordinates": [ [ [ [ 123.411697387, 0.491579503, 0.0 ], [ 123.399421692, 0.464826525, 0.0 ], [ 123.369606018, 0.47520262, 0.0 ], [ 123.376525879, 0.509149254, 0.0 ], [ 123.350196839, 0.539143265, 0.0 ], [ 123.322036743, 0.537657977, 0.0 ], [ 123.305366516, 0.506616354, 0.0 ], [ 123.270670931, 0.505010202, 0.0 ], [ 123.305267335, 0.506814301, 0.0 ], [ 123.321716309, 0.537649333, 0.0 ], [ 123.350334167, 0.539439857, 0.0 ], [ 123.376800537, 0.509247899, 0.0 ], [ 123.364471436, 0.492833347, 0.0 ], [ 123.37276368, 0.473202131, 0.0 ], [ 123.399632021, 0.465189094, 0.0 ], [ 123.411697387, 0.491579503, 0.0 ] ] ] ] } },
{ "type": "Feature", "properties": { "id": 2121, "pbph": null, "kph": null, "provinsi": null, "fungsi": "APL" }, "geometry": { "type": "MultiPolygon", "coordinates": [ [ [ [ 122.100883537, 0.587901812, 0.0 ], [ 122.130012512, 0.55789435, 0.0 ], [ 122.094903946, 0.508058549, 0.0 ], [ 122.113639832, 0.506997347, 0.0 ], [ 122.094804765, 0.498117447, 0.0 ], [ 122.102715554, 0.487669235, 0.0 ], [ 121.996052672, 0.459797279, 0.0 ], [ 121.992788315, 0.485895157, 0.0 ], [ 122.012248572, 0.478841308, 0.0 ], [ 122.032346258, 0.495649915, 0.0 ], [ 122.038600117, 0.485185282, 0.0 ], [ 122.087919236, 0.52289772, 0.0 ], [ 122.100883537, 0.587901812, 0.0 ] ] ] ] } },
{ "type": "Feature", "properties": { "id": 2193, "pbph": null, "kph": null, "provinsi": null, "fungsi": "APL" }, "geometry": { "type": "MultiPolygon", "coordinates": [ [ [ [ 122.398383954, 0.760802337, 0.0 ], [ 122.343621607, 0.750060859, 0.0 ], [ 122.328102112, 0.773272753, 0.0 ], [ 122.347763062, 0.792497099, 0.0 ], [ 122.398383954, 0.760802337, 0.0 ] ] ] ] } },
{ "type": "Feature", "properties": { "id": 2195, "pbph": null, "kph": null, "provinsi": null, "fungsi": "APL" }, "geometry": { "type": "MultiPolygon", "coordinates": [ [ [ [ 122.32678365, 0.757907729, 0.0 ], [ 122.258031846, 0.767858506, 0.0 ], [ 122.24598108, 0.784316433, 0.0 ], [ 122.34640503, 0.791967392, 0.0 ], [ 122.32678365, 0.757907729, 0.0 ] ] ] ] } },
{ "type": "Feature", "properties": { "id": 2208, "pbph": null, "kph": null, "provinsi": null, "fungsi": "APL" }, "geometry": { "type": "MultiPolygon", "coordinates": [ [ [ [ 122.223046245, 0.997023259, 0.0 ], [ 122.207389831, 0.985688336, 0.0 ], [ 122.219192505, 0.972500384, 0.0 ], [ 122.203591966, 0.985858348, 0.0 ], [ 122.182258606, 0.96897167, 0.0 ], [ 122.223046245, 0.997023259, 0.0 ] ] ] ] } },
{ "type": "Feature", "properties": { "id": 2209, "pbph": null, "kph": null, "provinsi": null, "fungsi": "APL" }, "geometry": { "type": "MultiPolygon", "coordinates": [ [ [ [ 122.193672157, 1.035348864, 0.0 ], [ 122.131324769, 0.998583496, 0.0 ], [ 122.111598969, 1.003759623, 0.0 ], [ 122.115119934, 0.982482671, 0.0 ], [ 122.06653595, 0.992143333, 0.0 ], [ 122.036506653, 0.95725894, 0.0 ], [ 122.065864563, 0.992189347, 0.0 ], [ 122.101272583, 0.987285435, 0.0 ], [ 122.111381531, 1.004066348, 0.0 ], [ 122.131130219, 0.998971194, 0.0 ], [ 122.193672157, 1.035348864, 0.0 ] ] ] ] } },
{ "type": "Feature", "properties": { "id": 2182, "pbph": null, "kph": null, "provinsi": null, "fungsi": "APL" }, "geometry": { "type": "MultiPolygon", "coordinates": [ [ [ [ 122.633622525, 0.544044269, 0.0 ], [ 122.667918477, 0.512876641, 0.0 ], [ 122.629684449, 0.533724248, 0.0 ], [ 122.633622525, 0.544044269, 0.0 ] ] ] ] } },
{ "type": "Feature", "properties": { "id": 4830, "pbph": null, "kph": "KPH Wil. V Boalemo", "provinsi": "Gorontalo", "fungsi": "HL" }, "geometry": { "type": "MultiPolygon", "coordinates": [ [ [ [ 122.534736035, 0.503820695, 0.0 ], [ 122.488513362, 0.503154857, 0.0 ], [ 122.512988171, 0.515750994, 0.0 ], [ 122.534736035, 0.503820695, 0.0 ] ] ] ] } },
{ "type": "Feature", "properties": { "id": 2023, "pbph": null, "kph": null, "provinsi": null, "fungsi": "APL" }, "geometry": { "type": "MultiPolygon", "coordinates": [ [ [ [ 121.590286875, 0.544295582, 0.0 ], [ 121.570404186, 0.532894291, 0.0 ], [ 121.552875, 0.551338, 0.0 ], [ 121.590286875, 0.544295582, 0.0 ] ] ] ] } },
{ "type": "Feature", "properties": { "id": 2048, "pbph": null, "kph": null, "provinsi": null, "fungsi": "APL" }, "geometry": { "type": "MultiPolygon", "coordinates": [ [ [ [ 121.709302535, 0.487383228, 0.0 ], [ 121.685340882, 0.490962028, 0.0 ], [ 121.684942358, 0.510540953, 0.0 ], [ 121.709302535, 0.487383228, 0.0 ] ] ] ] } },
{ "type": "Feature", "properties": { "id": 2149, "pbph": null, "kph": null, "provinsi": null, "fungsi": "APL" }, "geometry": { "type": "MultiPolygon", "coordinates": [ [ [ [ 123.308009171, 0.468734131, 0.0 ], [ 123.291128024, 0.469881572, 0.0 ], [ 123.31750679, 0.473199844, 0.0 ], [ 123.308009171, 0.468734131, 0.0 ] ] ] ] } },
{ "type": "Feature", "properties": { "id": 2180, "pbph": null, "kph": null, "provinsi": null, "fungsi": "APL" }, "geometry": { "type": "MultiPolygon", "coordinates": [ [ [ [ 123.270739243, 0.504375126, 0.0 ], [ 123.288608578, 0.485672596, 0.0 ], [ 123.281066214, 0.47511623, 0.0 ], [ 123.307895394, 0.468512654, 0.0 ], [ 123.280043762, 0.461839737, 0.0 ], [ 123.256467596, 0.495907944, 0.0 ], [ 123.223353668, 0.505414754, 0.0 ], [ 123.228651569, 0.477266779, 0.0 ], [ 123.215993072, 0.501151651, 0.0 ], [ 123.20892981, 0.49021241, 0.0 ], [ 123.142385483, 0.516370773, 0.0 ], [ 123.137113223, 0.499107565, 0.0 ], [ 123.092241288, 0.518861772, 0.0 ], [ 123.06334877, 0.512269974, 0.0 ], [ 123.152984731, 0.476730511, 0.0 ], [ 123.166795731, 0.435312272, 0.0 ], [ 123.192087174, 0.46267128, 0.0 ], [ 123.193681019, 0.423355181, 0.0 ], [ 123.22852717, 0.411330914, 0.0 ], [ 123.247468948, 0.441129685, 0.0 ], [ 123.243452072, 0.424352646, 0.0 ], [ 123.266395569, 0.426543057, 0.0 ], [ 123.261039734, 0.407838345, 0.0 ], [ 123.28063833, 0.397456862, 0.0 ], [ 123.268964078, 0.369401148, 0.0 ], [ 123.315476537, 0.360873334, 0.0 ], [ 123.324367034, 0.339420178, 0.0 ], [ 123.40183347, 0.334462182, 0.0 ], [ 123.409830954, 0.361076336, 0.0 ], [ 123.467012406, 0.37900734, 0.0 ], [ 123.481933594, 0.321825266, 0.0 ], [ 123.458665903, 0.337615962, 0.0 ], [ 123.434992423, 0.316562766, 0.0 ], [ 123.345274048, 0.306208241, 0.0 ], [ 123.267439685, 0.322594505, 0.0 ], [ 123.195075989, 0.393373251, 0.0 ], [ 123.153339233, 0.406635911, 0.0 ], [ 123.121725706, 0.456407714, 0.0 ], [ 123.066561696, 0.500764687, 0.0 ], [ 123.062622071, 0.522559583, 0.0 ], [ 123.091499329, 0.53697449, 0.0 ], [ 123.14011383, 0.52138716, 0.0 ], [ 123.178421021, 0.535664141, 0.0 ], [ 123.216529846, 0.506620705, 0.0 ], [ 123.270739243, 0.504375126, 0.0 ] ] ] ] } },
{ "type": "Feature", "properties": { "id": 2182, "pbph": null, "kph": null, "provinsi": null, "fungsi": "APL" }, "geometry": { "type": "MultiPolygon", "coordinates": [ [ [ [ 122.633622525, 0.544044269, 0.0 ], [ 122.667918477, 0.512876641, 0.0 ], [ 122.629684449, 0.533724248, 0.0 ], [ 122.633622525, 0.544044269, 0.0 ] ] ] ] } },
{ "type": "Feature", "properties": { "id": 2221, "pbph": null, "kph": null, "provinsi": null, "fungsi": "APL" }, "geometry": { "type": "MultiPolygon", "coordinates": [ [ [ [ 123.006500244, 0.611030102, 0.0 ], [ 123.007522583, 0.554768204, 0.0 ], [ 122.946113587, 0.578333735, 0.0 ], [ 122.970146179, 0.609786868, 0.0 ], [ 122.978866577, 0.594267607, 0.0 ], [ 123.006500244, 0.611030102, 0.0 ] ] ] ] } },
{ "type": "Feature", "properties": { "id": 2222, "pbph": null, "kph": null, "provinsi": null, "fungsi": "APL" }, "geometry": { "type": "MultiPolygon", "coordinates": [ [ [ [ 123.270670931, 0.505010202, 0.0 ], [ 123.216529846, 0.506620705, 0.0 ], [ 123.178421021, 0.535664141, 0.0 ], [ 123.14011383, 0.52138716, 0.0 ], [ 123.091499329, 0.53697449, 0.0 ], [ 123.06577301, 0.527583956, 0.0 ], [ 123.059927663, 0.507192463, 0.0 ], [ 123.056541443, 0.536149442, 0.0 ], [ 123.024078369, 0.55799073, 0.0 ], [ 123.08203125, 0.619650185, 0.0 ], [ 123.079017639, 0.659245491, 0.0 ], [ 123.110450745, 0.661707222, 0.0 ], [ 123.085174561, 0.659480751, 0.0 ], [ 123.08241272, 0.619442761, 0.0 ], [ 123.026939392, 0.563367903, 0.0 ], [ 123.030647278, 0.546332896, 0.0 ], [ 123.061969474, 0.520966761, 0.0 ], [ 123.092811584, 0.538598478, 0.0 ], [ 123.139938355, 0.521803618, 0.0 ], [ 123.177825927, 0.536259114, 0.0 ], [ 123.216583252, 0.506919921, 0.0 ], [ 123.270670931, 0.505010202, 0.0 ] ] ] ] } },
{ "type": "Feature", "properties": { "id": 2223, "pbph": null, "kph": null, "provinsi": null, "fungsi": "APL" }, "geometry": { "type": "MultiPolygon", "coordinates": [ [ [ [ 122.637220692, 0.567727182, 0.0 ], [ 122.629013062, 0.535237432, 0.0 ], [ 122.651776781, 0.514847821, 0.0 ], [ 122.628868103, 0.534355283, 0.0 ], [ 122.638923645, 0.565767169, 0.0 ], [ 122.600151062, 0.648805559, 0.0 ], [ 122.568191528, 0.660143077, 0.0 ], [ 122.54712677, 0.700062811, 0.0 ], [ 122.507263184, 0.707958162, 0.0 ], [ 122.501625061, 0.735107124, 0.0 ], [ 122.48184967, 0.734573424, 0.0 ], [ 122.470611572, 0.75476867, 0.0 ], [ 122.407951355, 0.757453323, 0.0 ], [ 122.347763062, 0.792497099, 0.0 ], [ 122.328740267, 0.757507809, 0.0 ], [ 122.34640503, 0.791967392, 0.0 ], [ 122.2837384, 0.784624983, 0.0 ], [ 122.340362549, 0.795064926, 0.0 ], [ 122.408073425, 0.757662774, 0.0 ], [ 122.46950531, 0.756073475, 0.0 ], [ 122.481903076, 0.734932482, 0.0 ], [ 122.501998901, 0.735652864, 0.0 ], [ 122.506599427, 0.709335744, 0.0 ], [ 122.546684265, 0.70099032, 0.0 ], [ 122.568580627, 0.6605919, 0.0 ], [ 122.594413757, 0.656255483, 0.0 ], [ 122.637220692, 0.567727182, 0.0 ] ] ] ] } },
{ "type": "Feature", "properties": { "id": 4265, "pbph": null, "kph": "KPH Tepe Asa Moroso", "provinsi": "Sulawesi Tengah", "fungsi": "HPT" }, "geometry": { "type": "MultiPolygon", "coordinates": [ [ [ [ 122.09517129, -3.089188317, 0.0 ], [ 122.116990077, -3.085199889, 0.0 ], [ 122.066220223, -3.086769192, 0.0 ], [ 122.09517129, -3.089188317, 0.0 ] ] ] ] } },
{ "type": "Feature", "properties": { "id": 4299, "pbph": null, "kph": "KPH Unit I Bolaang Mongondow dan Bolaang Mongondow Utara", "provinsi": "Sulawesi Utara", "fungsi": "HP" }, "geometry": { "type": "MultiPolygon", "coordinates": [ [ [ [ 123.220962321, 0.934997461, 0.0 ], [ 123.241289138, 0.921934128, 0.0 ], [ 123.233678522, 0.900079956, 0.0 ], [ 123.199274063, 0.925416947, 0.0 ], [ 123.220962321, 0.934997461, 0.0 ] ] ] ] } },
{ "type": "Feature", "properties": { "id": 4265, "pbph": null, "kph": "KPH Tepe Asa Moroso", "provinsi": "Sulawesi Tengah", "fungsi": "HPT" }, "geometry": { "type": "MultiPolygon", "coordinates": [ [ [ [ 122.09517129, -3.089188317, 0.0 ], [ 122.116990077, -3.085199889, 0.0 ], [ 122.066220223, -3.086769192, 0.0 ], [ 122.09517129, -3.089188317, 0.0 ] ] ] ] } },
{ "type": "Feature", "properties": { "id": 4299, "pbph": null, "kph": "KPH Unit I Bolaang Mongondow dan Bolaang Mongondow Utara", "provinsi": "Sulawesi Utara", "fungsi": "HP" }, "geometry": { "type": "MultiPolygon", "coordinates": [ [ [ [ 123.220962321, 0.934997461, 0.0 ], [ 123.241289138, 0.921934128, 0.0 ], [ 123.233678522, 0.900079956, 0.0 ], [ 123.199274063, 0.925416947, 0.0 ], [ 123.220962321, 0.934997461, 0.0 ] ] ] ] } },
{ "type": "Feature", "properties": { "id": 4315, "pbph": null, "kph": "KPH Unit I Bolaang Mongondow dan Bolaang Mongondow Utara", "provinsi": "Sulawesi Utara", "fungsi": "HL" }, "geometry": { "type": "MultiPolygon", "coordinates": [ [ [ [ 123.409833654, 0.904605342, 0.0 ], [ 123.427634918, 0.887241967, 0.0 ], [ 123.409677506, 0.89047432, 0.0 ], [ 123.409833654, 0.904605342, 0.0 ] ] ] ] } },
{ "type": "Feature", "properties": { "id": 4317, "pbph": null, "kph": "KPH Unit I Bolaang Mongondow dan Bolaang Mongondow Utara", "provinsi": "Sulawesi Utara", "fungsi": "HL" }, "geometry": { "type": "MultiPolygon", "coordinates": [ [ [ [ 123.61553961, 0.886055013, 0.0 ], [ 123.604161, 0.900234757, 0.0 ], [ 123.625067906, 0.893370522, 0.0 ], [ 123.61553961, 0.886055013, 0.0 ] ] ] ] } },
{ "type": "Feature", "properties": { "id": 1897, "pbph": null, "kph": null, "provinsi": null, "fungsi": "HPK" }, "geometry": { "type": "MultiPolygon", "coordinates": [ [ [ [ 121.590051651, 0.741983414, 0.0 ], [ 121.559328079, 0.723615646, 0.0 ], [ 121.546049118, 0.687192917, 0.0 ], [ 121.500535965, 0.699541092, 0.0 ], [ 121.545938493, 0.687475204, 0.0 ], [ 121.558568954, 0.72319603, 0.0 ], [ 121.590051651, 0.741983414, 0.0 ] ] ] ] } },
{ "type": "Feature", "properties": { "id": 1898, "pbph": null, "kph": null, "provinsi": null, "fungsi": "HPK" }, "geometry": { "type": "MultiPolygon", "coordinates": [ [ [ [ 121.40524211, 0.634054436, 0.0 ], [ 121.408278265, 0.661053448, 0.0 ], [ 121.382957811, 0.702487901, 0.0 ], [ 121.408548435, 0.661101186, 0.0 ], [ 121.40524211, 0.634054436, 0.0 ] ] ] ] } },
{ "type": "Feature", "properties": { "id": 1913, "pbph": null, "kph": null, "provinsi": null, "fungsi": "APL" }, "geometry": { "type": "MultiPolygon", "coordinates": [ [ [ [ 122.770801016, 0.913569161, 0.0 ], [ 122.778374703, 0.892762198, 0.0 ], [ 122.784413834, 0.903660476, 0.0 ], [ 122.812044713, 0.891082547, 0.0 ], [ 122.805867576, 0.875497937, 0.0 ], [ 122.756088257, 0.90598476, 0.0 ], [ 122.770801016, 0.913569161, 0.0 ] ] ] ] } },
{ "type": "Feature", "properties": { "id": 1917, "pbph": null, "kph": null, "provinsi": null, "fungsi": "APL" }, "geometry": { "type": "MultiPolygon", "coordinates": [ [ [ [ 122.884586326, 0.89339719, 0.0 ], [ 122.892570401, 0.855536203, 0.0 ], [ 122.870324359, 0.89342756, 0.0 ], [ 122.884586326, 0.89339719, 0.0 ] ] ] ] } },
{ "type": "Feature", "properties": { "id": 1944, "pbph": null, "kph": null, "provinsi": null, "fungsi": "APL" }, "geometry": { "type": "MultiPolygon", "coordinates": [ [ [ [ 122.294109597, 0.74220025, 0.0 ], [ 122.267448426, 0.710386097, 0.0 ], [ 122.253517151, 0.715944827, 0.0 ], [ 122.267166138, 0.710938036, 0.0 ], [ 122.294109597, 0.74220025, 0.0 ] ] ] ] } },
{ "type": "Feature", "properties": { "id": 1967, "pbph": null, "kph": null, "provinsi": null, "fungsi": "APL" }, "geometry": { "type": "MultiPolygon", "coordinates": [ [ [ [ 121.825444003, 0.619274443, 0.0 ], [ 121.832253889, 0.596040328, 0.0 ], [ 121.819155, 0.579113804, 0.0 ], [ 121.849847795, 0.546319961, 0.0 ], [ 121.85682869, 0.562860489, 0.0 ], [ 121.89268303, 0.561906814, 0.0 ], [ 121.895740189, 0.576622363, 0.0 ], [ 121.918306351, 0.530065537, 0.0 ], [ 121.953969955, 0.524713516, 0.0 ], [ 121.933153154, 0.448347092, 0.0 ], [ 121.895914077, 0.455003739, 0.0 ], [ 121.889190397, 0.482555639, 0.0 ], [ 121.88069166, 0.45910013, 0.0 ], [ 121.851041794, 0.452165604, 0.0 ], [ 121.857810974, 0.501190007, 0.0 ], [ 121.80898285, 0.574390591, 0.0 ], [ 121.82067871, 0.60693401, 0.0 ], [ 121.810035706, 0.622404754, 0.0 ], [ 121.825444003, 0.619274443, 0.0 ] ] ] ] } },
{ "type": "Feature", "properties": { "id": 1968, "pbph": null, "kph": null, "provinsi": null, "fungsi": "APL" }, "geometry": { "type": "MultiPolygon", "coordinates": [ [ [ [ 122.007329606, 0.527645788, 0.0 ], [ 121.961523057, 0.523374557, 0.0 ], [ 121.97691536, 0.50166893, 0.0 ], [ 121.964773008, 0.45797508, 0.0 ], [ 121.937202084, 0.444989262, 0.0 ], [ 121.936592102, 0.492999107, 0.0 ], [ 121.959184217, 0.53053849, 0.0 ], [ 122.007329606, 0.527645788, 0.0 ] ] ] ] } },
{ "type": "Feature", "properties": { "id": 1969, "pbph": null, "kph": null, "provinsi": null, "fungsi": "APL" }, "geometry": { "type": "MultiPolygon", "coordinates": [ [ [ [ 121.758083777, 0.634875692, 0.0 ], [ 121.769250292, 0.609589418, 0.0 ], [ 121.740732938, 0.618902318, 0.0 ], [ 121.731895203, 0.593987293, 0.0 ], [ 121.69266486, 0.592937151, 0.0 ], [ 121.727377808, 0.607393017, 0.0 ], [ 121.723344039, 0.633442668, 0.0 ], [ 121.762894415, 0.621023827, 0.0 ], [ 121.736317259, 0.646031372, 0.0 ], [ 121.759086609, 0.649826706, 0.0 ], [ 121.758083777, 0.634875692, 0.0 ] ] ] ] } },
{ "type": "Feature", "properties": { "id": 2019, "pbph": null, "kph": null, "provinsi": null, "fungsi": "APL" }, "geometry": { "type": "MultiPolygon", "coordinates": [ [ [ [ 121.494364113, 0.491373832, 0.0 ], [ 121.448047828, 0.474703629, 0.0 ], [ 121.44692421, 0.502824784, 0.0 ], [ 121.433504105, 0.506032945, 0.0 ], [ 121.419208, 0.487844, 0.0 ], [ 121.378679275, 0.497804642, 0.0 ], [ 121.387804031, 0.483259201, 0.0 ], [ 121.337226868, 0.473516643, 0.0 ], [ 121.35168358, 0.492303754, 0.0 ], [ 121.331297639, 0.522739043, 0.0 ], [ 121.467422486, 0.553246438, 0.0 ], [ 121.469604492, 0.518835009, 0.0 ], [ 121.494364113, 0.491373832, 0.0 ] ] ] ] } },
{ "type": "Feature", "properties": { "id": 2020, "pbph": null, "kph": null, "provinsi": null, "fungsi": "APL" }, "geometry": { "type": "MultiPolygon", "coordinates": [ [ [ [ 121.612710115, 0.581943164, 0.0 ], [ 121.624223992, 0.589057891, 0.0 ], [ 121.66906929, 0.560846329, 0.0 ], [ 121.711595535, 0.576318741, 0.0 ], [ 121.730840684, 0.549600601, 0.0 ], [ 121.737185364, 0.566170603, 0.0 ], [ 121.802171708, 0.564119339, 0.0 ], [ 121.798601151, 0.603143692, 0.0 ], [ 121.827117921, 0.556215881, 0.0 ], [ 121.816644668, 0.556512832, 0.0 ], [ 121.824256897, 0.534320712, 0.0 ], [ 121.857215882, 0.501129748, 0.0 ], [ 121.848306336, 0.457046411, 0.0 ], [ 121.839998245, 0.46354866, 0.0 ], [ 121.834272385, 0.443296433, 0.0 ], [ 121.818063736, 0.462221145, 0.0 ], [ 121.803529739, 0.417531967, 0.0 ], [ 121.797088623, 0.468666852, 0.0 ], [ 121.780539003, 0.472592736, 0.0 ], [ 121.784721375, 0.491165519, 0.0 ], [ 121.763500182, 0.498455653, 0.0 ], [ 121.758935928, 0.520563125, 0.0 ], [ 121.751733779, 0.511510848, 0.0 ], [ 121.732408524, 0.531633377, 0.0 ], [ 121.70486641, 0.530477524, 0.0 ], [ 121.686113358, 0.514726639, 0.0 ], [ 121.617218018, 0.557724119, 0.0 ], [ 121.586984634, 0.543561936, 0.0 ], [ 121.523849247, 0.554048745, 0.0 ], [ 121.504711859, 0.493962912, 0.0 ], [ 121.470132829, 0.518304824, 0.0 ], [ 121.47009468, 0.562860489, 0.0 ], [ 121.50513649, 0.585725784, 0.0 ], [ 121.515855097, 0.549177206, 0.0 ], [ 121.546991349, 0.567399979, 0.0 ], [ 121.538515091, 0.585733414, 0.0 ], [ 121.568565531, 0.573369341, 0.0 ], [ 121.568613053, 0.604673386, 0.0 ], [ 121.587879124, 0.562438077, 0.0 ], [ 121.612710115, 0.581943164, 0.0 ] ] ] ] } },
{ "type": "Feature", "properties": { "id": 2021, "pbph": null, "kph": null, "provinsi": null, "fungsi": "APL" }, "geometry": { "type": "MultiPolygon", "coordinates": [ [ [ [ 121.849358199, 0.680555477, 0.0 ], [ 121.862405777, 0.660528183, 0.0 ], [ 121.890774804, 0.673081813, 0.0 ], [ 121.88068256, 0.639211053, 0.0 ], [ 121.838981629, 0.633035064, 0.0 ], [ 121.831102372, 0.618467331, 0.0 ], [ 121.810806276, 0.625087261, 0.0 ], [ 121.813087465, 0.592363477, 0.0 ], [ 121.801559448, 0.611289263, 0.0 ], [ 121.772476196, 0.61366874, 0.0 ], [ 121.74179268, 0.669366836, 0.0 ], [ 121.759141922, 0.68004036, 0.0 ], [ 121.774298239, 0.653159016, 0.0 ], [ 121.796450791, 0.648425955, 0.0 ], [ 121.849358199, 0.680555477, 0.0 ] ] ] ] } },
{ "type": "Feature", "properties": { "id": 2025, "pbph": null, "kph": null, "provinsi": null, "fungsi": "APL" }, "geometry": { "type": "MultiPolygon", "coordinates": [ [ [ [ 121.878571743, 0.639254092, 0.0 ], [ 121.809900582, 0.621562165, 0.0 ], [ 121.82067871, 0.60693401, 0.0 ], [ 121.80898285, 0.574390591, 0.0 ], [ 121.828140259, 0.555947542, 0.0 ], [ 121.81712532, 0.552705764, 0.0 ], [ 121.857810974, 0.501190007, 0.0 ], [ 121.851346963, 0.462633125, 0.0 ], [ 121.857215882, 0.501129748, 0.0 ], [ 121.823959352, 0.534861862, 0.0 ], [ 121.811470032, 0.593971192, 0.0 ], [ 121.800552368, 0.611041725, 0.0 ], [ 121.772354127, 0.6131832, 0.0 ], [ 121.749656753, 0.651355292, 0.0 ], [ 121.772476196, 0.61366874, 0.0 ], [ 121.801559448, 0.611289263, 0.0 ], [ 121.812707801, 0.592363417, 0.0 ], [ 121.810806276, 0.625087261, 0.0 ], [ 121.831102372, 0.618467331, 0.0 ], [ 121.838981629, 0.633035064, 0.0 ], [ 121.878571743, 0.639254092, 0.0 ] ] ] ] } },
{ "type": "Feature", "properties": { "id": 2120, "pbph": null, "kph": null, "provinsi": null, "fungsi": "TN" }, "geometry": { "type": "MultiPolygon", "coordinates": [ [ [ [ 123.411697387, 0.491579503, 0.0 ], [ 123.399421692, 0.464826525, 0.0 ], [ 123.369606018, 0.47520262, 0.0 ], [ 123.376525879, 0.509149254, 0.0 ], [ 123.350196839, 0.539143265, 0.0 ], [ 123.322036743, 0.537657977, 0.0 ], [ 123.305366516, 0.506616354, 0.0 ], [ 123.270670931, 0.505010202, 0.0 ], [ 123.305267335, 0.506814301, 0.0 ], [ 123.321716309, 0.537649333, 0.0 ], [ 123.350334167, 0.539439857, 0.0 ], [ 123.376800537, 0.509247899, 0.0 ], [ 123.364471436, 0.492833347, 0.0 ], [ 123.37276368, 0.473202131, 0.0 ], [ 123.399632021, 0.465189094, 0.0 ], [ 123.411697387, 0.491579503, 0.0 ] ] ] ] } },
{ "type": "Feature", "properties": { "id": 2121, "pbph": null, "kph": null, "provinsi": null, "fungsi": "APL" }, "geometry": { "type": "MultiPolygon", "coordinates": [ [ [ [ 122.100883537, 0.587901812, 0.0 ], [ 122.130012512, 0.55789435, 0.0 ], [ 122.094903946, 0.508058549, 0.0 ], [ 122.113639832, 0.506997347, 0.0 ], [ 122.094804765, 0.498117447, 0.0 ], [ 122.102715554, 0.487669235, 0.0 ], [ 121.996052672, 0.459797279, 0.0 ], [ 121.992788315, 0.485895157, 0.0 ], [ 122.012248572, 0.478841308, 0.0 ], [ 122.032346258, 0.495649915, 0.0 ], [ 122.038600117, 0.485185282, 0.0 ], [ 122.087919236, 0.52289772, 0.0 ], [ 122.100883537, 0.587901812, 0.0 ] ] ] ] } },
{ "type": "Feature", "properties": { "id": 2193, "pbph": null, "kph": null, "provinsi": null, "fungsi": "APL" }, "geometry": { "type": "MultiPolygon", "coordinates": [ [ [ [ 122.398383954, 0.760802337, 0.0 ], [ 122.343621607, 0.750060859, 0.0 ], [ 122.328102112, 0.773272753, 0.0 ], [ 122.347763062, 0.792497099, 0.0 ], [ 122.398383954, 0.760802337, 0.0 ] ] ] ] } },
{ "type": "Feature", "properties": { "id": 2195, "pbph": null, "kph": null, "provinsi": null, "fungsi": "APL" }, "geometry": { "type": "MultiPolygon", "coordinates": [ [ [ [ 122.32678365, 0.757907729, 0.0 ], [ 122.258031846, 0.767858506, 0.0 ], [ 122.24598108, 0.784316433, 0.0 ], [ 122.34640503, 0.791967392, 0.0 ], [ 122.32678365, 0.757907729, 0.0 ] ] ] ] } },
{ "type": "Feature", "properties": { "id": 2208, "pbph": null, "kph": null, "provinsi": null, "fungsi": "APL" }, "geometry": { "type": "MultiPolygon", "coordinates": [ [ [ [ 122.223046245, 0.997023259, 0.0 ], [ 122.207389831, 0.985688336, 0.0 ], [ 122.219192505, 0.972500384, 0.0 ], [ 122.203591966, 0.985858348, 0.0 ], [ 122.182258606, 0.96897167, 0.0 ], [ 122.223046245, 0.997023259, 0.0 ] ] ] ] } },
{ "type": "Feature", "properties": { "id": 2209, "pbph": null, "kph": null, "provinsi": null, "fungsi": "APL" }, "geometry": { "type": "MultiPolygon", "coordinates": [ [ [ [ 122.193672157, 1.035348864, 0.0 ], [ 122.131324769, 0.998583496, 0.0 ], [ 122.111598969, 1.003759623, 0.0 ], [ 122.115119934, 0.982482671, 0.0 ], [ 122.06653595, 0.992143333, 0.0 ], [ 122.036506653, 0.95725894, 0.0 ], [ 122.065864563, 0.992189347, 0.0 ], [ 122.101272583, 0.987285435, 0.0 ], [ 122.111381531, 1.004066348, 0.0 ], [ 122.131130219, 0.998971194, 0.0 ], [ 122.193672157, 1.035348864, 0.0 ] ] ] ] } },
{ "type": "Feature", "properties": { "id": 2219, "pbph": null, "kph": null, "provinsi": null, "fungsi": "APL" }, "geometry": { "type": "MultiPolygon", "coordinates": [ [ [ [ 122.648826599, 0.516963423, 0.0 ], [ 122.643419716, 0.476125649, 0.0 ], [ 122.619987429, 0.500062229, 0.0 ], [ 122.592269355, 0.495688248, 0.0 ], [ 122.607870355, 0.503918736, 0.0 ], [ 122.59981458, 0.512952711, 0.0 ], [ 122.572144435, 0.496953849, 0.0 ], [ 122.550146039, 0.516513243, 0.0 ], [ 122.557693481, 0.500361562, 0.0 ], [ 122.542593751, 0.492734324, 0.0 ], [ 122.544319378, 0.510140723, 0.0 ], [ 122.518659904, 0.504032923, 0.0 ], [ 122.512988171, 0.515750994, 0.0 ], [ 122.487025061, 0.500928994, 0.0 ], [ 122.44645732, 0.518118477, 0.0 ], [ 122.414441912, 0.502216923, 0.0 ], [ 122.403805492, 0.523765757, 0.0 ], [ 122.355647037, 0.510363496, 0.0 ], [ 122.351997361, 0.495144966, 0.0 ], [ 122.337645626, 0.495144966, 0.0 ], [ 122.334729988, 0.512355725, 0.0 ], [ 122.326379372, 0.494776972, 0.0 ], [ 122.314943276, 0.509043787, 0.0 ], [ 122.317009699, 0.495088352, 0.0 ], [ 122.284711567, 0.489882628, 0.0 ], [ 122.293187724, 0.480679987, 0.0 ], [ 122.28141732, 0.476776408, 0.0 ], [ 122.233951503, 0.487333213, 0.0 ], [ 122.151758376, 0.469129429, 0.0 ], [ 122.109871178, 0.512676775, 0.0 ], [ 122.128406591, 0.515409268, 0.0 ], [ 122.139951003, 0.551657875, 0.0 ], [ 122.153848984, 0.549913156, 0.0 ], [ 122.145343534, 0.570300836, 0.0 ], [ 122.161432142, 0.569165028, 0.0 ], [ 122.162228249, 0.542498602, 0.0 ], [ 122.176178878, 0.544506526, 0.0 ], [ 122.170806349, 0.526089146, 0.0 ], [ 122.198925978, 0.546629081, 0.0 ], [ 122.220806133, 0.521241648, 0.0 ], [ 122.245431183, 0.51855317, 0.0 ], [ 122.273881694, 0.520668444, 0.0 ], [ 122.305685101, 0.557368788, 0.0 ], [ 122.339458278, 0.565163004, 0.0 ], [ 122.320062393, 0.59532705, 0.0 ], [ 122.381840852, 0.574843207, 0.0 ], [ 122.361547731, 0.609144061, 0.0 ], [ 122.373350143, 0.646883011, 0.0 ], [ 122.358205795, 0.659978867, 0.0 ], [ 122.372267789, 0.669874327, 0.0 ], [ 122.361673355, 0.682500839, 0.0 ], [ 122.381517134, 0.724020019, 0.0 ], [ 122.374894765, 0.749774734, 0.0 ], [ 122.443496705, 0.764908373, 0.0 ], [ 122.501102447, 0.735598564, 0.0 ], [ 122.506484985, 0.708607555, 0.0 ], [ 122.54712677, 0.700062811, 0.0 ], [ 122.568191528, 0.660143077, 0.0 ], [ 122.600151062, 0.648805559, 0.0 ], [ 122.638923645, 0.565767169, 0.0 ], [ 122.628868103, 0.534355283, 0.0 ], [ 122.648826599, 0.516963423, 0.0 ] ], [ [ 122.632504706, 0.525706242, 0.0 ], [ 122.632177353, 0.563657761, 0.0 ], [ 122.61811011, 0.560143248, 0.0 ], [ 122.630257983, 0.576203437, 0.0 ], [ 122.607690811, 0.615098953, 0.0 ], [ 122.591152008, 0.594418485, 0.0 ], [ 122.579445514, 0.612804503, 0.0 ], [ 122.538770676, 0.604597091, 0.0 ], [ 122.57583809, 0.575315229, 0.0 ], [ 122.563333511, 0.522321701, 0.0 ], [ 122.588592164, 0.535005796, 0.0 ], [ 122.64214158, 0.514387424, 0.0 ], [ 122.632504706, 0.525706242, 0.0 ] ], [ [ 122.529825929, 0.517074495, 0.0 ], [ 122.538141014, 0.551677225, 0.0 ], [ 122.566625222, 0.556476992, 0.0 ], [ 122.5395588, 0.571231847, 0.0 ], [ 122.514853887, 0.621199649, 0.0 ], [ 122.497533289, 0.608183736, 0.0 ], [ 122.522123338, 0.558397293, 0.0 ], [ 122.491963651, 0.560424089, 0.0 ], [ 122.482204126, 0.542386055, 0.0 ], [ 122.495112309, 0.529063212, 0.0 ], [ 122.508913044, 0.54980278, 0.0 ], [ 122.519895557, 0.537786484, 0.0 ], [ 122.508029478, 0.520781538, 0.0 ], [ 122.529825929, 0.517074495, 0.0 ] ] ] ] } },
{ "type": "Feature", "properties": { "id": 2220, "pbph": null, "kph": null, "provinsi": null, "fungsi": "APL" }, "geometry": { "type": "MultiPolygon", "coordinates": [ [ [ [ 122.334663306, 1.040498768, 0.0 ], [ 122.365867615, 0.993927359, 0.0 ], [ 122.39175415, 0.993755996, 0.0 ], [ 122.393386841, 1.013143301, 0.0 ], [ 122.417114258, 0.990709066, 0.0 ], [ 122.444335938, 0.99741888, 0.0 ], [ 122.452232661, 1.031608647, 0.0 ], [ 122.488967896, 0.989108324, 0.0 ], [ 122.559677124, 0.960215985, 0.0 ], [ 122.613983154, 0.94390136, 0.0 ], [ 122.624679566, 0.963412404, 0.0 ], [ 122.691617398, 0.889847139, 0.0 ], [ 122.715890054, 0.884877601, 0.0 ], [ 122.707711786, 0.868240438, 0.0 ], [ 122.729679792, 0.862597603, 0.0 ], [ 122.740391218, 0.878608366, 0.0 ], [ 122.765619359, 0.856238707, 0.0 ], [ 122.773342999, 0.878295741, 0.0 ], [ 122.803512573, 0.847332179, 0.0 ], [ 122.788186571, 0.851515144, 0.0 ], [ 122.788809151, 0.837485698, 0.0 ], [ 122.841721115, 0.817033231, 0.0 ], [ 122.853535839, 0.789837483, 0.0 ], [ 122.860351062, 0.825707608, 0.0 ], [ 122.871415669, 0.816131418, 0.0 ], [ 122.885646898, 0.837493915, 0.0 ], [ 122.903363035, 0.833892434, 0.0 ], [ 122.897582535, 0.854047354, 0.0 ], [ 122.914320257, 0.851358856, 0.0 ], [ 122.936570605, 0.888196283, 0.0 ], [ 122.949605867, 0.881785153, 0.0 ], [ 122.949857914, 0.920038564, 0.0 ], [ 122.987475054, 0.940257154, 0.0 ], [ 122.946120858, 0.937654681, 0.0 ], [ 122.945228577, 0.964030803, 0.0 ], [ 122.986386258, 0.967478274, 0.0 ], [ 122.996955872, 0.944162846, 0.0 ], [ 123.047347928, 0.920080157, 0.0 ], [ 123.047966003, 0.938531756, 0.0 ], [ 123.090656283, 0.904242555, 0.0 ], [ 123.103209881, 0.914033151, 0.0 ], [ 123.093319622, 0.928972057, 0.0 ], [ 123.114381525, 0.926101534, 0.0 ], [ 123.122055053, 0.888268352, 0.0 ], [ 123.234436035, 0.831768513, 0.0 ], [ 123.18862915, 0.858851731, 0.0 ], [ 123.109358081, 0.854985391, 0.0 ], [ 123.102622032, 0.868840372, 0.0 ], [ 123.115267573, 0.877265441, 0.0 ], [ 123.087046631, 0.879673246, 0.0 ], [ 123.067733098, 0.902504751, 0.0 ], [ 123.015500069, 0.86417506, 0.0 ], [ 122.994338381, 0.882496946, 0.0 ], [ 123.01364406, 0.907067809, 0.0 ], [ 122.978149214, 0.924134509, 0.0 ], [ 122.987379378, 0.884871574, 0.0 ], [ 122.969585168, 0.853873124, 0.0 ], [ 122.940054061, 0.841768349, 0.0 ], [ 122.950611277, 0.776029834, 0.0 ], [ 122.923102266, 0.78732871, 0.0 ], [ 122.892394987, 0.749121778, 0.0 ], [ 122.876411413, 0.752443199, 0.0 ], [ 122.881665125, 0.732746749, 0.0 ], [ 122.855928351, 0.741375986, 0.0 ], [ 122.884985107, 0.728831901, 0.0 ], [ 122.883446687, 0.712204427, 0.0 ], [ 122.869161396, 0.718349543, 0.0 ], [ 122.880626379, 0.703482113, 0.0 ], [ 122.858310759, 0.689147227, 0.0 ], [ 122.838914721, 0.699362857, 0.0 ], [ 122.852739105, 0.681319281, 0.0 ], [ 122.829222555, 0.666780113, 0.0 ], [ 122.882475201, 0.670815438, 0.0 ], [ 122.907911547, 0.656259736, 0.0 ], [ 122.906414703, 0.685398868, 0.0 ], [ 122.981509427, 0.69395217, 0.0 ], [ 123.004917458, 0.751016326, 0.0 ], [ 123.029188156, 0.730527879, 0.0 ], [ 123.02134725, 0.703113096, 0.0 ], [ 123.053347132, 0.749530034, 0.0 ], [ 123.068167034, 0.746927006, 0.0 ], [ 123.091628988, 0.694168492, 0.0 ], [ 123.105646133, 0.693387986, 0.0 ], [ 123.091420745, 0.680428335, 0.0 ], [ 123.100583402, 0.667135543, 0.0 ], [ 123.147064042, 0.707758837, 0.0 ], [ 123.173763613, 0.702240873, 0.0 ], [ 123.145887376, 0.664316177, 0.0 ], [ 123.159544137, 0.650462494, 0.0 ], [ 123.189543238, 0.670950165, 0.0 ], [ 123.195621145, 0.640448532, 0.0 ], [ 123.139876608, 0.648561063, 0.0 ], [ 123.14928427, 0.621517939, 0.0 ], [ 123.129800784, 0.600138216, 0.0 ], [ 123.150580278, 0.589162979, 0.0 ], [ 123.144163633, 0.570109091, 0.0 ], [ 123.15922316, 0.573569183, 0.0 ], [ 123.161364812, 0.54923575, 0.0 ], [ 123.269584656, 0.499313414, 0.0 ], [ 123.216583252, 0.506919921, 0.0 ], [ 123.177825927, 0.536259114, 0.0 ], [ 123.139938355, 0.521803618, 0.0 ], [ 123.092811584, 0.538598478, 0.0 ], [ 123.061969474, 0.520966761, 0.0 ], [ 123.030647278, 0.546332896, 0.0 ], [ 123.026939392, 0.563367903, 0.0 ], [ 123.08241272, 0.619442761, 0.0 ], [ 123.085174561, 0.659480751, 0.0 ], [ 123.110450745, 0.661707222, 0.0 ], [ 123.081825257, 0.661518037, 0.0 ], [ 123.08203125, 0.619650185, 0.0 ], [ 123.024078369, 0.55799073, 0.0 ], [ 123.061904907, 0.520675063, 0.0 ], [ 123.046888266, 0.490277164, 0.0 ], [ 122.888023367, 0.485693767, 0.0 ], [ 122.822230897, 0.498071044, 0.0 ], [ 122.692191235, 0.473307666, 0.0 ], [ 122.677080926, 0.510381251, 0.0 ], [ 122.721809387, 0.501961053, 0.0 ], [ 122.801869049, 0.51691675, 0.0 ], [ 122.882606506, 0.496954322, 0.0 ], [ 122.999244691, 0.508472502, 0.0 ], [ 122.999672933, 0.525090211, 0.0 ], [ 122.912467957, 0.540417671, 0.0 ], [ 122.870594107, 0.528261594, 0.0 ], [ 122.86177063, 0.534431565, 0.0 ], [ 122.876571655, 0.552438557, 0.0 ], [ 122.824193744, 0.540800452, 0.0 ], [ 122.785539493, 0.562177833, 0.0 ], [ 122.768239994, 0.544535067, 0.0 ], [ 122.765151978, 0.562091589, 0.0 ], [ 122.741251794, 0.545366306, 0.0 ], [ 122.752890653, 0.573457403, 0.0 ], [ 122.709381999, 0.580205563, 0.0 ], [ 122.72910193, 0.595392259, 0.0 ], [ 122.712005615, 0.612442315, 0.0 ], [ 122.68962225, 0.590616315, 0.0 ], [ 122.653389332, 0.58648917, 0.0 ], [ 122.631076499, 0.601130729, 0.0 ], [ 122.637220692, 0.567727182, 0.0 ], [ 122.600715637, 0.649015009, 0.0 ], [ 122.568580627, 0.6605919, 0.0 ], [ 122.546684265, 0.70099032, 0.0 ], [ 122.506599427, 0.709335744, 0.0 ], [ 122.501998901, 0.735652864, 0.0 ], [ 122.44355774, 0.765536666, 0.0 ], [ 122.408073425, 0.757662774, 0.0 ], [ 122.340362549, 0.795064926, 0.0 ], [ 122.300707637, 0.789590807, 0.0 ], [ 122.384018586, 0.807389343, 0.0 ], [ 122.374621627, 0.794326191, 0.0 ], [ 122.412158102, 0.793452856, 0.0 ], [ 122.418473013, 0.78097176, 0.0 ], [ 122.448038333, 0.804585122, 0.0 ], [ 122.460492748, 0.781555781, 0.0 ], [ 122.468751552, 0.797487594, 0.0 ], [ 122.550411887, 0.775288999, 0.0 ], [ 122.569459916, 0.793355942, 0.0 ], [ 122.641248703, 0.750246048, 0.0 ], [ 122.656579971, 0.748353958, 0.0 ], [ 122.654235308, 0.768694039, 0.0 ], [ 122.666695852, 0.749886141, 0.0 ], [ 122.678650053, 0.75750774, 0.0 ], [ 122.677670485, 0.730451482, 0.0 ], [ 122.728837967, 0.686365127, 0.0 ], [ 122.73452898, 0.698255897, 0.0 ], [ 122.749021531, 0.685476303, 0.0 ], [ 122.775194168, 0.692796707, 0.0 ], [ 122.759333925, 0.721961985, 0.0 ], [ 122.782325908, 0.70613493, 0.0 ], [ 122.800561544, 0.733240072, 0.0 ], [ 122.834523873, 0.732238743, 0.0 ], [ 122.804706507, 0.794553219, 0.0 ], [ 122.785315884, 0.802813948, 0.0 ], [ 122.791541261, 0.813260889, 0.0 ], [ 122.730056123, 0.823145892, 0.0 ], [ 122.710344708, 0.844568442, 0.0 ], [ 122.693239052, 0.842744711, 0.0 ], [ 122.695511823, 0.823815983, 0.0 ], [ 122.683457287, 0.846970488, 0.0 ], [ 122.652420566, 0.85407296, 0.0 ], [ 122.670785079, 0.897358221, 0.0 ], [ 122.643236083, 0.917993477, 0.0 ], [ 122.626027719, 0.913414874, 0.0 ], [ 122.637074455, 0.932207205, 0.0 ], [ 122.603180078, 0.941811421, 0.0 ], [ 122.586937971, 0.9251555, 0.0 ], [ 122.562060776, 0.929264811, 0.0 ], [ 122.485958034, 0.972745781, 0.0 ], [ 122.433474657, 0.951129819, 0.0 ], [ 122.430781499, 0.932625151, 0.0 ], [ 122.399046992, 0.960162938, 0.0 ], [ 122.412815089, 0.97384721, 0.0 ], [ 122.374555173, 0.980210155, 0.0 ], [ 122.352133282, 1.010776625, 0.0 ], [ 122.32900386, 1.012521353, 0.0 ], [ 122.283246158, 0.966330799, 0.0 ], [ 122.25425529, 0.97717994, 0.0 ], [ 122.239264056, 0.95777592, 0.0 ], [ 122.16706286, 0.966168898, 0.0 ], [ 122.211111717, 1.003578866, 0.0 ], [ 122.088579347, 0.982130359, 0.0 ], [ 122.048333527, 0.957301581, 0.0 ], [ 122.039861679, 0.924192429, 0.0 ], [ 122.034526564, 0.973951488, 0.0 ], [ 122.075019837, 1.00430119, 0.0 ], [ 122.195813021, 1.038519476, 0.0 ], [ 122.101272583, 0.987285435, 0.0 ], [ 122.065864563, 0.992189347, 0.0 ], [ 122.036506653, 0.95725894, 0.0 ], [ 122.06653595, 0.992143333, 0.0 ], [ 122.115119934, 0.982482671, 0.0 ], [ 122.111598969, 1.003759623, 0.0 ], [ 122.131324769, 0.998583496, 0.0 ], [ 122.194262565, 1.034206872, 0.0 ], [ 122.228638507, 1.013563052, 0.0 ], [ 122.182258606, 0.96897167, 0.0 ], [ 122.203591966, 0.985858348, 0.0 ], [ 122.219192505, 0.972500384, 0.0 ], [ 122.207389831, 0.985688336, 0.0 ], [ 122.221442638, 0.995678074, 0.0 ], [ 122.240738, 0.983842, 0.0 ], [ 122.243065088, 1.008890123, 0.0 ], [ 122.314857483, 1.005171657, 0.0 ], [ 122.334663306, 1.040498768, 0.0 ] ], [ [ 123.006500244, 0.611030102, 0.0 ], [ 122.978866577, 0.594267607, 0.0 ], [ 122.970146179, 0.609786868, 0.0 ], [ 122.946113587, 0.578333735, 0.0 ], [ 123.007522583, 0.554768204, 0.0 ], [ 123.006500244, 0.611030102, 0.0 ] ] ] ] } },
{ "type": "Feature", "properties": { "id": 4344, "pbph": null, "kph": "KPH UNIT II BOLAANG MONGONDOW TIMUR DAN BOLAANG MONGONDOW SELATAN", "provinsi": "Sulawesi Utara", "fungsi": "HL" }, "geometry": { "type": "MultiPolygon", "coordinates": [ [ [ [ 123.948095442, 0.442446818, 0.0 ], [ 123.91871643, 0.393202931, 0.0 ], [ 123.885498049, 0.411689877, 0.0 ], [ 123.800323486, 0.409134775, 0.0 ], [ 123.793365479, 0.327321351, 0.0 ], [ 123.751678468, 0.331329346, 0.0 ], [ 123.719677195, 0.355031265, 0.0 ], [ 123.758953265, 0.369288227, 0.0 ], [ 123.742978563, 0.400645346, 0.0 ], [ 123.727419445, 0.402503551, 0.0 ], [ 123.707254186, 0.374980418, 0.0 ], [ 123.699562362, 0.387017046, 0.0 ], [ 123.716272318, 0.403269124, 0.0 ], [ 123.692312302, 0.408253336, 0.0 ], [ 123.677168903, 0.374834829, 0.0 ], [ 123.689544213, 0.345663198, 0.0 ], [ 123.686771495, 0.359123098, 0.0 ], [ 123.648111822, 0.366475875, 0.0 ], [ 123.639930754, 0.391116052, 0.0 ], [ 123.630740626, 0.352714446, 0.0 ], [ 123.625964604, 0.373260148, 0.0 ], [ 123.609720003, 0.35459035, 0.0 ], [ 123.577185459, 0.373929449, 0.0 ], [ 123.568916322, 0.359034687, 0.0 ], [ 123.536903382, 0.371659905, 0.0 ], [ 123.519439698, 0.357807249, 0.0 ], [ 123.491564678, 0.365062286, 0.0 ], [ 123.549081473, 0.432466316, 0.0 ], [ 123.634776502, 0.405943565, 0.0 ], [ 123.683876821, 0.437171983, 0.0 ], [ 123.929824056, 0.431286448, 0.0 ], [ 123.948095442, 0.442446818, 0.0 ] ] ] ] } },
{ "type": "Feature", "properties": { "id": 4372, "pbph": null, "kph": "KPH Unit I Bolaang Mongondow dan Bolaang Mongondow Utara", "provinsi": "Sulawesi Utara", "fungsi": "HL" }, "geometry": { "type": "MultiPolygon", "coordinates": [ [ [ [ 123.668348542, 0.616762128, 0.0 ], [ 123.665143472, 0.601668242, 0.0 ], [ 123.634181797, 0.591890006, 0.0 ], [ 123.668348542, 0.616762128, 0.0 ] ] ] ] } },
{ "type": "Feature", "properties": { "id": 4374, "pbph": null, "kph": "KPH Unit I Bolaang Mongondow dan Bolaang Mongondow Utara", "provinsi": "Sulawesi Utara", "fungsi": "HPT" }, "geometry": { "type": "MultiPolygon", "coordinates": [ [ [ [ 123.66508725, 0.601741083, 0.0 ], [ 123.668348542, 0.616762128, 0.0 ], [ 123.698754604, 0.612960493, 0.0 ], [ 123.726116026, 0.637902003, 0.0 ], [ 123.740642636, 0.67773418, 0.0 ], [ 123.703373711, 0.746203495, 0.0 ], [ 123.709260078, 0.761239305, 0.0 ], [ 123.777532796, 0.790567273, 0.0 ], [ 123.777923532, 0.706445758, 0.0 ], [ 123.817809384, 0.706468783, 0.0 ], [ 123.817827107, 0.634154422, 0.0 ], [ 123.66508725, 0.601741083, 0.0 ] ] ] ] } },
{ "type": "Feature", "properties": { "id": 4417, "pbph": null, "kph": "KPH Wil. I dan Wil. II Gorontalo Barat", "provinsi": "Gorontalo", "fungsi": "HL" }, "geometry": { "type": "MultiPolygon", "coordinates": [ [ [ [ 121.73158455, 0.53114891, 0.0 ], [ 121.764351759, 0.507965994, 0.0 ], [ 121.728065491, 0.501964986, 0.0 ], [ 121.717806523, 0.523993823, 0.0 ], [ 121.685572612, 0.513844448, 0.0 ], [ 121.73158455, 0.53114891, 0.0 ] ] ] ] } },
{ "type": "Feature", "properties": { "id": 4441, "pbph": null, "kph": "KPH Wil. I dan Wil. II Gorontalo Barat", "provinsi": "Gorontalo", "fungsi": "HL" }, "geometry": { "type": "MultiPolygon", "coordinates": [ [ [ [ 121.401878553, 0.4941136, 0.0 ], [ 121.409135038, 0.472078482, 0.0 ], [ 121.409783212, 0.487515304, -0.0001 ], [ 121.391355496, 0.47732943, -0.0001 ], [ 121.396125793, 0.48968035, 0.0 ], [ 121.358291389, 0.472165183, 0.0 ], [ 121.388532793, 0.482878621, 0.0 ], [ 121.381940152, 0.497109195, 0.0 ], [ 121.401878553, 0.4941136, 0.0 ] ] ] ] } },
{ "type": "Feature", "properties": { "id": 4455, "pbph": null, "kph": "KPH Wil. I dan Wil. II Gorontalo Barat", "provinsi": "Gorontalo", "fungsi": "HL" }, "geometry": { "type": "MultiPolygon", "coordinates": [ [ [ [ 121.620158252, 0.555724816, 0.0 ], [ 121.642081333, 0.525027266, 0.0 ], [ 121.62365761, 0.535560564, 0.0 ], [ 121.61795044, 0.523763776, 0.0 ], [ 121.619163513, 0.548101663, 0.0 ], [ 121.6059723, 0.538769421, 0.0 ], [ 121.620158252, 0.555724816, 0.0 ] ] ] ] } },
{ "type": "Feature", "properties": { "id": 4476, "pbph": null, "kph": "KPH Wil. I dan Wil. II Gorontalo Barat", "provinsi": "Gorontalo", "fungsi": "HL" }, "geometry": { "type": "MultiPolygon", "coordinates": [ [ [ [ 121.583525482, 0.53641656, 0.0 ], [ 121.572477247, 0.53334746, 0.0 ], [ 121.592935921, 0.54530909, 0.0 ], [ 121.583525482, 0.53641656, 0.0 ] ] ] ] } },
{ "type": "Feature", "properties": { "id": 4474, "pbph": null, "kph": "KPH Wil. I dan Wil. II Gorontalo Barat", "provinsi": "Gorontalo", "fungsi": "HL" }, "geometry": { "type": "MultiPolygon", "coordinates": [ [ [ [ 121.605530422, 0.546528652, 0.0 ], [ 121.602202938, 0.52738748, 0.0 ], [ 121.581781022, 0.538444095, 0.0 ], [ 121.605530422, 0.546528652, 0.0 ] ] ] ] } },
{ "type": "Feature", "properties": { "id": 4467, "pbph": null, "kph": "KPH Wil. I dan Wil. II Gorontalo Barat", "provinsi": "Gorontalo", "fungsi": "HL" }, "geometry": { "type": "MultiPolygon", "coordinates": [ [ [ [ 121.446741544, 0.502564232, 0.0 ], [ 121.438694177, 0.484940817, 0.0 ], [ 121.433507276, 0.500578895, 0.0 ], [ 121.446741544, 0.502564232, 0.0 ] ] ] ] } },
{ "type": "Feature", "properties": { "id": 4488, "pbph": null, "kph": "KPH Wil. III Pahuwato", "provinsi": "Gorontalo", "fungsi": "HL" }, "geometry": { "type": "MultiPolygon", "coordinates": [ [ [ [ 121.89058876, 0.441560745, 0.0 ], [ 121.879858626, 0.437410293, 0.0 ], [ 121.876900014, 0.453757368, 0.0 ], [ 121.89058876, 0.441560745, 0.0 ] ] ] ] } },
{ "type": "Feature", "properties": { "id": 4489, "pbph": null, "kph": "KPH Wil. III Pahuwato", "provinsi": "Gorontalo", "fungsi": "HL" }, "geometry": { "type": "MultiPolygon", "coordinates": [ [ [ [ 121.848403469, 0.465078409, 0.0 ], [ 121.852401733, 0.43726784, 0.0 ], [ 121.842087471, 0.443790399, 0.0 ], [ 121.84592953, 0.430432791, 0.0 ], [ 121.803695679, 0.4102225, 0.0 ], [ 121.817647934, 0.461606979, 0.0 ], [ 121.835405351, 0.443307877, 0.0 ], [ 121.848403469, 0.465078409, 0.0 ] ] ] ] } },
{ "type": "Feature", "properties": { "id": 4490, "pbph": null, "kph": "KPH Wil. III Pahuwato", "provinsi": "Gorontalo", "fungsi": "HL" }, "geometry": { "type": "MultiPolygon", "coordinates": [ [ [ [ 121.866608825, 0.465163864, 0.0 ], [ 121.879208518, 0.437285577, 0.0 ], [ 121.848304749, 0.431230664, 0.0 ], [ 121.850854874, 0.46198845, 0.0 ], [ 121.856111528, 0.447366715, 0.0 ], [ 121.866608825, 0.465163864, 0.0 ] ] ] ] } },
{ "type": "Feature", "properties": { "id": 4497, "pbph": null, "kph": "KPH Wil. III Pahuwato", "provinsi": "Gorontalo", "fungsi": "HL" }, "geometry": { "type": "MultiPolygon", "coordinates": [ [ [ [ 122.115600586, 0.501957536, 0.0 ], [ 122.115891304, 0.48821843, 0.0 ], [ 122.097403, 0.491712, 0.0 ], [ 122.115600586, 0.501957536, 0.0 ] ] ] ] } },
{ "type": "Feature", "properties": { "id": 4605, "pbph": null, "kph": "KPH Wil. IV Gorontalo Utara", "provinsi": "Gorontalo", "fungsi": "HL" }, "geometry": { "type": "MultiPolygon", "coordinates": [ [ [ [ 122.862226227, 0.813327331, 0.0 ], [ 122.853535839, 0.789837483, 0.0 ], [ 122.838323525, 0.813635642, 0.0 ], [ 122.848449707, 0.800537228, 0.0 ], [ 122.862226227, 0.813327331, 0.0 ] ] ] ] } },
{ "type": "Feature", "properties": { "id": 4616, "pbph": null, "kph": "KPH Wil. IV Gorontalo Utara", "provinsi": "Gorontalo", "fungsi": "HL" }, "geometry": { "type": "MultiPolygon", "coordinates": [ [ [ [ 122.90576808, 0.846881726, 0.0 ], [ 122.902701557, 0.83350394, 0.0 ], [ 122.885740097, 0.837476017, 0.0 ], [ 122.90576808, 0.846881726, 0.0 ] ] ] ] } },
{ "type": "Feature", "properties": { "id": 4650, "pbph": null, "kph": "KPH Wil. IV Gorontalo Utara", "provinsi": "Gorontalo", "fungsi": "HL" }, "geometry": { "type": "MultiPolygon", "coordinates": [ [ [ [ 122.947692939, 0.894766627, 0.0 ], [ 122.949605867, 0.881785153, 0.0 ], [ 122.936570605, 0.888196283, 0.0 ], [ 122.947692939, 0.894766627, 0.0 ] ] ] ] } },
{ "type": "Feature", "properties": { "id": 2221, "pbph": null, "kph": null, "provinsi": null, "fungsi": "APL" }, "geometry": { "type": "MultiPolygon", "coordinates": [ [ [ [ 123.006500244, 0.611030102, 0.0 ], [ 123.007522583, 0.554768204, 0.0 ], [ 122.946113587, 0.578333735, 0.0 ], [ 122.970146179, 0.609786868, 0.0 ], [ 122.978866577, 0.594267607, 0.0 ], [ 123.006500244, 0.611030102, 0.0 ] ] ] ] } },
{ "type": "Feature", "properties": { "id": 2222, "pbph": null, "kph": null, "provinsi": null, "fungsi": "APL" }, "geometry": { "type": "MultiPolygon", "coordinates": [ [ [ [ 123.270670931, 0.505010202, 0.0 ], [ 123.216529846, 0.506620705, 0.0 ], [ 123.178421021, 0.535664141, 0.0 ], [ 123.14011383, 0.52138716, 0.0 ], [ 123.091499329, 0.53697449, 0.0 ], [ 123.06577301, 0.527583956, 0.0 ], [ 123.059927663, 0.507192463, 0.0 ], [ 123.056541443, 0.536149442, 0.0 ], [ 123.024078369, 0.55799073, 0.0 ], [ 123.08203125, 0.619650185, 0.0 ], [ 123.079017639, 0.659245491, 0.0 ], [ 123.110450745, 0.661707222, 0.0 ], [ 123.085174561, 0.659480751, 0.0 ], [ 123.08241272, 0.619442761, 0.0 ], [ 123.026939392, 0.563367903, 0.0 ], [ 123.030647278, 0.546332896, 0.0 ], [ 123.061969474, 0.520966761, 0.0 ], [ 123.092811584, 0.538598478, 0.0 ], [ 123.139938355, 0.521803618, 0.0 ], [ 123.177825927, 0.536259114, 0.0 ], [ 123.216583252, 0.506919921, 0.0 ], [ 123.270670931, 0.505010202, 0.0 ] ] ] ] } },
{ "type": "Feature", "properties": { "id": 2223, "pbph": null, "kph": null, "provinsi": null, "fungsi": "APL" }, "geometry": { "type": "MultiPolygon", "coordinates": [ [ [ [ 122.637220692, 0.567727182, 0.0 ], [ 122.629013062, 0.535237432, 0.0 ], [ 122.651776781, 0.514847821, 0.0 ], [ 122.628868103, 0.534355283, 0.0 ], [ 122.638923645, 0.565767169, 0.0 ], [ 122.600151062, 0.648805559, 0.0 ], [ 122.568191528, 0.660143077, 0.0 ], [ 122.54712677, 0.700062811, 0.0 ], [ 122.507263184, 0.707958162, 0.0 ], [ 122.501625061, 0.735107124, 0.0 ], [ 122.48184967, 0.734573424, 0.0 ], [ 122.470611572, 0.75476867, 0.0 ], [ 122.407951355, 0.757453323, 0.0 ], [ 122.347763062, 0.792497099, 0.0 ], [ 122.328740267, 0.757507809, 0.0 ], [ 122.34640503, 0.791967392, 0.0 ], [ 122.2837384, 0.784624983, 0.0 ], [ 122.340362549, 0.795064926, 0.0 ], [ 122.408073425, 0.757662774, 0.0 ], [ 122.46950531, 0.756073475, 0.0 ], [ 122.481903076, 0.734932482, 0.0 ], [ 122.501998901, 0.735652864, 0.0 ], [ 122.506599427, 0.709335744, 0.0 ], [ 122.546684265, 0.70099032, 0.0 ], [ 122.568580627, 0.6605919, 0.0 ], [ 122.594413757, 0.656255483, 0.0 ], [ 122.637220692, 0.567727182, 0.0 ] ] ] ] } },
{ "type": "Feature", "properties": { "id": 4575, "pbph": null, "kph": "KPH Wil. IV Gorontalo Utara", "provinsi": "Gorontalo", "fungsi": "HL" }, "geometry": { "type": "MultiPolygon", "coordinates": [ [ [ [ 122.791703334, 0.845893664, 0.0 ], [ 122.79566548, 0.83352743, 0.0 ], [ 122.823974056, 0.839205824, 0.0 ], [ 122.830706672, 0.817309824, 0.0 ], [ 122.791703334, 0.845893664, 0.0 ] ] ] ] } },
{ "type": "Feature", "properties": { "id": 4429, "pbph": null, "kph": "KPH Wil. I dan Wil. II Gorontalo Barat", "provinsi": "Gorontalo", "fungsi": "HL" }, "geometry": { "type": "MultiPolygon", "coordinates": [ [ [ [ 121.543505056, 0.555675637, 0.0 ], [ 121.570402553, 0.532896494, 0.0 ], [ 121.535209656, 0.555679321, 0.0 ], [ 121.512436564, 0.528837219, 0.0 ], [ 121.543505056, 0.555675637, 0.0 ] ] ], [ [ [ 121.518669081, 0.495729335, 0.0 ], [ 121.495124016, 0.48013101, 0.0 ], [ 121.515415852, 0.511918204, 0.0 ], [ 121.518669081, 0.495729335, 0.0 ] ] ] ] } },
{ "type": "Feature", "properties": { "id": 4516, "pbph": null, "kph": "KPH Wil. IV Gorontalo Utara", "provinsi": "Gorontalo", "fungsi": "HL" }, "geometry": { "type": "MultiPolygon", "coordinates": [ [ [ [ 122.713662642, 0.890290135, 0.0 ], [ 122.712914293, 0.8670778, 0.0 ], [ 122.740974427, 0.880120099, 0.0 ], [ 122.766397507, 0.861623405, 0.0 ], [ 122.771270753, 0.878785789, 0.0 ], [ 122.771862171, 0.859470612, 0.0 ], [ 122.749844472, 0.859115561, 0.0 ], [ 122.740391218, 0.878608366, 0.0 ], [ 122.729679792, 0.862597603, 0.0 ], [ 122.707711786, 0.868240438, 0.0 ], [ 122.715890054, 0.884877601, 0.0 ], [ 122.699573607, 0.88676181, 0.0 ], [ 122.713662642, 0.890290135, 0.0 ] ] ] ] } },
{ "type": "Feature", "properties": { "id": 4863, "pbph": null, "kph": "KPH Wil. V Boalemo", "provinsi": "Gorontalo", "fungsi": "HL" }, "geometry": { "type": "MultiPolygon", "coordinates": [ [ [ [ 122.339106167, 0.506777875, 0.0 ], [ 122.325015304, 0.49224299, 0.0 ], [ 122.317735332, 0.508396435, 0.0 ], [ 122.310903142, 0.489815267, 0.0 ], [ 122.314943276, 0.509043787, 0.0 ], [ 122.325473543, 0.494748665, 0.0 ], [ 122.329295011, 0.512752025, 0.0 ], [ 122.339106167, 0.506777875, 0.0 ] ] ] ] } },
{ "type": "Feature", "properties": { "id": 4975, "pbph": null, "kph": "KPH Wil. I dan Wil. II Gorontalo Barat", "provinsi": "Gorontalo", "fungsi": "HP" }, "geometry": { "type": "MultiPolygon", "coordinates": [ [ [ [ 121.636674268, 0.674299322, 0.0 ], [ 121.675516644, 0.643968717, 0.0 ], [ 121.615729925, 0.663867984, 0.0 ], [ 121.619199683, 0.630326986, 0.0 ], [ 121.589513973, 0.616447953, 0.0 ], [ 121.635391889, 0.597942574, 0.0 ], [ 121.641334389, 0.579661057, 0.0 ], [ 121.608103922, 0.587502446, 0.0 ], [ 121.587879124, 0.562438077, 0.0 ], [ 121.568036, 0.605856, 0.0 ], [ 121.568565531, 0.573369341, 0.0 ], [ 121.538515091, 0.585733414, 0.0 ], [ 121.546991349, 0.567399979, 0.0 ], [ 121.515855097, 0.549177206, 0.0 ], [ 121.500842371, 0.616062423, 0.0 ], [ 121.469829126, 0.654038583, 0.0 ], [ 121.513383781, 0.659261628, 0.0 ], [ 121.521528236, 0.681924458, 0.0 ], [ 121.551981413, 0.663865015, 0.0 ], [ 121.576060671, 0.694318194, 0.0 ], [ 121.636674268, 0.674299322, 0.0 ] ] ] ] } },
{ "type": "Feature", "properties": { "id": 5033, "pbph": null, "kph": "KPH Wil. V Boalemo", "provinsi": "Gorontalo", "fungsi": "HP" }, "geometry": { "type": "MultiPolygon", "coordinates": [ [ [ [ 122.55252582, 0.569307273, 0.0 ], [ 122.56661334, 0.556482587, 0.0 ], [ 122.550813675, 0.544912338, 0.0 ], [ 122.55252582, 0.569307273, 0.0 ] ] ] ] } },
{ "type": "Feature", "properties": { "id": 5035, "pbph": null, "kph": "KPH Wil. V Boalemo", "provinsi": "Gorontalo", "fungsi": "HP" }, "geometry": { "type": "MultiPolygon", "coordinates": [ [ [ [ 122.513229542, 0.617044524, 0.0 ], [ 122.518322592, 0.591135217, 0.0 ], [ 122.539583663, 0.582731972, 0.0 ], [ 122.527930679, 0.571156484, 0.0 ], [ 122.554713348, 0.564614306, 0.0 ], [ 122.518445757, 0.513934295, 0.0 ], [ 122.506154725, 0.525451424, 0.0 ], [ 122.519815448, 0.540094376, 0.0 ], [ 122.505196049, 0.551692935, 0.0 ], [ 122.522520003, 0.560675531, 0.0 ], [ 122.506210785, 0.583666449, 0.0 ], [ 122.513229542, 0.617044524, 0.0 ] ] ] ] } },
{ "type": "Feature", "properties": { "id": 5096, "pbph": null, "kph": "KPH Wil. V Boalemo", "provinsi": "Gorontalo", "fungsi": "HP" }, "geometry": { "type": "MultiPolygon", "coordinates": [ [ [ [ 122.496037689, 0.558728228, 0.0 ], [ 122.506574814, 0.535661137, 0.0 ], [ 122.49713707, 0.542879105, 0.0 ], [ 122.487734751, 0.528070941, 0.0 ], [ 122.496037689, 0.558728228, 0.0 ] ] ] ] } },
{ "type": "Feature", "properties": { "id": 4827, "pbph": null, "kph": "KPH Wil. V Boalemo", "provinsi": "Gorontalo", "fungsi": "HL" }, "geometry": { "type": "MultiPolygon", "coordinates": [ [ [ [ 122.408347463, 0.51977193, 0.0 ], [ 122.414441912, 0.502216923, 0.0 ], [ 122.45089447, 0.511961667, 0.0 ], [ 122.413577634, 0.501922898, 0.0 ], [ 122.398119, 0.520193, 0.0 ], [ 122.408347463, 0.51977193, 0.0 ] ] ] ] } },
{ "type": "Feature", "properties": { "id": 4827, "pbph": null, "kph": "KPH Wil. V Boalemo", "provinsi": "Gorontalo", "fungsi": "HL" }, "geometry": { "type": "MultiPolygon", "coordinates": [ [ [ [ 122.408347463, 0.51977193, 0.0 ], [ 122.414441912, 0.502216923, 0.0 ], [ 122.45089447, 0.511961667, 0.0 ], [ 122.413577634, 0.501922898, 0.0 ], [ 122.398119, 0.520193, 0.0 ], [ 122.408347463, 0.51977193, 0.0 ] ] ] ] } },
{ "type": "Feature", "properties": { "id": 4965, "pbph": null, "kph": "KPH Wil. VI Gorontalo", "provinsi": "Gorontalo", "fungsi": "HL" }, "geometry": { "type": "MultiPolygon", "coordinates": [ [ [ [ 122.743520509, 0.74774983, 0.0 ], [ 122.758013672, 0.717882842, 0.0 ], [ 122.733449311, 0.701851921, 0.0 ], [ 122.71425617, 0.733065483, 0.0 ], [ 122.743520509, 0.74774983, 0.0 ] ] ] ] } },
{ "type": "Feature", "properties": { "id": 4978, "pbph": null, "kph": "KPH Wil. I dan Wil. II Gorontalo Barat", "provinsi": "Gorontalo", "fungsi": "HP" }, "geometry": { "type": "MultiPolygon", "coordinates": [ [ [ [ 121.741686937, 0.618544125, 0.0 ], [ 121.797741013, 0.603692252, 0.0 ], [ 121.739506829, 0.576395716, 0.0 ], [ 121.721574102, 0.599790633, 0.0 ], [ 121.731895203, 0.593987293, 0.0 ], [ 121.741686937, 0.618544125, 0.0 ] ] ] ] } },
{ "type": "Feature", "properties": { "id": 4992, "pbph": null, "kph": "KPH Wil. III Pahuwato", "provinsi": "Gorontalo", "fungsi": "HP" }, "geometry": { "type": "MultiPolygon", "coordinates": [ [ [ [ 122.127196579, 0.576428563, 0.0 ], [ 122.110553965, 0.57024372, 0.0 ], [ 122.114307267, 0.598089832, 0.0 ], [ 122.127196579, 0.576428563, 0.0 ] ] ] ] } },
{ "type": "Feature", "properties": { "id": 4994, "pbph": null, "kph": "KPH Wil. III Pahuwato", "provinsi": "Gorontalo", "fungsi": "HP" }, "geometry": { "type": "MultiPolygon", "coordinates": [ [ [ [ 122.082109034, 0.859016932, 0.0 ], [ 122.105262758, 0.699112177, 0.0 ], [ 122.126845325, 0.666984474, 0.0 ], [ 122.127196579, 0.576428563, 0.0 ], [ 122.114307379, 0.598090752, 0.0 ], [ 122.12513733, 0.618205607, 0.0 ], [ 122.084831238, 0.655555666, 0.0 ], [ 122.079284668, 0.690546215, 0.0 ], [ 122.052405158, 0.682277248, 0.0 ], [ 122.075586319, 0.714086533, 0.0 ], [ 122.024937985, 0.777658632, 0.0 ], [ 122.066748305, 0.849913359, 0.0 ], [ 122.057175673, 0.865662204, 0.0 ], [ 122.082109034, 0.859016932, 0.0 ] ] ] ] } },
{ "type": "Feature", "properties": { "id": 5136, "pbph": null, "kph": "KPH Wil. VI Gorontalo", "provinsi": "Gorontalo", "fungsi": "HP" }, "geometry": { "type": "MultiPolygon", "coordinates": [ [ [ [ 122.82524366, 0.527316539, 0.0 ], [ 122.848964147, 0.520505548, 0.0 ], [ 122.835177192, 0.500216551, 0.0 ], [ 122.831331617, 0.513567432, 0.0 ], [ 122.777732849, 0.51442349, 0.0 ], [ 122.82524366, 0.527316539, 0.0 ] ] ] ] } },
{ "type": "Feature", "properties": { "id": 5161, "pbph": null, "kph": "KPH Wil. III Pahuwato", "provinsi": "Gorontalo", "fungsi": "HPT" }, "geometry": { "type": "MultiPolygon", "coordinates": [ [ [ [ 121.933790004, 0.534536647, 0.0 ], [ 121.915606294, 0.540480722, 0.0 ], [ 121.933378223, 0.546962181, 0.0 ], [ 121.933790004, 0.534536647, 0.0 ] ] ] ] } },
{ "type": "Feature", "properties": { "id": 5181, "pbph": null, "kph": "KPH Wil. IV Gorontalo Utara", "provinsi": "Gorontalo", "fungsi": "HPT" }, "geometry": { "type": "MultiPolygon", "coordinates": [ [ [ [ 123.164875829, 0.862364682, 0.0 ], [ 123.191038042, 0.857648236, 0.0 ], [ 123.200920715, 0.831437483, 0.0 ], [ 123.243171251, 0.830097476, 0.0 ], [ 123.270204176, 0.803341215, 0.0 ], [ 123.265503066, 0.765411986, 0.0 ], [ 123.22543335, 0.778996945, 0.0 ], [ 123.20347982, 0.756815159, 0.0 ], [ 123.17738701, 0.756217751, 0.0 ], [ 123.154136658, 0.788674831, 0.0 ], [ 123.152213386, 0.852360349, 0.0 ], [ 123.164875829, 0.862364682, 0.0 ] ] ] ] } },
{ "type": "Feature", "properties": { "id": 5159, "pbph": null, "kph": "KPH Wil. III Pahuwato", "provinsi": "Gorontalo", "fungsi": "HPT" }, "geometry": { "type": "MultiPolygon", "coordinates": [ [ [ [ 122.021379471, 0.53576088, 0.0 ], [ 122.025635901, 0.524026291, 0.0 ], [ 122.007989884, 0.52768135, 0.0 ], [ 122.025276184, 0.524006189, 0.0 ], [ 122.021379471, 0.53576088, 0.0 ] ] ] ] } },
{ "type": "Feature", "properties": { "id": 5162, "pbph": null, "kph": "KPH Wil. III Pahuwato", "provinsi": "Gorontalo", "fungsi": "HPT" }, "geometry": { "type": "MultiPolygon", "coordinates": [ [ [ [ 121.915218538, 0.601166528, 0.0 ], [ 121.89268303, 0.561906814, 0.0 ], [ 121.85682869, 0.562860489, 0.0 ], [ 121.854150772, 0.546895981, 0.0 ], [ 121.831574605, 0.577114348, 0.0 ], [ 121.915218538, 0.601166528, 0.0 ] ] ] ] } },
{ "type": "Feature", "properties": { "id": 5185, "pbph": null, "kph": "KPH Wil. VII Bone Bolango dan Gorontalo Kota", "provinsi": "Gorontalo", "fungsi": "HPT" }, "geometry": { "type": "MultiPolygon", "coordinates": [ [ [ [ 123.295164494, 0.466097279, 0.0 ], [ 123.340589524, 0.454359055, 0.0 ], [ 123.384038945, 0.464155166, 0.0 ], [ 123.380056381, 0.36160469, 0.0 ], [ 123.409084451, 0.354495369, 0.0 ], [ 123.355226078, 0.332397974, 0.0 ], [ 123.322241045, 0.340644232, 0.0 ], [ 123.315476537, 0.360873334, 0.0 ], [ 123.278498814, 0.36147701, 0.0 ], [ 123.28063833, 0.397456862, 0.0 ], [ 123.257783417, 0.422908423, 0.0 ], [ 123.264808655, 0.461302996, 0.0 ], [ 123.229797364, 0.449121356, 0.0 ], [ 123.20878588, 0.499076853, 0.0 ], [ 123.222616569, 0.477266779, 0.0 ], [ 123.223353668, 0.505414754, 0.0 ], [ 123.256467596, 0.495907944, 0.0 ], [ 123.280043762, 0.461839737, 0.0 ], [ 123.295164494, 0.466097279, 0.0 ] ] ] ] } },
{ "type": "Feature", "properties": { "id": 5210, "pbph": null, "kph": "KPH Model Unit IV Poigar", "provinsi": "Sulawesi Utara", "fungsi": "HP" }, "geometry": { "type": "MultiPolygon", "coordinates": [ [ [ [ 124.434633563, 0.882547962, 0.0 ], [ 124.454122544, 0.886240005, 0.0 ], [ 124.455567831, 0.859363546, 0.0 ], [ 124.417643944, 0.8438705, 0.0 ], [ 124.428772577, 0.91593994, 0.0 ], [ 124.421819277, 0.894269485, 0.0 ], [ 124.434633563, 0.882547962, 0.0 ] ] ] ] } },
{ "type": "Feature", "properties": { "id": 5221, "pbph": null, "kph": "KPH Unit I Bolaang Mongondow dan Bolaang Mongondow Utara", "provinsi": "Sulawesi Utara", "fungsi": "HL" }, "geometry": { "type": "MultiPolygon", "coordinates": [ [ [ [ 124.092415142, 0.871946138, 0.0 ], [ 124.085718155, 0.828886032, 0.0 ], [ 124.0760177, 0.868165069, 0.0 ], [ 124.092415142, 0.871946138, 0.0 ] ] ] ] } },
{ "type": "Feature", "properties": { "id": 5229, "pbph": null, "kph": "KPH UNIT II BOLAANG MONGONDOW TIMUR DAN BOLAANG MONGONDOW SELATAN", "provinsi": "Sulawesi Utara", "fungsi": "HL" }, "geometry": { "type": "MultiPolygon", "coordinates": [ [ [ [ 124.297085568, 0.428186727, 0.0 ], [ 124.283668519, 0.427357036, 0.0 ], [ 124.294059624, 0.441130228, 0.0 ], [ 124.297085568, 0.428186727, 0.0 ] ] ] ] } },
{ "type": "Feature", "properties": { "id": 5231, "pbph": null, "kph": "KPH UNIT II BOLAANG MONGONDOW TIMUR DAN BOLAANG MONGONDOW SELATAN", "provinsi": "Sulawesi Utara", "fungsi": "HL" }, "geometry": { "type": "MultiPolygon", "coordinates": [ [ [ [ 124.430330993, 0.764240299, 0.0 ], [ 124.44181033, 0.757417867, 0.0 ], [ 124.423878529, 0.777112485, 0.0 ], [ 124.430330993, 0.764240299, 0.0 ] ] ] ] } },
{ "type": "Feature", "properties": { "id": 5296, "pbph": null, "kph": "KPH UNIT V MINAHASA, MINAHASA TENGGARA, MINAHASA SELATAN DAN TOMOHON", "provinsi": "Sulawesi Utara", "fungsi": "HL" }, "geometry": { "type": "MultiPolygon", "coordinates": [ [ [ [ 124.718614424, 1.171785456, 0.0 ], [ 124.730749541, 1.174038863, 0.0 ], [ 124.744155733, 1.143366546, 0.0 ], [ 124.736716128, 1.115095931, 0.0 ], [ 124.642412184, 1.146325572, 0.0 ], [ 124.654176003, 1.183369908, 0.0 ], [ 124.70243917, 1.189842615, 0.0 ], [ 124.718614424, 1.171785456, 0.0 ] ] ] ] } },
{ "type": "Feature", "properties": { "id": 5297, "pbph": null, "kph": "KPH UNIT V MINAHASA, MINAHASA TENGGARA, MINAHASA SELATAN DAN TOMOHON", "provinsi": "Sulawesi Utara", "fungsi": "HL" }, "geometry": { "type": "MultiPolygon", "coordinates": [ [ [ [ 124.736716128, 1.115095931, 0.0 ], [ 124.769945234, 1.096486807, 0.0 ], [ 124.798344602, 1.113487303, 0.0 ], [ 124.802410732, 1.086175616, 0.0 ], [ 124.744993211, 1.056413651, 0.0 ], [ 124.714208605, 1.09324481, 0.0 ], [ 124.672911589, 1.110260809, 0.0 ], [ 124.673486711, 1.129459614, 0.0 ], [ 124.736716128, 1.115095931, 0.0 ] ] ] ] } },
{ "type": "Feature", "properties": { "id": 5318, "pbph": null, "kph": "KPH UNIT V MINAHASA, MINAHASA TENGGARA, MINAHASA SELATAN DAN TOMOHON", "provinsi": "Sulawesi Utara", "fungsi": "HL" }, "geometry": { "type": "MultiPolygon", "coordinates": [ [ [ [ 124.573221924, 1.271668331, 0.0 ], [ 124.562337875, 1.285100937, 0.0 ], [ 124.575490147, 1.287030542, 0.0 ], [ 124.573221924, 1.271668331, 0.0 ] ] ] ] } },
{ "type": "Feature", "properties": { "id": 5351, "pbph": null, "kph": "KPH UNIT VI MANADO, MINAHASA UTARA DAN BITUNG", "provinsi": "Sulawesi Utara", "fungsi": "HL" }, "geometry": { "type": "MultiPolygon", "coordinates": [ [ [ [ 124.941788219, 1.69265306, 0.0 ], [ 124.937341702, 1.65518764, 0.0 ], [ 124.899312735, 1.641854501, 0.0 ], [ 124.932626072, 1.661269994, 0.0 ], [ 124.924488305, 1.671410802, 0.0 ], [ 124.941788219, 1.69265306, 0.0 ] ] ] ] } },
{ "type": "Feature", "properties": { "id": 5357, "pbph": null, "kph": "KPH UNIT VI MANADO, MINAHASA UTARA DAN BITUNG", "provinsi": "Sulawesi Utara", "fungsi": "HL" }, "geometry": { "type": "MultiPolygon", "coordinates": [ [ [ [ 125.0131871, 1.692518359, 0.0 ], [ 125.043870182, 1.670740229, 0.0 ], [ 125.006616201, 1.673960915, 0.0 ], [ 125.0131871, 1.692518359, 0.0 ] ] ] ] } },
{ "type": "Feature", "properties": { "id": 5359, "pbph": null, "kph": "KPH UNIT VI MANADO, MINAHASA UTARA DAN BITUNG", "provinsi": "Sulawesi Utara", "fungsi": "HL" }, "geometry": { "type": "MultiPolygon", "coordinates": [ [ [ [ 124.972089461, 1.702808747, 0.0 ], [ 124.965204018, 1.713518455, 0.0 ], [ 124.976676436, 1.715308548, 0.0 ], [ 124.972089461, 1.702808747, 0.0 ] ] ] ] } },
{ "type": "Feature", "properties": { "id": 5363, "pbph": null, "kph": "KPH UNIT VI MANADO, MINAHASA UTARA DAN BITUNG", "provinsi": "Sulawesi Utara", "fungsi": "HL" }, "geometry": { "type": "MultiPolygon", "coordinates": [ [ [ [ 125.169793994, 1.687447906, 0.0 ], [ 125.17450978, 1.671234533, 0.0 ], [ 125.157508184, 1.669099593, 0.0 ], [ 125.169793994, 1.687447906, 0.0 ] ] ] ] } },
{ "type": "Feature", "properties": { "id": 5414, "pbph": null, "kph": "KPH UNIT V MINAHASA, MINAHASA TENGGARA, MINAHASA SELATAN DAN TOMOHON", "provinsi": "Sulawesi Utara", "fungsi": "HL" }, "geometry": { "type": "MultiPolygon", "coordinates": [ [ [ [ 124.566231391, 0.894681429, 0.0 ], [ 124.550834068, 0.854497875, 0.0 ], [ 124.484975816, 0.799146652, 0.0 ], [ 124.465589524, 0.798997879, 0.0 ], [ 124.467569351, 0.821340561, 0.0 ], [ 124.44849968, 0.826631546, 0.0 ], [ 124.444070816, 0.846139908, 0.0 ], [ 124.492250443, 0.844800949, 0.0 ], [ 124.538045884, 0.901731491, 0.0 ], [ 124.566231391, 0.894681429, 0.0 ] ] ] ] } },
{ "type": "Feature", "properties": { "id": 5415, "pbph": null, "kph": "KPH Model Unit IV Poigar", "provinsi": "Sulawesi Utara", "fungsi": "HL" }, "geometry": { "type": "MultiPolygon", "coordinates": [ [ [ [ 124.464736346, 0.937800293, 0.0 ], [ 124.465158462, 0.968164444, 0.0 ], [ 124.488532835, 0.9653456, 0.0 ], [ 124.464736346, 0.937800293, 0.0 ] ] ] ] } },
{ "type": "Feature", "properties": { "id": 5164, "pbph": null, "kph": "KPH Wil. IV Gorontalo Utara", "provinsi": "Gorontalo", "fungsi": "HPT" }, "geometry": { "type": "MultiPolygon", "coordinates": [ [ [ [ 122.334706849, 1.01006736, 0.0 ], [ 122.332277279, 0.991922181, 0.0 ], [ 122.31585618, 0.996504608, 0.0 ], [ 122.334706849, 1.01006736, 0.0 ] ] ] ] } },
{ "type": "Feature", "properties": { "id": 5165, "pbph": null, "kph": "KPH Wil. IV Gorontalo Utara", "provinsi": "Gorontalo", "fungsi": "HPT" }, "geometry": { "type": "MultiPolygon", "coordinates": [ [ [ [ 122.35216598, 1.002993508, 0.0 ], [ 122.336800548, 0.995019389, 0.0 ], [ 122.33556038, 1.010361129, 0.0 ], [ 122.35216598, 1.002993508, 0.0 ] ] ] ] } },
{ "type": "Feature", "properties": { "id": 5168, "pbph": null, "kph": "KPH Wil. V Boalemo", "provinsi": "Gorontalo", "fungsi": "HPT" }, "geometry": { "type": "MultiPolygon", "coordinates": [ [ [ [ 122.400828587, 0.569495858, 0.0 ], [ 122.392970509, 0.563093997, 0.0 ], [ 122.38818972, 0.598537774, 0.0 ], [ 122.400828587, 0.569495858, 0.0 ] ] ] ] } },
{ "type": "Feature", "properties": { "id": 5207, "pbph": null, "kph": "KPH UNIT II BOLAANG MONGONDOW TIMUR DAN BOLAANG MONGONDOW SELATAN", "provinsi": "Sulawesi Utara", "fungsi": "HP" }, "geometry": { "type": "MultiPolygon", "coordinates": [ [ [ [ 124.499612849, 0.507539101, 0.0 ], [ 124.466855087, 0.494798698, 0.0 ], [ 124.460380464, 0.517346049, 0.0 ], [ 124.476313617, 0.529455268, 0.0 ], [ 124.499612849, 0.507539101, 0.0 ] ] ] ] } },
{ "type": "Feature", "properties": { "id": 5214, "pbph": null, "kph": "KPH UNIT V MINAHASA, MINAHASA TENGGARA, MINAHASA SELATAN DAN TOMOHON", "provinsi": "Sulawesi Utara", "fungsi": "HP" }, "geometry": { "type": "MultiPolygon", "coordinates": [ [ [ [ 124.590186986, 1.042631327, 0.0 ], [ 124.559705498, 1.023209179, 0.0 ], [ 124.550315584, 1.08782804, 0.0 ], [ 124.579048157, 1.093096375, 0.0 ], [ 124.590186986, 1.042631327, 0.0 ] ] ] ] } },
{ "type": "Feature", "properties": { "id": 5215, "pbph": null, "kph": "KPH UNIT II BOLAANG MONGONDOW TIMUR DAN BOLAANG MONGONDOW SELATAN", "provinsi": "Sulawesi Utara", "fungsi": "HP" }, "geometry": { "type": "MultiPolygon", "coordinates": [ [ [ [ 124.543137376, 0.703714534, 0.0 ], [ 124.577636719, 0.771056831, 0.0 ], [ 124.583419799, 0.736930847, 0.0 ], [ 124.543137376, 0.703714534, 0.0 ] ] ] ] } },
{ "type": "Feature", "properties": { "id": 5218, "pbph": null, "kph": "KPH Model Unit IV Poigar", "provinsi": "Sulawesi Utara", "fungsi": "HP" }, "geometry": { "type": "MultiPolygon", "coordinates": [ [ [ [ 124.360971451, 1.026899338, 0.0 ], [ 124.366811753, 1.002962112, 0.0 ], [ 124.403417587, 0.979970932, 0.0 ], [ 124.421678544, 0.988729477, 0.0 ], [ 124.425477983, 1.011953354, 0.0 ], [ 124.444402696, 1.014600754, 0.0 ], [ 124.430822372, 0.993432999, 0.0 ], [ 124.453493118, 0.992959976, 0.0 ], [ 124.464764177, 0.963461266, 0.0 ], [ 124.457071304, 0.943296432, 0.0 ], [ 124.430894852, 0.937955856, 0.0 ], [ 124.430673599, 0.91610527, 0.0 ], [ 124.405623423, 0.946748731, 0.0 ], [ 124.371168107, 0.944816374, 0.0 ], [ 124.362909317, 1.005430222, 0.0 ], [ 124.33559227, 1.011377335, 0.0 ], [ 124.331769943, 1.050462723, 0.0 ], [ 124.358268555, 1.058181343, 0.0 ], [ 124.36047554, 1.07267952, 0.0 ], [ 124.360971451, 1.026899338, 0.0 ] ] ] ] } },
{ "type": "Feature", "properties": { "id": 5223, "pbph": null, "kph": "KPH UNIT II BOLAANG MONGONDOW TIMUR DAN BOLAANG MONGONDOW SELATAN", "provinsi": "Sulawesi Utara", "fungsi": "HL" }, "geometry": { "type": "MultiPolygon", "coordinates": [ [ [ [ 124.342687153, 0.649519497, 0.0 ], [ 124.352475239, 0.66526581, 0.0 ], [ 124.379527779, 0.65788889, 0.0 ], [ 124.342687153, 0.649519497, 0.0 ] ] ] ] } },
{ "type": "Feature", "properties": { "id": 5220, "pbph": null, "kph": "KPH Unit I Bolaang Mongondow dan Bolaang Mongondow Utara", "provinsi": "Sulawesi Utara", "fungsi": "HL" }, "geometry": { "type": "MultiPolygon", "coordinates": [ [ [ [ 124.07366977, 0.921281004, 0.0 ], [ 124.082754766, 0.889557235, 0.0 ], [ 124.06971184, 0.893659828, 0.0 ], [ 124.062553, 0.876101236, 0.0 ], [ 124.049660031, 0.908250078, 0.0 ], [ 124.07366977, 0.921281004, 0.0 ] ] ] ] } },
{ "type": "Feature", "properties": { "id": 5224, "pbph": null, "kph": "KPH UNIT II BOLAANG MONGONDOW TIMUR DAN BOLAANG MONGONDOW SELATAN", "provinsi": "Sulawesi Utara", "fungsi": "HL" }, "geometry": { "type": "MultiPolygon", "coordinates": [ [ [ [ 124.337466904, 0.61510173, 0.0 ], [ 124.320714329, 0.588515645, 0.0 ], [ 124.321115494, 0.611146927, 0.0 ], [ 124.337466904, 0.61510173, 0.0 ] ] ] ] } },
{ "type": "Feature", "properties": { "id": 5268, "pbph": null, "kph": "KPH Model Unit IV Poigar", "provinsi": "Sulawesi Utara", "fungsi": "HL" }, "geometry": { "type": "MultiPolygon", "coordinates": [ [ [ [ 124.437678182, 1.089936896, 0.0 ], [ 124.447654269, 1.080322062, 0.0 ], [ 124.436654917, 1.062715428, 0.0 ], [ 124.405519486, 1.059213638, 0.0 ], [ 124.413545609, 1.084798813, 0.0 ], [ 124.437678182, 1.089936896, 0.0 ] ] ] ] } },
{ "type": "Feature", "properties": { "id": 5269, "pbph": null, "kph": "KPH Model Unit IV Poigar", "provinsi": "Sulawesi Utara", "fungsi": "HL" }, "geometry": { "type": "MultiPolygon", "coordinates": [ [ [ [ 124.389123891, 1.118538851, 0.0 ], [ 124.381788254, 1.103067398, 0.0 ], [ 124.363813401, 1.114561081, 0.0 ], [ 124.389123891, 1.118538851, 0.0 ] ] ] ] } },
{ "type": "Feature", "properties": { "id": 5306, "pbph": null, "kph": "KPH UNIT V MINAHASA, MINAHASA TENGGARA, MINAHASA SELATAN DAN TOMOHON", "provinsi": "Sulawesi Utara", "fungsi": "HL" }, "geometry": { "type": "MultiPolygon", "coordinates": [ [ [ [ 124.875588563, 1.355331336, 0.0 ], [ 124.863414201, 1.352419924, 0.0 ], [ 124.861818632, 1.376071274, 0.0 ], [ 124.885919387, 1.378509242, 0.0 ], [ 124.875588563, 1.355331336, 0.0 ] ] ] ] } },
{ "type": "Feature", "properties": { "id": 5309, "pbph": null, "kph": "KPH UNIT V MINAHASA, MINAHASA TENGGARA, MINAHASA SELATAN DAN TOMOHON", "provinsi": "Sulawesi Utara", "fungsi": "HL" }, "geometry": { "type": "MultiPolygon", "coordinates": [ [ [ [ 124.893040681, 1.161771656, 0.0 ], [ 124.901253982, 1.13713644, 0.0 ], [ 124.890451702, 1.133284489, 0.0 ], [ 124.875043869, 1.148099899, 0.0 ], [ 124.893040681, 1.161771656, 0.0 ] ] ] ] } },
{ "type": "Feature", "properties": { "id": 5354, "pbph": null, "kph": "KPH UNIT VI MANADO, MINAHASA UTARA DAN BITUNG", "provinsi": "Sulawesi Utara", "fungsi": "HL" }, "geometry": { "type": "MultiPolygon", "coordinates": [ [ [ [ 125.074526325, 1.45298295, 0.0 ], [ 125.032493641, 1.455087333, 0.0 ], [ 125.060411751, 1.496172984, 0.0 ], [ 125.079305468, 1.475316329, 0.0 ], [ 125.074526325, 1.45298295, 0.0 ] ] ] ] } },
{ "type": "Feature", "properties": { "id": 5355, "pbph": null, "kph": "KPH UNIT VI MANADO, MINAHASA UTARA DAN BITUNG", "provinsi": "Sulawesi Utara", "fungsi": "HL" }, "geometry": { "type": "MultiPolygon", "coordinates": [ [ [ [ 125.060411751, 1.496172984, 0.0 ], [ 125.032493641, 1.455087333, 0.0 ], [ 125.074195939, 1.449090039, 0.0 ], [ 125.04405329, 1.428808961, 0.0 ], [ 125.013925553, 1.42738533, 0.0 ], [ 124.979777358, 1.453568236, 0.0 ], [ 125.013216019, 1.495832443, 0.0 ], [ 125.060411751, 1.496172984, 0.0 ] ] ] ] } },
{ "type": "Feature", "properties": { "id": 5364, "pbph": null, "kph": "KPH UNIT VI MANADO, MINAHASA UTARA DAN BITUNG", "provinsi": "Sulawesi Utara", "fungsi": "HL" }, "geometry": { "type": "MultiPolygon", "coordinates": [ [ [ [ 125.24922155, 1.432107304, 0.0 ], [ 125.223844325, 1.419323365, 0.0 ], [ 125.244159748, 1.432578722, 0.0 ], [ 125.253676342, 1.466725596, 0.0 ], [ 125.24922155, 1.432107304, 0.0 ] ] ] ] } },
{ "type": "Feature", "properties": { "id": 5368, "pbph": null, "kph": "KPH UNIT VI MANADO, MINAHASA UTARA DAN BITUNG", "provinsi": "Sulawesi Utara", "fungsi": "HL" }, "geometry": { "type": "MultiPolygon", "coordinates": [ [ [ [ 124.980363921, 1.719552923, 0.0 ], [ 124.984859957, 1.738414757, 0.0 ], [ 124.99227297, 1.715510328, 0.0 ], [ 124.980363921, 1.719552923, 0.0 ] ] ] ] } },
{ "type": "Feature", "properties": { "id": 5428, "pbph": null, "kph": "KPH UNIT II BOLAANG MONGONDOW TIMUR DAN BOLAANG MONGONDOW SELATAN", "provinsi": "Sulawesi Utara", "fungsi": "HPT" }, "geometry": { "type": "MultiPolygon", "coordinates": [ [ [ [ 124.352475239, 0.66526581, 0.0 ], [ 124.3393865, 0.664934631, 0.0 ], [ 124.340798772, 0.682987869, 0.0 ], [ 124.352475239, 0.66526581, 0.0 ] ] ] ] } },
{ "type": "Feature", "properties": { "id": 5429, "pbph": null, "kph": "KPH UNIT II BOLAANG MONGONDOW TIMUR DAN BOLAANG MONGONDOW SELATAN", "provinsi": "Sulawesi Utara", "fungsi": "HPT" }, "geometry": { "type": "MultiPolygon", "coordinates": [ [ [ [ 124.340319267, 0.645334282, 0.0 ], [ 124.321191394, 0.583954617, 0.0 ], [ 124.301451794, 0.571458097, 0.0 ], [ 124.294160149, 0.598827903, 0.0 ], [ 124.317997067, 0.605050011, 0.0 ], [ 124.307370477, 0.623489375, 0.0 ], [ 124.329928375, 0.633400782, 0.0 ], [ 124.322267598, 0.646995726, 0.0 ], [ 124.340319267, 0.645334282, 0.0 ] ] ] ] } },
{ "type": "Feature", "properties": { "id": 5431, "pbph": null, "kph": "KPH Model Unit IV Poigar", "provinsi": "Sulawesi Utara", "fungsi": "HPT" }, "geometry": { "type": "MultiPolygon", "coordinates": [ [ [ [ 124.384576001, 0.805552042, 0.0 ], [ 124.382173454, 0.791446425, 0.0 ], [ 124.373134758, 0.800709027, 0.0 ], [ 124.384576001, 0.805552042, 0.0 ] ] ] ] } },
{ "type": "Feature", "properties": { "id": 5436, "pbph": null, "kph": "KPH Model Unit IV Poigar", "provinsi": "Sulawesi Utara", "fungsi": "HPT" }, "geometry": { "type": "MultiPolygon", "coordinates": [ [ [ [ 124.455138813, 1.127265741, 0.0 ], [ 124.463014603, 1.111940384, 0.0 ], [ 124.449666977, 1.103242874, 0.0 ], [ 124.437704086, 1.123949051, 0.0 ], [ 124.455138813, 1.127265741, 0.0 ] ] ] ] } },
{ "type": "Feature", "properties": { "id": 5439, "pbph": null, "kph": "KPH UNIT V MINAHASA, MINAHASA TENGGARA, MINAHASA SELATAN DAN TOMOHON", "provinsi": "Sulawesi Utara", "fungsi": "HPT" }, "geometry": { "type": "MultiPolygon", "coordinates": [ [ [ [ 124.954174522, 1.121173288, 0.0 ], [ 124.966188235, 1.114068075, 0.0 ], [ 124.959589005, 1.085546494, 0.0 ], [ 124.929895401, 1.086439132, 0.0 ], [ 124.934194566, 1.118215561, 0.0 ], [ 124.954174522, 1.121173288, 0.0 ] ] ] ] } },
{ "type": "Feature", "properties": { "id": 5425, "pbph": null, "kph": "KPH Unit I Bolaang Mongondow dan Bolaang Mongondow Utara", "provinsi": "Sulawesi Utara", "fungsi": "HPT" }, "geometry": { "type": "MultiPolygon", "coordinates": [ [ [ [ 124.141933604, 0.784027355, 0.0 ], [ 124.19128852, 0.740101154, 0.0 ], [ 124.21940556, 0.689621435, 0.0 ], [ 124.214043205, 0.664740194, 0.0 ], [ 124.198297944, 0.661402349, 0.0 ], [ 124.208396377, 0.678772416, 0.0 ], [ 124.186908943, 0.726918916, 0.0 ], [ 124.160786796, 0.717317572, 0.0 ], [ 124.14242364, 0.767477357, 0.0 ], [ 124.126927066, 0.725705171, 0.0 ], [ 124.169853972, 0.712733563, 0.0 ], [ 124.161822691, 0.697041923, 0.0 ], [ 124.173722711, 0.688524105, 0.0 ], [ 124.156515133, 0.681477276, 0.0 ], [ 124.110886111, 0.708980557, 0.0 ], [ 124.102914684, 0.768670927, 0.0 ], [ 124.141933604, 0.784027355, 0.0 ] ] ] ] } },
{ "type": "Feature", "properties": { "id": 5427, "pbph": null, "kph": "KPH UNIT II BOLAANG MONGONDOW TIMUR DAN BOLAANG MONGONDOW SELATAN", "provinsi": "Sulawesi Utara", "fungsi": "HPT" }, "geometry": { "type": "MultiPolygon", "coordinates": [ [ [ [ 124.389538039, 0.578604778, 0.0 ], [ 124.440616576, 0.562657415, 0.0 ], [ 124.381120682, 0.544054031, 0.0 ], [ 124.382726669, 0.517942429, 0.0 ], [ 124.445299613, 0.529894835, 0.0 ], [ 124.460380464, 0.517346049, 0.0 ], [ 124.390350342, 0.494808703, 0.0 ], [ 124.362083245, 0.508671387, 0.0 ], [ 124.361114502, 0.468636483, 0.0 ], [ 124.33934784, 0.473621517, 0.0 ], [ 124.322303831, 0.458453113, 0.0 ], [ 124.314012977, 0.477344097, 0.0 ], [ 124.283363342, 0.44837746, 0.0 ], [ 124.232056456, 0.483270034, 0.0 ], [ 124.259716309, 0.537156884, 0.0 ], [ 124.301358476, 0.548701816, 0.0 ], [ 124.301585249, 0.572045298, 0.0 ], [ 124.342320077, 0.608694394, 0.0 ], [ 124.355951582, 0.58111685, 0.0 ], [ 124.389538039, 0.578604778, 0.0 ] ] ] ] } },
{ "type": "Feature", "properties": { "id": 5457, "pbph": null, "kph": "KPH UNIT V MINAHASA, MINAHASA TENGGARA, MINAHASA SELATAN DAN TOMOHON", "provinsi": "Sulawesi Utara", "fungsi": "HL" }, "geometry": { "type": "MultiPolygon", "coordinates": [ [ [ [ 124.891523812, 0.998779561, 0.0 ], [ 124.886689258, 0.973501043, 0.0 ], [ 124.858390808, 0.970489146, 0.0 ], [ 124.891523812, 0.998779561, 0.0 ] ] ] ] } },
{ "type": "Feature", "properties": { "id": 5489, "pbph": null, "kph": "KPH Unit I Bolaang Mongondow dan Bolaang Mongondow Utara", "provinsi": "Sulawesi Utara", "fungsi": "HPT" }, "geometry": { "type": "MultiPolygon", "coordinates": [ [ [ [ 124.095613458, 0.772502993, 0.0 ], [ 124.089387543, 0.784997803, 0.0 ], [ 123.970230833, 0.806360678, 0.0 ], [ 123.898401768, 0.797197097, 0.0 ], [ 123.939378667, 0.82819829, 0.0 ], [ 123.946442542, 0.816991451, 0.0 ], [ 123.976781021, 0.829244802, 0.0 ], [ 123.994242653, 0.814369243, 0.0 ], [ 124.008964052, 0.829994428, 0.0 ], [ 124.021846654, 0.813859683, 0.0 ], [ 124.056796608, 0.811313657, 0.0 ], [ 124.071317342, 0.787256671, 0.0 ], [ 124.08396861, 0.797688331, 0.0 ], [ 124.095613458, 0.772502993, 0.0 ] ] ] ] } },
{ "type": "Feature", "properties": { "id": 5491, "pbph": null, "kph": "KPH UNIT II BOLAANG MONGONDOW TIMUR DAN BOLAANG MONGONDOW SELATAN", "provinsi": "Sulawesi Utara", "fungsi": "HPT" }, "geometry": { "type": "MultiPolygon", "coordinates": [ [ [ [ 124.189599067, 0.426307055, 0.0 ], [ 124.174683362, 0.398429174, 0.0 ], [ 124.155700684, 0.418175102, 0.0 ], [ 124.152698492, 0.456077431, 0.0 ], [ 124.125087082, 0.432994673, 0.0 ], [ 124.092096391, 0.465921255, 0.0 ], [ 124.053916723, 0.42635723, 0.0 ], [ 124.064541275, 0.40620796, 0.0 ], [ 124.035801424, 0.403271865, 0.0 ], [ 124.032344532, 0.419269202, 0.0 ], [ 123.993362427, 0.430126696, 0.0 ], [ 123.934921213, 0.401656189, 0.0 ], [ 123.924888612, 0.420433342, 0.0 ], [ 124.065887599, 0.490231132, 0.0 ], [ 124.08584643, 0.495063998, 0.0 ], [ 124.061546495, 0.460544376, 0.0 ], [ 124.21713562, 0.503160858, 0.0 ], [ 124.189599067, 0.426307055, 0.0 ] ] ] ] } },
{ "type": "Feature", "properties": { "id": 5440, "pbph": null, "kph": "KPH UNIT V MINAHASA, MINAHASA TENGGARA, MINAHASA SELATAN DAN TOMOHON", "provinsi": "Sulawesi Utara", "fungsi": "HPT" }, "geometry": { "type": "MultiPolygon", "coordinates": [ [ [ [ 124.704938474, 1.330195399, 0.0 ], [ 124.718578992, 1.321766407, 0.0 ], [ 124.690638438, 1.313072632, 0.0 ], [ 124.704938474, 1.330195399, 0.0 ] ] ] ] } },
{ "type": "Feature", "properties": { "id": 5441, "pbph": null, "kph": "KPH UNIT V MINAHASA, MINAHASA TENGGARA, MINAHASA SELATAN DAN TOMOHON", "provinsi": "Sulawesi Utara", "fungsi": "HPT" }, "geometry": { "type": "MultiPolygon", "coordinates": [ [ [ [ 124.808190518, 1.375387805, 0.0 ], [ 124.783236491, 1.369278761, 0.0 ], [ 124.782598865, 1.34272942, 0.0 ], [ 124.758314383, 1.347008881, 0.0 ], [ 124.789064173, 1.396323793, 0.0 ], [ 124.813947627, 1.401111667, 0.0 ], [ 124.808190518, 1.375387805, 0.0 ] ] ] ] } },
{ "type": "Feature", "properties": { "id": 5446, "pbph": null, "kph": "KPH UNIT VI MANADO, MINAHASA UTARA DAN BITUNG", "provinsi": "Sulawesi Utara", "fungsi": "HPT" }, "geometry": { "type": "MultiPolygon", "coordinates": [ [ [ [ 125.089897058, 1.86705168, 0.0 ], [ 125.061122496, 1.812754686, 0.0 ], [ 125.057492071, 1.834587652, 0.0 ], [ 125.089897058, 1.86705168, 0.0 ] ] ] ] } },
{ "type": "Feature", "properties": { "id": 5448, "pbph": null, "kph": "KPH UNIT VI MANADO, MINAHASA UTARA DAN BITUNG", "provinsi": "Sulawesi Utara", "fungsi": "HPT" }, "geometry": { "type": "MultiPolygon", "coordinates": [ [ [ [ 125.086265565, 1.639630914, 0.0 ], [ 125.079032254, 1.597592354, 0.0 ], [ 125.095764774, 1.573931103, 0.0 ], [ 125.087968308, 1.583648878, 0.0 ], [ 125.08394897, 1.571451585, 0.0 ], [ 125.079032917, 1.595523975, 0.0 ], [ 125.056020999, 1.590905266, 0.0 ], [ 125.059672525, 1.561415429, 0.0 ], [ 125.013816833, 1.525928498, 0.0 ], [ 125.012939454, 1.570054769, 0.0 ], [ 125.036560059, 1.574293852, 0.0 ], [ 125.071685791, 1.640014887, 0.0 ], [ 125.086265565, 1.639630914, 0.0 ] ] ] ] } },
{ "type": "Feature", "properties": { "id": 5451, "pbph": null, "kph": "KPH UNIT VI MANADO, MINAHASA UTARA DAN BITUNG", "provinsi": "Sulawesi Utara", "fungsi": "HPT" }, "geometry": { "type": "MultiPolygon", "coordinates": [ [ [ [ 124.98261229, 1.548225828, 0.0 ], [ 124.979072871, 1.569794845, 0.0 ], [ 124.966362866, 1.55223258, 0.0 ], [ 124.981086731, 1.544929387, 0.0 ], [ 124.965877542, 1.537324702, 0.0 ], [ 124.946556092, 1.561262488, 0.0 ], [ 124.947076797, 1.584608079, 0.0 ], [ 124.95301867, 1.563304303, 0.0 ], [ 124.970800014, 1.584240118, 0.0 ], [ 124.966773987, 1.640369416, 0.0 ], [ 125.006164553, 1.623657109, 0.0 ], [ 124.98261229, 1.548225828, 0.0 ] ] ] ] } },
{ "type": "Feature", "properties": { "id": 5452, "pbph": null, "kph": "KPH UNIT VI MANADO, MINAHASA UTARA DAN BITUNG", "provinsi": "Sulawesi Utara", "fungsi": "HPT" }, "geometry": { "type": "MultiPolygon", "coordinates": [ [ [ [ 125.124334335, 1.817402225, 0.0 ], [ 125.14066429, 1.799622597, 0.0 ], [ 125.150602391, 1.814319555, 0.0 ], [ 125.167280369, 1.793683425, 0.0 ], [ 125.139956995, 1.776447938, 0.0 ], [ 125.124334335, 1.817402225, 0.0 ] ] ] ] } },
{ "type": "Feature", "properties": { "id": 5463, "pbph": null, "kph": "KPH UNIT V MINAHASA, MINAHASA TENGGARA, MINAHASA SELATAN DAN TOMOHON", "provinsi": "Sulawesi Utara", "fungsi": "HL" }, "geometry": { "type": "MultiPolygon", "coordinates": [ [ [ [ 124.720041721, 0.898925552, 0.0 ], [ 124.747486312, 0.895442104, 0.0 ], [ 124.732611349, 0.884939586, 0.0 ], [ 124.720041721, 0.898925552, 0.0 ] ] ] ] } },
{ "type": "Feature", "properties": { "id": 5473, "pbph": null, "kph": "KPH UNIT VI MANADO, MINAHASA UTARA DAN BITUNG", "provinsi": "Sulawesi Utara", "fungsi": "HL" }, "geometry": { "type": "MultiPolygon", "coordinates": [ [ [ [ 125.025837368, 1.706414496, 0.0 ], [ 125.029747236, 1.687513651, 0.0 ], [ 125.017447509, 1.694775794, 0.0 ], [ 125.025837368, 1.706414496, 0.0 ] ] ] ] } },
{ "type": "Feature", "properties": { "id": 5485, "pbph": null, "kph": "KPH UNIT VI MANADO, MINAHASA UTARA DAN BITUNG", "provinsi": "Sulawesi Utara", "fungsi": "HL" }, "geometry": { "type": "MultiPolygon", "coordinates": [ [ [ [ 125.090890326, 1.5747298, 0.0 ], [ 125.098270133, 1.539718052, 0.0 ], [ 125.078828763, 1.560274832, 0.0 ], [ 125.090890326, 1.5747298, 0.0 ] ] ] ] } },
{ "type": "Feature", "properties": { "id": 5487, "pbph": null, "kph": "KPH UNIT II BOLAANG MONGONDOW TIMUR DAN BOLAANG MONGONDOW SELATAN", "provinsi": "Sulawesi Utara", "fungsi": "HL" }, "geometry": { "type": "MultiPolygon", "coordinates": [ [ [ [ 124.616141315, 0.886187675, 0.0 ], [ 124.615986424, 0.871928548, 0.0 ], [ 124.567984979, 0.851254757, 0.0 ], [ 124.571892248, 0.867680213, 0.0 ], [ 124.616141315, 0.886187675, 0.0 ] ] ] ] } },
{ "type": "Feature", "properties": { "id": 5801, "pbph": null, "kph": "KPH Unit I Bolaang Mongondow dan Bolaang Mongondow Utara", "provinsi": "Sulawesi Utara", "fungsi": "HPK" }, "geometry": { "type": "MultiPolygon", "coordinates": [ [ [ [ 123.657654049, 0.84240747, 0.0 ], [ 123.699150001, 0.82311, 0.0 ], [ 123.678050001, 0.79129, 0.0 ], [ 123.688972474, 0.759975554, 0.0 ], [ 123.658607484, 0.742142202, 0.0 ], [ 123.525657655, 0.730009556, 0.0 ], [ 123.53050232, 0.796444237, 0.0 ], [ 123.574046475, 0.803146756, 0.0 ], [ 123.580282212, 0.784742356, 0.0 ], [ 123.62900627, 0.814654934, 0.0 ], [ 123.616335269, 0.833638383, 0.0 ], [ 123.639603134, 0.78994887, 0.0 ], [ 123.665055049, 0.814698242, 0.0 ], [ 123.650125504, 0.827268601, 0.0 ], [ 123.657654049, 0.84240747, 0.0 ] ] ] ] } },
{ "type": "Feature", "properties": { "id": 5816, "pbph": null, "kph": "KPH Unit I Bolaang Mongondow dan Bolaang Mongondow Utara", "provinsi": "Sulawesi Utara", "fungsi": "HP" }, "geometry": { "type": "MultiPolygon", "coordinates": [ [ [ [ 123.504974568, 0.840990608, 0.0 ], [ 123.482623581, 0.827371898, 0.0 ], [ 123.501433404, 0.853582547, 0.0 ], [ 123.504974568, 0.840990608, 0.0 ] ] ] ] } },
{ "type": "Feature", "properties": { "id": 5818, "pbph": null, "kph": "KPH Unit I Bolaang Mongondow dan Bolaang Mongondow Utara", "provinsi": "Sulawesi Utara", "fungsi": "HP" }, "geometry": { "type": "MultiPolygon", "coordinates": [ [ [ [ 123.706792775, 0.824944893, 0.0 ], [ 123.7007676, 0.814573117, 0.0 ], [ 123.679090621, 0.838126912, 0.0 ], [ 123.705252795, 0.838448139, 0.0 ], [ 123.706792775, 0.824944893, 0.0 ] ] ] ] } },
{ "type": "Feature", "properties": { "id": 5843, "pbph": null, "kph": "KPH Unit I Bolaang Mongondow dan Bolaang Mongondow Utara", "provinsi": "Sulawesi Utara", "fungsi": "HL" }, "geometry": { "type": "MultiPolygon", "coordinates": [ [ [ [ 123.5321316, 0.827314466, 0.0 ], [ 123.511884854, 0.812394058, 0.0 ], [ 123.482516052, 0.822351057, 0.0 ], [ 123.506263734, 0.841227472, 0.0 ], [ 123.5321316, 0.827314466, 0.0 ] ] ] ] } },
{ "type": "Feature", "properties": { "id": 5844, "pbph": null, "kph": "KPH Unit I Bolaang Mongondow dan Bolaang Mongondow Utara", "provinsi": "Sulawesi Utara", "fungsi": "HL" }, "geometry": { "type": "MultiPolygon", "coordinates": [ [ [ [ 123.472925778, 0.780874367, 0.0 ], [ 123.485269466, 0.753232361, 0.0 ], [ 123.444340209, 0.754132957, 0.0 ], [ 123.439702147, 0.793693846, 0.0 ], [ 123.461216352, 0.798077404, 0.0 ], [ 123.472925778, 0.780874367, 0.0 ] ] ] ] } },
{ "type": "Feature", "properties": { "id": 5846, "pbph": null, "kph": "KPH Unit I Bolaang Mongondow dan Bolaang Mongondow Utara", "provinsi": "Sulawesi Utara", "fungsi": "HL" }, "geometry": { "type": "MultiPolygon", "coordinates": [ [ [ [ 123.509183885, 0.62541008, 0.0 ], [ 123.463464738, 0.645776749, 0.0 ], [ 123.36627388, 0.652448654, 0.0 ], [ 123.322050779, 0.69870915, 0.0 ], [ 123.273648029, 0.698161197, 0.0 ], [ 123.247331304, 0.717343381, 0.0 ], [ 123.251464358, 0.753875427, 0.0 ], [ 123.37800026, 0.71456337, 0.0 ], [ 123.481523515, 0.657438278, 0.0 ], [ 123.509183885, 0.62541008, 0.0 ] ] ] ] } },
{ "type": "Feature", "properties": { "id": 5848, "pbph": null, "kph": "KPH Unit I Bolaang Mongondow dan Bolaang Mongondow Utara", "provinsi": "Sulawesi Utara", "fungsi": "HL" }, "geometry": { "type": "MultiPolygon", "coordinates": [ [ [ [ 123.668348542, 0.616762128, 0.0 ], [ 123.634181797, 0.591890006, 0.0 ], [ 123.575311197, 0.584939038, 0.0 ], [ 123.548131173, 0.601676595, 0.0 ], [ 123.559048063, 0.629882319, 0.0 ], [ 123.533502471, 0.642561869, 0.0 ], [ 123.551636731, 0.653982468, 0.0 ], [ 123.576316798, 0.636303382, 0.0 ], [ 123.578108302, 0.666329094, 0.0 ], [ 123.598039488, 0.631073186, 0.0 ], [ 123.612895984, 0.633331034, 0.0 ], [ 123.619747246, 0.66077078, 0.0 ], [ 123.631366901, 0.637790518, 0.0 ], [ 123.651434871, 0.636236938, 0.0 ], [ 123.625345114, 0.675379333, 0.0 ], [ 123.64920027, 0.686022985, 0.0 ], [ 123.689843938, 0.639638956, 0.0 ], [ 123.703920373, 0.642126364, 0.0 ], [ 123.69571955, 0.623744703, 0.0 ], [ 123.668348542, 0.616762128, 0.0 ] ] ] ] } },
{ "type": "Feature", "properties": { "id": 5854, "pbph": null, "kph": "KPH Unit I Bolaang Mongondow dan Bolaang Mongondow Utara", "provinsi": "Sulawesi Utara", "fungsi": "HPT" }, "geometry": { "type": "MultiPolygon", "coordinates": [ [ [ [ 123.339435176, 0.814460858, 0.0 ], [ 123.348018129, 0.798977918, 0.0 ], [ 123.351349804, 0.855418274, 0.0 ], [ 123.374240067, 0.788363566, 0.0 ], [ 123.361116165, 0.780651192, 0.0 ], [ 123.382475588, 0.770448895, 0.0 ], [ 123.373068204, 0.854169522, 0.0 ], [ 123.405777135, 0.883354734, 0.0 ], [ 123.431570401, 0.861887157, 0.0 ], [ 123.451210798, 0.869204174, 0.0 ], [ 123.453655412, 0.848165233, 0.0 ], [ 123.493394392, 0.831829014, 0.0 ], [ 123.482516052, 0.822351057, 0.0 ], [ 123.493988959, 0.811405322, 0.0 ], [ 123.5321316, 0.827314466, 0.0 ], [ 123.562469632, 0.819048146, 0.0 ], [ 123.520408631, 0.781678677, 0.0 ], [ 123.528518678, 0.72811383, 0.0 ], [ 123.709260078, 0.761239305, 0.0 ], [ 123.695289613, 0.727944672, 0.0 ], [ 123.706483841, 0.705709457, 0.0 ], [ 123.728864304, 0.711498732, 0.0 ], [ 123.741392166, 0.685336558, 0.0 ], [ 123.731184278, 0.648145583, 0.0 ], [ 123.700753352, 0.614102635, 0.0 ], [ 123.677946218, 0.611282973, 0.0 ], [ 123.674377347, 0.625202809, 0.0 ], [ 123.69571955, 0.623744703, 0.0 ], [ 123.703616139, 0.642968949, 0.0 ], [ 123.689843938, 0.639638956, 0.0 ], [ 123.64920027, 0.686022985, 0.0 ], [ 123.625345114, 0.675379333, 0.0 ], [ 123.651434871, 0.636236938, 0.0 ], [ 123.631366901, 0.637790518, 0.0 ], [ 123.619747246, 0.66077078, 0.0 ], [ 123.612895984, 0.633331034, 0.0 ], [ 123.598039488, 0.631073186, 0.0 ], [ 123.578108302, 0.666329094, 0.0 ], [ 123.576316798, 0.636303382, 0.0 ], [ 123.538468239, 0.651465773, 0.0 ], [ 123.541500171, 0.631148039, 0.0 ], [ 123.559048063, 0.629882319, 0.0 ], [ 123.555479239, 0.609172782, 0.0 ], [ 123.530120927, 0.606004261, 0.0 ], [ 123.522038437, 0.626141804, 0.0 ], [ 123.436410905, 0.683397293, 0.0 ], [ 123.37800026, 0.71456337, 0.0 ], [ 123.309316636, 0.726140976, 0.0 ], [ 123.258626938, 0.76117897, 0.0 ], [ 123.2713999, 0.802927362, 0.0 ], [ 123.235585309, 0.832367964, 0.0 ], [ 123.221723557, 0.871133805, 0.0 ], [ 123.241906762, 0.887017736, 0.0 ], [ 123.251931769, 0.860708462, 0.0 ], [ 123.270902489, 0.873979359, 0.0 ], [ 123.269735498, 0.853581937, 0.0 ], [ 123.282072507, 0.86002365, 0.0 ], [ 123.274103295, 0.869540514, 0.0 ], [ 123.307911582, 0.866828106, 0.0 ], [ 123.302971657, 0.852404765, 0.0 ], [ 123.324920317, 0.848119894, 0.0 ], [ 123.321344376, 0.804544449, 0.0 ], [ 123.333639145, 0.798120499, 0.0 ], [ 123.339435176, 0.814460858, 0.0 ] ], [ [ 123.418613284, 0.837826856, 0.0 ], [ 123.396451202, 0.835464067, 0.0 ], [ 123.393617383, 0.803469987, 0.0 ], [ 123.394789618, 0.777387995, 0.0 ], [ 123.414270478, 0.762533947, 0.0 ], [ 123.428952154, 0.777555433, 0.0 ], [ 123.418613284, 0.837826856, 0.0 ] ], [ [ 123.470274896, 0.749059617, 0.0 ], [ 123.48592554, 0.753963396, 0.0 ], [ 123.473840547, 0.79026076, 0.0 ], [ 123.441209682, 0.794929447, 0.0 ], [ 123.444340209, 0.754132957, 0.0 ], [ 123.470274896, 0.749059617, 0.0 ] ] ] ] } },
{ "type": "Feature", "properties": { "id": 5988, "pbph": null, "kph": "KPH Wil. III Pahuwato", "provinsi": "Gorontalo", "fungsi": "HL" }, "geometry": { "type": "MultiPolygon", "coordinates": [ [ [ [ 121.791032693, 0.649087068, 0.0 ], [ 121.758605092, 0.680205571, 0.0 ], [ 121.767423996, 0.703884444, 0.0 ], [ 121.744462197, 0.726965215, 0.0 ], [ 121.746838348, 0.745737286, 0.0 ], [ 121.772336224, 0.725301338, 0.0 ], [ 121.778927248, 0.696300834, 0.0 ], [ 121.809245956, 0.689709811, 0.0 ], [ 121.791032693, 0.649087068, 0.0 ] ] ] ] } },
{ "type": "Feature", "properties": { "id": 6013, "pbph": null, "kph": "KPH Wil. VI Gorontalo", "provinsi": "Gorontalo", "fungsi": "HL" }, "geometry": { "type": "MultiPolygon", "coordinates": [ [ [ [ 122.737174988, 0.533810914, 0.0 ], [ 122.754043579, 0.516266882, 0.0 ], [ 122.709388733, 0.512550771, 0.0 ], [ 122.709629059, 0.527147682, 0.0 ], [ 122.737174988, 0.533810914, 0.0 ] ] ] ] } },
{ "type": "Feature", "properties": { "id": 6016, "pbph": null, "kph": "KPH Wil. VI Gorontalo", "provinsi": "Gorontalo", "fungsi": "HL" }, "geometry": { "type": "MultiPolygon", "coordinates": [ [ [ [ 123.075609512, 0.749224963, 0.0 ], [ 123.053347132, 0.749530034, 0.0 ], [ 123.03985405, 0.716619493, 0.0 ], [ 123.013988623, 0.706909616, 0.0 ], [ 123.029546738, 0.724699021, 0.0 ], [ 123.022882461, 0.746473313, 0.0 ], [ 123.004917458, 0.751016326, 0.0 ], [ 123.017959595, 0.773294866, 0.0 ], [ 123.068145267, 0.786612752, 0.0 ], [ 123.075609512, 0.749224963, 0.0 ] ] ] ] } },
{ "type": "Feature", "properties": { "id": 5812, "pbph": null, "kph": "KPH UNIT II BOLAANG MONGONDOW TIMUR DAN BOLAANG MONGONDOW SELATAN", "provinsi": "Sulawesi Utara", "fungsi": "HP" }, "geometry": { "type": "MultiPolygon", "coordinates": [ [ [ [ 124.023544312, 0.418846935, 0.0 ], [ 124.005254542, 0.408533841, 0.0 ], [ 123.973882676, 0.421487809, 0.0 ], [ 123.976312054, 0.398618661, 0.0 ], [ 123.962234497, 0.407527835, 0.0 ], [ 123.959019794, 0.387665957, 0.0 ], [ 123.939689637, 0.387841254, 0.0 ], [ 123.951690674, 0.373701363, 0.0 ], [ 123.90096283, 0.35852325, 0.0 ], [ 123.827148437, 0.357249498, 0.0 ], [ 123.803726278, 0.34257487, 0.0 ], [ 123.794136048, 0.361564757, 0.0 ], [ 123.791481018, 0.395582706, 0.0 ], [ 123.806289674, 0.41143936, 0.0 ], [ 123.88825226, 0.411289067, 0.0 ], [ 123.91871643, 0.393202931, 0.0 ], [ 123.988204957, 0.429375201, 0.0 ], [ 124.023544312, 0.418846935, 0.0 ] ] ] ] } },
{ "type": "Feature", "properties": { "id": 5814, "pbph": null, "kph": "KPH UNIT II BOLAANG MONGONDOW TIMUR DAN BOLAANG MONGONDOW SELATAN", "provinsi": "Sulawesi Utara", "fungsi": "HP" }, "geometry": { "type": "MultiPolygon", "coordinates": [ [ [ [ 123.719677195, 0.355031265, 0.0 ], [ 123.698600769, 0.344731122, 0.0 ], [ 123.690681458, 0.316524774, 0.0 ], [ 123.653106689, 0.340973616, 0.0 ], [ 123.642608643, 0.325417549, 0.0 ], [ 123.622848511, 0.332807303, 0.0 ], [ 123.572775268, 0.370871334, 0.0 ], [ 123.609720003, 0.35459035, 0.0 ], [ 123.625964604, 0.373260148, 0.0 ], [ 123.630740626, 0.352714446, 0.0 ], [ 123.639930754, 0.391116052, 0.0 ], [ 123.648111822, 0.366475875, 0.0 ], [ 123.686771495, 0.359123098, 0.0 ], [ 123.689544213, 0.345663198, 0.0 ], [ 123.692161789, 0.36482007, 0.0 ], [ 123.677217829, 0.373872926, 0.0 ], [ 123.685525718, 0.4056642, 0.0 ], [ 123.716272318, 0.403269124, 0.0 ], [ 123.699562362, 0.387017046, 0.0 ], [ 123.707254186, 0.374980418, 0.0 ], [ 123.741361877, 0.401602922, 0.0 ], [ 123.758953265, 0.369288227, 0.0 ], [ 123.719677195, 0.355031265, 0.0 ] ] ] ] } },
{ "type": "Feature", "properties": { "id": 5821, "pbph": null, "kph": "KPH Unit I Bolaang Mongondow dan Bolaang Mongondow Utara", "provinsi": "Sulawesi Utara", "fungsi": "HP" }, "geometry": { "type": "MultiPolygon", "coordinates": [ [ [ [ 123.709260078, 0.761239305, 0.0 ], [ 123.688970001, 0.75998, 0.0 ], [ 123.680020001, 0.79427, 0.0 ], [ 123.691105988, 0.797941555, 0.0 ], [ 123.709260078, 0.761239305, 0.0 ] ] ] ] } },
{ "type": "Feature", "properties": { "id": 5822, "pbph": null, "kph": "KPH Unit I Bolaang Mongondow dan Bolaang Mongondow Utara", "provinsi": "Sulawesi Utara", "fungsi": "HP" }, "geometry": { "type": "MultiPolygon", "coordinates": [ [ [ [ 123.703373711, 0.746203495, 0.0 ], [ 123.718399992, 0.702876291, 0.0 ], [ 123.696649552, 0.722368241, 0.0 ], [ 123.703373711, 0.746203495, 0.0 ] ] ] ] } },
{ "type": "Feature", "properties": { "id": 5823, "pbph": null, "kph": "KPH Unit I Bolaang Mongondow dan Bolaang Mongondow Utara", "provinsi": "Sulawesi Utara", "fungsi": "HP" }, "geometry": { "type": "MultiPolygon", "coordinates": [ [ [ [ 123.833059255, 0.791410487, 0.0 ], [ 123.805936271, 0.802326363, 0.0 ], [ 123.709260078, 0.761239305, 0.0 ], [ 123.688851817, 0.794061326, 0.0 ], [ 123.712643004, 0.825175109, 0.0 ], [ 123.733898875, 0.794524771, 0.0 ], [ 123.721369456, 0.84349442, 0.0 ], [ 123.790968691, 0.793914781, 0.0 ], [ 123.826571375, 0.830945143, 0.0 ], [ 123.833059255, 0.791410487, 0.0 ] ] ] ] } },
{ "type": "Feature", "properties": { "id": 5842, "pbph": null, "kph": "KPH Unit I Bolaang Mongondow dan Bolaang Mongondow Utara", "provinsi": "Sulawesi Utara", "fungsi": "HL" }, "geometry": { "type": "MultiPolygon", "coordinates": [ [ [ [ 123.418613284, 0.837826856, 0.0 ], [ 123.428952154, 0.777555433, 0.0 ], [ 123.414270478, 0.762533947, 0.0 ], [ 123.394789618, 0.777387995, 0.0 ], [ 123.393617383, 0.803469987, 0.0 ], [ 123.396451202, 0.835464067, 0.0 ], [ 123.418613284, 0.837826856, 0.0 ] ] ] ] } },
{ "type": "Feature", "properties": { "id": 5882, "pbph": null, "kph": "KPH Wil. I dan Wil. II Gorontalo Barat", "provinsi": "Gorontalo", "fungsi": "HL" }, "geometry": { "type": "MultiPolygon", "coordinates": [ [ [ [ 121.678814119, 0.652782839, 0.0 ], [ 121.649975371, 0.658026715, 0.0 ], [ 121.639816339, 0.689953711, 0.0 ], [ 121.678251267, 0.672537393, 0.0 ], [ 121.678814119, 0.652782839, 0.0 ] ] ] ] } },
{ "type": "Feature", "properties": { "id": 5884, "pbph": null, "kph": "KPH Wil. I dan Wil. II Gorontalo Barat", "provinsi": "Gorontalo", "fungsi": "HL" }, "geometry": { "type": "MultiPolygon", "coordinates": [ [ [ [ 121.307918775, 0.653348783, 0.0 ], [ 121.308328167, 0.633027008, 0.0 ], [ 121.338646876, 0.623799575, 0.0 ], [ 121.347874308, 0.597435481, 0.0 ], [ 121.435155868, 0.571565628, 0.0 ], [ 121.437330246, 0.556055069, 0.0 ], [ 121.346864807, 0.539982322, 0.0 ], [ 121.336869342, 0.575281578, 0.0 ], [ 121.302584411, 0.569180065, 0.0 ], [ 121.238662721, 0.603006899, 0.0 ], [ 121.231335475, 0.63385028, 0.0 ], [ 121.287778941, 0.659984092, 0.0 ], [ 121.307918775, 0.653348783, 0.0 ] ] ] ] } },
{ "type": "Feature", "properties": { "id": 5963, "pbph": null, "kph": "KPH Wil. III Pahuwato", "provinsi": "Gorontalo", "fungsi": "HL" }, "geometry": { "type": "MultiPolygon", "coordinates": [ [ [ [ 121.858759214, 0.990674877, 0.0 ], [ 121.954765782, 0.907279463, 0.0 ], [ 122.03266019, 0.885660915, 0.0 ], [ 122.076644998, 0.904038888, 0.0 ], [ 122.082109034, 0.859016932, 0.0 ], [ 121.889656442, 0.880849493, 0.0 ], [ 121.803220133, 0.859154872, 0.0 ], [ 121.786302711, 0.870513489, 0.0 ], [ 121.786620957, 0.939602664, 0.0 ], [ 121.858759214, 0.990674877, 0.0 ] ] ] ] } },
{ "type": "Feature", "properties": { "id": 5967, "pbph": null, "kph": "KPH Wil. III Pahuwato", "provinsi": "Gorontalo", "fungsi": "HL" }, "geometry": { "type": "MultiPolygon", "coordinates": [ [ [ [ 122.058545175, 0.739631224, 0.0 ], [ 122.076059341, 0.712141037, 0.0 ], [ 122.052799892, 0.684123057, 0.0 ], [ 121.910575867, 0.692916035, 0.0 ], [ 121.929985047, 0.717746197, 0.0 ], [ 121.974143982, 0.731172263, 0.0 ], [ 121.92980957, 0.718043863, 0.0 ], [ 121.913288066, 0.690790176, 0.0 ], [ 121.891266287, 0.687969819, 0.0 ], [ 121.893251214, 0.673910586, 0.0 ], [ 121.871201576, 0.747183536, 0.0 ], [ 121.89542752, 0.798683011, 0.0 ], [ 121.955566678, 0.810457362, 0.0 ], [ 121.97876708, 0.802020852, 0.0 ], [ 122.028331578, 0.737692462, 0.0 ], [ 122.058545175, 0.739631224, 0.0 ] ] ] ] } },
{ "type": "Feature", "properties": { "id": 5985, "pbph": null, "kph": "KPH Wil. III Pahuwato", "provinsi": "Gorontalo", "fungsi": "HL" }, "geometry": { "type": "MultiPolygon", "coordinates": [ [ [ [ 121.973236084, 0.724468491, 0.0 ], [ 121.929985047, 0.717746197, 0.0 ], [ 121.910377358, 0.692637341, 0.0 ], [ 121.92980957, 0.718043863, 0.0 ], [ 121.973236084, 0.724468491, 0.0 ] ] ] ] } },
{ "type": "Feature", "properties": { "id": 5987, "pbph": null, "kph": "KPH Wil. III Pahuwato", "provinsi": "Gorontalo", "fungsi": "HL" }, "geometry": { "type": "MultiPolygon", "coordinates": [ [ [ [ 121.751693067, 0.775552145, 0.0 ], [ 121.78261822, 0.805184543, 0.0 ], [ 121.835346409, 0.796748033, 0.0 ], [ 121.852219429, 0.772493066, 0.0 ], [ 121.85538312, 0.71765575, 0.0 ], [ 121.823746207, 0.737692462, 0.0 ], [ 121.816364261, 0.718710315, 0.0 ], [ 121.751693067, 0.775552145, 0.0 ] ] ] ] } },
{ "type": "Feature", "properties": { "id": 6008, "pbph": null, "kph": "KPH Wil. VI Gorontalo", "provinsi": "Gorontalo", "fungsi": "HL" }, "geometry": { "type": "MultiPolygon", "coordinates": [ [ [ [ 122.67590332, 0.559459388, 0.0 ], [ 122.709877014, 0.553408206, 0.0 ], [ 122.677963257, 0.529338896, 0.0 ], [ 122.664505006, 0.550343901, 0.0 ], [ 122.67590332, 0.559459388, 0.0 ] ] ] ] } },
{ "type": "Feature", "properties": { "id": 6009, "pbph": null, "kph": "KPH Wil. VI Gorontalo", "provinsi": "Gorontalo", "fungsi": "HL" }, "geometry": { "type": "MultiPolygon", "coordinates": [ [ [ [ 122.913273745, 0.540348702, 0.0 ], [ 122.999419118, 0.525224613, 0.0 ], [ 122.999244691, 0.508472502, 0.0 ], [ 122.834374549, 0.501313094, 0.0 ], [ 122.86177063, 0.534431565, 0.0 ], [ 122.913273745, 0.540348702, 0.0 ] ] ] ] } },
{ "type": "Feature", "properties": { "id": 6026, "pbph": null, "kph": "KPH Wil. I dan Wil. II Gorontalo Barat", "provinsi": "Gorontalo", "fungsi": "HL" }, "geometry": { "type": "MultiPolygon", "coordinates": [ [ [ [ 121.746838348, 0.745737286, 0.0 ], [ 121.744462197, 0.726965215, 0.0 ], [ 121.767423996, 0.703884444, 0.0 ], [ 121.741838455, 0.670114517, 0.0 ], [ 121.75217808, 0.650651837, 0.0 ], [ 121.714828491, 0.711377203, 0.0 ], [ 121.675224304, 0.741129041, 0.0 ], [ 121.714996339, 0.710619629, 0.0 ], [ 121.741761822, 0.645810534, 0.0 ], [ 121.678814119, 0.652782839, 0.0 ], [ 121.668305484, 0.680311051, 0.0 ], [ 121.606159742, 0.698213368, 0.0 ], [ 121.594828327, 0.717689237, 0.0 ], [ 121.635196493, 0.752037589, 0.0 ], [ 121.660338071, 0.750267055, 0.0 ], [ 121.663702335, 0.766734775, 0.0 ], [ 121.727517264, 0.772756707, 0.0 ], [ 121.746838348, 0.745737286, 0.0 ] ] ] ] } },
{ "type": "Feature", "properties": { "id": 6028, "pbph": null, "kph": "KPH Wil. I dan Wil. II Gorontalo Barat", "provinsi": "Gorontalo", "fungsi": "HL" }, "geometry": { "type": "MultiPolygon", "coordinates": [ [ [ [ 121.749948565, 0.651598237, 0.0 ], [ 121.714996339, 0.710619629, 0.0 ], [ 121.675308228, 0.741498649, 0.0 ], [ 121.715545655, 0.71051979, 0.0 ], [ 121.749948565, 0.651598237, 0.0 ] ] ] ] } },
{ "type": "Feature", "properties": { "id": 6220, "pbph": null, "kph": "KPH Wil. V Boalemo", "provinsi": "Gorontalo", "fungsi": "HL" }, "geometry": { "type": "MultiPolygon", "coordinates": [ [ [ [ 122.149249116, 0.90640913, 0.0 ], [ 122.157627947, 0.873280952, 0.0 ], [ 122.141657582, 0.872734898, 0.0 ], [ 122.159706115, 0.842284501, 0.0 ], [ 122.147813604, 0.832091956, 0.0 ], [ 122.102985159, 0.855261315, 0.0 ], [ 122.101347236, 0.90181231, 0.0 ], [ 122.149249116, 0.90640913, 0.0 ] ] ] ] } },
{ "type": "Feature", "properties": { "id": 6259, "pbph": null, "kph": "KPH Wil. V Boalemo", "provinsi": "Gorontalo", "fungsi": "HL" }, "geometry": { "type": "MultiPolygon", "coordinates": [ [ [ [ 122.606842074, 0.615559068, 0.0 ], [ 122.642139307, 0.514388733, 0.0 ], [ 122.581332481, 0.541073448, 0.0 ], [ 122.58192059, 0.58342565, 0.0 ], [ 122.606842074, 0.615559068, 0.0 ] ] ] ] } },
{ "type": "Feature", "properties": { "id": 6225, "pbph": null, "kph": "KPH Wil. V Boalemo", "provinsi": "Gorontalo", "fungsi": "HL" }, "geometry": { "type": "MultiPolygon", "coordinates": [ [ [ [ 122.249906985, 0.754286701, 0.0 ], [ 122.27362378, 0.722990512, 0.0 ], [ 122.235970671, 0.728512917, 0.0 ], [ 122.249906985, 0.754286701, 0.0 ] ] ] ] } },
{ "type": "Feature", "properties": { "id": 6252, "pbph": null, "kph": "KPH Wil. V Boalemo", "provinsi": "Gorontalo", "fungsi": "HL" }, "geometry": { "type": "MultiPolygon", "coordinates": [ [ [ [ 122.086685181, 0.908920169, 0.0 ], [ 122.101347236, 0.90181231, 0.0 ], [ 122.102985159, 0.855261315, 0.0 ], [ 122.083948697, 0.864303574, 0.0 ], [ 122.086685181, 0.908920169, 0.0 ] ] ] ] } },
{ "type": "Feature", "properties": { "id": 6274, "pbph": null, "kph": "KPH Wil. VII Bone Bolango dan Gorontalo Kota", "provinsi": "Gorontalo", "fungsi": "HL" }, "geometry": { "type": "MultiPolygon", "coordinates": [ [ [ [ 123.078016659, 0.806325024, 0.0 ], [ 123.12400818, 0.788139045, 0.0 ], [ 123.136392593, 0.758443833, 0.0 ], [ 123.122831345, 0.740594864, 0.0 ], [ 123.136609299, 0.687890347, 0.0 ], [ 123.105130023, 0.667690854, 0.0 ], [ 123.091420745, 0.680428335, 0.0 ], [ 123.105646133, 0.693387986, 0.0 ], [ 123.091628988, 0.694168492, 0.0 ], [ 123.074632713, 0.743099242, 0.0 ], [ 123.066866487, 0.791436103, 0.0 ], [ 123.078016659, 0.806325024, 0.0 ] ] ] ] } },
{ "type": "Feature", "properties": { "id": 6309, "pbph": null, "kph": "KPH Wil. I dan Wil. II Gorontalo Barat", "provinsi": "Gorontalo", "fungsi": "HP" }, "geometry": { "type": "MultiPolygon", "coordinates": [ [ [ [ 121.383230235, 0.702547124, 0.0 ], [ 121.374219839, 0.714502277, 0.0 ], [ 121.388384108, 0.724417265, 0.0 ], [ 121.365367171, 0.726187798, 0.0 ], [ 121.357101742, 0.756938251, 0.0 ], [ 121.403854744, 0.758856536, 0.0 ], [ 121.408745244, 0.73734216, 0.0 ], [ 121.48594051, 0.759296777, 0.0 ], [ 121.523475823, 0.738050374, 0.0 ], [ 121.544280607, 0.76818445, 0.0 ], [ 121.558886495, 0.75363107, 0.0 ], [ 121.528490447, 0.695218729, 0.0 ], [ 121.477796056, 0.727427172, 0.0 ], [ 121.383230235, 0.702547124, 0.0 ] ] ] ] } },
{ "type": "Feature", "properties": { "id": 6312, "pbph": null, "kph": "KPH Wil. IV Gorontalo Utara", "provinsi": "Gorontalo", "fungsi": "HP" }, "geometry": { "type": "MultiPolygon", "coordinates": [ [ [ [ 122.278438157, 0.952216294, 0.0 ], [ 122.262573243, 0.953364372, 0.0 ], [ 122.326644898, 0.973467588, 0.0 ], [ 122.366516113, 0.958680749, 0.0 ], [ 122.342430115, 0.946774602, 0.0 ], [ 122.278438157, 0.952216294, 0.0 ] ] ] ] } },
{ "type": "Feature", "properties": { "id": 6066, "pbph": null, "kph": "KPH Wil. IV Gorontalo Utara", "provinsi": "Gorontalo", "fungsi": "HL" }, "geometry": { "type": "MultiPolygon", "coordinates": [ [ [ [ 123.11748775, 0.808352698, 0.0 ], [ 123.17738701, 0.756217751, 0.0 ], [ 123.167227127, 0.75212598, 0.0 ], [ 123.158573669, 0.774433006, 0.0 ], [ 123.133749024, 0.765939652, 0.0 ], [ 123.124059492, 0.788105518, 0.0 ], [ 123.091419351, 0.800759543, 0.0 ], [ 123.11748775, 0.808352698, 0.0 ] ] ] ] } },
{ "type": "Feature", "properties": { "id": 6070, "pbph": null, "kph": "KPH Wil. IV Gorontalo Utara", "provinsi": "Gorontalo", "fungsi": "HL" }, "geometry": { "type": "MultiPolygon", "coordinates": [ [ [ [ 123.257096353, 0.760432098, 0.0 ], [ 123.20347982, 0.756815159, 0.0 ], [ 123.22543335, 0.778996945, 0.0 ], [ 123.257096353, 0.760432098, 0.0 ] ] ] ] } },
{ "type": "Feature", "properties": { "id": 6086, "pbph": null, "kph": "KPH Wil. IV Gorontalo Utara", "provinsi": "Gorontalo", "fungsi": "HL" }, "geometry": { "type": "MultiPolygon", "coordinates": [ [ [ [ 122.070330933, 0.903885202, 0.0 ], [ 122.032730103, 0.885724604, 0.0 ], [ 121.982895791, 0.906668814, 0.0 ], [ 122.070330933, 0.903885202, 0.0 ] ] ] ] } },
{ "type": "Feature", "properties": { "id": 6222, "pbph": null, "kph": "KPH Wil. V Boalemo", "provinsi": "Gorontalo", "fungsi": "HL" }, "geometry": { "type": "MultiPolygon", "coordinates": [ [ [ [ 122.181671143, 0.772633911, 0.0 ], [ 122.19431305, 0.762564123, 0.0 ], [ 122.185488318, 0.740900622, 0.0 ], [ 122.135643005, 0.704664469, 0.0 ], [ 122.134965287, 0.759776378, 0.0 ], [ 122.181671143, 0.772633911, 0.0 ] ] ] ] } },
{ "type": "Feature", "properties": { "id": 6232, "pbph": null, "kph": "KPH Wil. V Boalemo", "provinsi": "Gorontalo", "fungsi": "HL" }, "geometry": { "type": "MultiPolygon", "coordinates": [ [ [ [ 122.349210906, 0.746636971, 0.0 ], [ 122.373724468, 0.70809573, 0.0 ], [ 122.294181582, 0.714428839, 0.0 ], [ 122.308581039, 0.739273036, 0.0 ], [ 122.349210906, 0.746636971, 0.0 ] ] ] ] } },
{ "type": "Feature", "properties": { "id": 6237, "pbph": null, "kph": "KPH Wil. V Boalemo", "provinsi": "Gorontalo", "fungsi": "HL" }, "geometry": { "type": "MultiPolygon", "coordinates": [ [ [ [ 122.297907331, 0.647259715, 0.0 ], [ 122.336847466, 0.639332486, 0.0 ], [ 122.338374323, 0.591425734, 0.0 ], [ 122.310440064, 0.595591471, 0.0 ], [ 122.306293389, 0.566486729, 0.0 ], [ 122.269826632, 0.551133526, 0.0 ], [ 122.23929596, 0.546226859, 0.0 ], [ 122.208503723, 0.562505722, 0.0 ], [ 122.218887329, 0.625894397, 0.0 ], [ 122.297907331, 0.647259715, 0.0 ] ] ] ] } },
{ "type": "Feature", "properties": { "id": 6266, "pbph": null, "kph": "KPH Wil. VII Bone Bolango dan Gorontalo Kota", "provinsi": "Gorontalo", "fungsi": "HL" }, "geometry": { "type": "MultiPolygon", "coordinates": [ [ [ [ 123.092164133, 0.518217702, 0.0 ], [ 123.132322078, 0.499598965, 0.0 ], [ 123.187575108, 0.504903089, 0.0 ], [ 123.231643677, 0.448331178, 0.0 ], [ 123.258354188, 0.469599843, 0.0 ], [ 123.260673523, 0.430383176, 0.0 ], [ 123.243452072, 0.424352646, 0.0 ], [ 123.238256455, 0.441835403, 0.0 ], [ 123.22852717, 0.411330914, 0.0 ], [ 123.193681019, 0.423355181, 0.0 ], [ 123.192087174, 0.46267128, 0.0 ], [ 123.166795731, 0.435312272, 0.0 ], [ 123.148697717, 0.459959882, 0.0 ], [ 123.154905338, 0.475015556, 0.0 ], [ 123.132826914, 0.47532652, 0.0 ], [ 123.127744675, 0.493219376, 0.0 ], [ 123.105968512, 0.485171183, 0.0 ], [ 123.092164133, 0.518217702, 0.0 ] ] ] ] } },
{ "type": "Feature", "properties": { "id": 6268, "pbph": null, "kph": "KPH Wil. VII Bone Bolango dan Gorontalo Kota", "provinsi": "Gorontalo", "fungsi": "HL" }, "geometry": { "type": "MultiPolygon", "coordinates": [ [ [ [ 123.066113744, 0.520511838, 0.0 ], [ 123.087862015, 0.517469406, 0.0 ], [ 123.097901256, 0.49591507, 0.0 ], [ 123.066113744, 0.520511838, 0.0 ] ] ] ] } },
{ "type": "Feature", "properties": { "id": 6306, "pbph": null, "kph": "KPH Wil. III Pahuwato", "provinsi": "Gorontalo", "fungsi": "HP" }, "geometry": { "type": "MultiPolygon", "coordinates": [ [ [ [ 122.120351431, 0.682388855, 0.0 ], [ 122.14355094, 0.623789446, 0.0 ], [ 122.129590026, 0.572404301, 0.0 ], [ 122.120351431, 0.682388855, 0.0 ] ] ] ] } },
{ "type": "Feature", "properties": { "id": 6310, "pbph": null, "kph": "KPH Wil. I dan Wil. II Gorontalo Barat", "provinsi": "Gorontalo", "fungsi": "HP" }, "geometry": { "type": "MultiPolygon", "coordinates": [ [ [ [ 121.736409275, 0.645810533, 0.0 ], [ 121.745473843, 0.625566594, 0.0 ], [ 121.673000542, 0.650770137, 0.0 ], [ 121.736409275, 0.645810533, 0.0 ] ] ] ] } },
{ "type": "Feature", "properties": { "id": 6314, "pbph": null, "kph": "KPH Wil. IV Gorontalo Utara", "provinsi": "Gorontalo", "fungsi": "HP" }, "geometry": { "type": "MultiPolygon", "coordinates": [ [ [ [ 122.608112657, 0.940294403, 0.0 ], [ 122.636534406, 0.923845211, 0.0 ], [ 122.628128052, 0.916433155, 0.0 ], [ 122.608112657, 0.940294403, 0.0 ] ] ], [ [ [ 122.645047581, 0.915828261, 0.0 ], [ 122.670488524, 0.896972488, 0.0 ], [ 122.659401684, 0.878940614, 0.0 ], [ 122.633025626, 0.908873264, 0.0 ], [ 122.645047581, 0.915828261, 0.0 ] ] ] ] } },
{ "type": "Feature", "properties": { "id": 6383, "pbph": null, "kph": "KPH Wil. V Boalemo", "provinsi": "Gorontalo", "fungsi": "HP" }, "geometry": { "type": "MultiPolygon", "coordinates": [ [ [ [ 122.184222435, 0.840090393, 0.0 ], [ 122.214065464, 0.795127565, 0.0 ], [ 122.17559743, 0.779699998, 0.0 ], [ 122.10687269, 0.785663563, 0.0 ], [ 122.102049713, 0.822937752, 0.0 ], [ 122.184222435, 0.840090393, 0.0 ] ] ] ] } },
{ "type": "Feature", "properties": { "id": 6491, "pbph": null, "kph": "KPH Wil. V Boalemo", "provinsi": "Gorontalo", "fungsi": "HP" }, "geometry": { "type": "MultiPolygon", "coordinates": [ [ [ [ 122.10687269, 0.785663563, 0.0 ], [ 122.091285707, 0.775769174, 0.0 ], [ 122.084213257, 0.808317184, 0.0 ], [ 122.102049713, 0.822937752, 0.0 ], [ 122.10687269, 0.785663563, 0.0 ] ] ] ] } },
{ "type": "Feature", "properties": { "id": 6660, "pbph": null, "kph": "KPH Wil. VII Bone Bolango dan Gorontalo Kota", "provinsi": "Gorontalo", "fungsi": "HP" }, "geometry": { "type": "MultiPolygon", "coordinates": [ [ [ [ 123.410688419, 0.362573589, 0.0 ], [ 123.40183347, 0.334462182, 0.0 ], [ 123.376072835, 0.334619591, 0.0 ], [ 123.372556104, 0.346313535, 0.0 ], [ 123.410688419, 0.362573589, 0.0 ] ] ] ] } },
{ "type": "Feature", "properties": { "id": 6699, "pbph": null, "kph": "KPH Wil. I dan Wil. II Gorontalo Barat", "provinsi": "Gorontalo", "fungsi": "HPT" }, "geometry": { "type": "MultiPolygon", "coordinates": [ [ [ [ 121.675516644, 0.643968717, 0.0 ], [ 121.616906924, 0.62110992, 0.0 ], [ 121.664158431, 0.567496961, 0.0 ], [ 121.69925499, 0.570203781, 0.0 ], [ 121.667703628, 0.561002731, 0.0 ], [ 121.635391889, 0.597942574, 0.0 ], [ 121.590670559, 0.607966321, 0.0 ], [ 121.591827146, 0.624544055, 0.0 ], [ 121.619199683, 0.630326986, 0.0 ], [ 121.615729925, 0.663867984, 0.0 ], [ 121.675516644, 0.643968717, 0.0 ] ] ] ] } },
{ "type": "Feature", "properties": { "id": 6709, "pbph": null, "kph": "KPH Wil. I dan Wil. II Gorontalo Barat", "provinsi": "Gorontalo", "fungsi": "HPT" }, "geometry": { "type": "MultiPolygon", "coordinates": [ [ [ [ 121.469829126, 0.654038583, 0.0 ], [ 121.500842371, 0.616062423, 0.0 ], [ 121.492860794, 0.568956375, 0.0 ], [ 121.467683792, 0.557039261, 0.0 ], [ 121.459306717, 0.593904497, 0.0 ], [ 121.399223328, 0.601106346, 0.0 ], [ 121.46207428, 0.590483844, 0.0 ], [ 121.443815998, 0.54945574, 0.0 ], [ 121.34594893, 0.533529516, 0.0 ], [ 121.425416948, 0.548906326, 0.0 ], [ 121.438772202, 0.566793442, 0.0 ], [ 121.347874308, 0.597435481, 0.0 ], [ 121.338646876, 0.623799575, 0.0 ], [ 121.308328167, 0.633027008, 0.0 ], [ 121.307918775, 0.653348783, 0.0 ], [ 121.326806452, 0.643661921, 0.0 ], [ 121.348192995, 0.658730467, 0.0 ], [ 121.398830257, 0.632880677, 0.0 ], [ 121.428575221, 0.658730467, 0.0 ], [ 121.445572344, 0.643857985, 0.0 ], [ 121.469829126, 0.654038583, 0.0 ] ] ] ] } },
{ "type": "Feature", "properties": { "id": 6456, "pbph": null, "kph": "KPH Wil. V Boalemo", "provinsi": "Gorontalo", "fungsi": "HP" }, "geometry": { "type": "MultiPolygon", "coordinates": [ [ [ [ 122.313648855, 0.595980552, 0.0 ], [ 122.339456021, 0.565163924, 0.0 ], [ 122.305680746, 0.557375447, 0.0 ], [ 122.273889108, 0.520675351, 0.0 ], [ 122.220060673, 0.522145624, 0.0 ], [ 122.207215877, 0.545318857, 0.0 ], [ 122.305892945, 0.566189111, 0.0 ], [ 122.313648855, 0.595980552, 0.0 ] ] ] ] } },
{ "type": "Feature", "properties": { "id": 6472, "pbph": null, "kph": "KPH Wil. V Boalemo", "provinsi": "Gorontalo", "fungsi": "HP" }, "geometry": { "type": "MultiPolygon", "coordinates": [ [ [ [ 122.141225105, 0.585516433, 0.0 ], [ 122.151139069, 0.583538527, 0.0 ], [ 122.132200109, 0.568015734, 0.0 ], [ 122.141225105, 0.585516433, 0.0 ] ] ] ] } },
{ "type": "Feature", "properties": { "id": 6574, "pbph": null, "kph": "KPH Wil. V Boalemo", "provinsi": "Gorontalo", "fungsi": "HP" }, "geometry": { "type": "MultiPolygon", "coordinates": [ [ [ [ 122.125904413, 0.531205075, 0.0 ], [ 122.109376312, 0.520612486, 0.0 ], [ 122.127405204, 0.546434957, 0.0 ], [ 122.125904413, 0.531205075, 0.0 ] ] ] ] } },
{ "type": "Feature", "properties": { "id": 6583, "pbph": null, "kph": "KPH Wil. VI Gorontalo", "provinsi": "Gorontalo", "fungsi": "HP" }, "geometry": { "type": "MultiPolygon", "coordinates": [ [ [ [ 122.608931882, 0.815882455, 0.0 ], [ 122.590900824, 0.81470576, 0.0 ], [ 122.614700711, 0.816344266, 0.0 ], [ 122.623268543, 0.83382427, 0.0 ], [ 122.608931882, 0.815882455, 0.0 ] ] ] ] } },
{ "type": "Feature", "properties": { "id": 6584, "pbph": null, "kph": "KPH Wil. VI Gorontalo", "provinsi": "Gorontalo", "fungsi": "HP" }, "geometry": { "type": "MultiPolygon", "coordinates": [ [ [ [ 122.620000796, 0.852386178, 0.0 ], [ 122.622253171, 0.823245512, 0.0 ], [ 122.608931882, 0.815882455, 0.0 ], [ 122.622261048, 0.824142695, 0.0 ], [ 122.620000796, 0.852386178, 0.0 ] ] ], [ [ [ 122.43176679, 0.823185444, 0.0 ], [ 122.489014733, 0.798092993, 0.0 ], [ 122.458269839, 0.795757599, 0.0 ], [ 122.43176679, 0.823185444, 0.0 ] ] ], [ [ [ 122.703679849, 0.718964848, 0.0 ], [ 122.691937282, 0.714017535, 0.0 ], [ 122.687062337, 0.729398144, 0.0 ], [ 122.703679849, 0.718964848, 0.0 ] ] ] ] } },
{ "type": "Feature", "properties": { "id": 6786, "pbph": null, "kph": "KPH Wil. III Pahuwato", "provinsi": "Gorontalo", "fungsi": "HPT" }, "geometry": { "type": "MultiPolygon", "coordinates": [ [ [ [ 122.057175673, 0.865662204, 0.0 ], [ 122.066748305, 0.849913359, 0.0 ], [ 122.024937985, 0.777658632, 0.0 ], [ 122.058545175, 0.739631224, 0.0 ], [ 122.028331578, 0.737692462, 0.0 ], [ 121.97876708, 0.802020852, 0.0 ], [ 121.915493255, 0.80729367, 0.0 ], [ 121.884910906, 0.785147832, 0.0 ], [ 121.871201576, 0.747183536, 0.0 ], [ 121.893251214, 0.673910586, 0.0 ], [ 121.87305839, 0.662556263, 0.0 ], [ 121.845865249, 0.680315018, 0.0 ], [ 121.791032693, 0.649087068, 0.0 ], [ 121.809245956, 0.689709811, 0.0 ], [ 121.778927248, 0.696300834, 0.0 ], [ 121.743510415, 0.76746364, 0.0 ], [ 121.751693067, 0.775552145, 0.0 ], [ 121.816364261, 0.718710315, 0.0 ], [ 121.823746207, 0.737692462, 0.0 ], [ 121.85538312, 0.71765575, 0.0 ], [ 121.857492248, 0.749292663, 0.0 ], [ 121.835346409, 0.796748033, 0.0 ], [ 121.782271834, 0.819097943, 0.0 ], [ 121.800331946, 0.841322109, 0.0 ], [ 121.786302711, 0.870513489, 0.0 ], [ 121.807896181, 0.857121808, 0.0 ], [ 121.868565168, 0.880849493, 0.0 ], [ 121.984522775, 0.860925406, 0.0 ], [ 122.057175673, 0.865662204, 0.0 ] ] ] ] } },
{ "type": "Feature", "properties": { "id": 6866, "pbph": null, "kph": "KPH Wil. VI Gorontalo", "provinsi": "Gorontalo", "fungsi": "HPT" }, "geometry": { "type": "MultiPolygon", "coordinates": [ [ [ [ 122.711921281, 0.612446933, 0.0 ], [ 122.729098956, 0.595387752, 0.0 ], [ 122.709379197, 0.580205917, 0.0 ], [ 122.752888866, 0.573458417, 0.0 ], [ 122.741247304, 0.545363316, 0.0 ], [ 122.764541346, 0.562084047, 0.0 ], [ 122.765256621, 0.544088927, 0.0 ], [ 122.785541494, 0.562177204, 0.0 ], [ 122.824653626, 0.540706098, 0.0 ], [ 122.877819743, 0.546338715, 0.0 ], [ 122.848964147, 0.520505548, 0.0 ], [ 122.798706055, 0.525901199, 0.0 ], [ 122.762216583, 0.506116495, 0.0 ], [ 122.666556546, 0.513642599, 0.0 ], [ 122.635536405, 0.539089821, 0.0 ], [ 122.630651528, 0.600519775, 0.0 ], [ 122.653282166, 0.58648783, 0.0 ], [ 122.68962225, 0.590616315, 0.0 ], [ 122.711921281, 0.612446933, 0.0 ] ], [ [ 122.67590332, 0.559459388, 0.0 ], [ 122.664505006, 0.550343901, 0.0 ], [ 122.677963257, 0.529338896, 0.0 ], [ 122.709877014, 0.553408206, 0.0 ], [ 122.67590332, 0.559459388, 0.0 ] ], [ [ 122.737174988, 0.533810914, 0.0 ], [ 122.709629059, 0.527147682, 0.0 ], [ 122.709388733, 0.512550771, 0.0 ], [ 122.754043579, 0.516266882, 0.0 ], [ 122.737174988, 0.533810914, 0.0 ] ] ] ] } },
{ "type": "Feature", "properties": { "id": 6879, "pbph": null, "kph": "KPH Wil. VI Gorontalo", "provinsi": "Gorontalo", "fungsi": "HPT" }, "geometry": { "type": "MultiPolygon", "coordinates": [ [ [ [ 122.88108331, 0.75478606, 0.0 ], [ 122.892427309, 0.748770124, 0.0 ], [ 122.883461462, 0.712220363, 0.0 ], [ 122.884985107, 0.728831901, 0.0 ], [ 122.855928351, 0.741375986, 0.0 ], [ 122.881665125, 0.732746749, 0.0 ], [ 122.88108331, 0.75478606, 0.0 ] ] ], [ [ [ 122.880895689, 0.720611675, 0.0 ], [ 122.879197073, 0.700615966, 0.0 ], [ 122.859140189, 0.689476089, 0.0 ], [ 122.880895689, 0.720611675, 0.0 ] ] ], [ [ [ 122.840839542, 0.698894485, 0.0 ], [ 122.853097644, 0.681412039, 0.0 ], [ 122.837038067, 0.686360572, 0.0 ], [ 122.840839542, 0.698894485, 0.0 ] ] ] ] } },
{ "type": "Feature", "properties": { "id": 6957, "pbph": null, "kph": "KPH Wil. V Boalemo", "provinsi": "Gorontalo", "fungsi": "HPT" }, "geometry": { "type": "MultiPolygon", "coordinates": [ [ [ [ 122.158102688, 0.872022514, 0.0 ], [ 122.179115024, 0.842699768, 0.0 ], [ 122.170463562, 0.830984711, 0.0 ], [ 122.102043334, 0.822979271, 0.0 ], [ 122.102992551, 0.85517376, 0.0 ], [ 122.156847001, 0.834745407, 0.0 ], [ 122.141748429, 0.872682571, 0.0 ], [ 122.158102688, 0.872022514, 0.0 ] ] ] ] } },
{ "type": "Feature", "properties": { "id": 6971, "pbph": null, "kph": "KPH Wil. V Boalemo", "provinsi": "Gorontalo", "fungsi": "HPT" }, "geometry": { "type": "MultiPolygon", "coordinates": [ [ [ [ 122.224150447, 0.7934782, 0.0 ], [ 122.257950367, 0.767879855, 0.0 ], [ 122.307239011, 0.766796112, 0.0 ], [ 122.317924637, 0.748596922, 0.0 ], [ 122.292129517, 0.746168316, 0.0 ], [ 122.275608688, 0.72514792, 0.0 ], [ 122.248184204, 0.75455904, 0.0 ], [ 122.232391357, 0.726546228, 0.0 ], [ 122.195533753, 0.745052933, 0.0 ], [ 122.179611206, 0.772665739, 0.0 ], [ 122.135025025, 0.759872258, 0.0 ], [ 122.133857727, 0.706538379, 0.0 ], [ 122.150497436, 0.704274953, 0.0 ], [ 122.191105039, 0.751161372, 0.0 ], [ 122.289522172, 0.693857193, 0.0 ], [ 122.292840958, 0.745584487, 0.0 ], [ 122.318222622, 0.748242376, 0.0 ], [ 122.293823242, 0.714907944, 0.0 ], [ 122.359147644, 0.705434001, 0.0 ], [ 122.370618821, 0.690416336, 0.0 ], [ 122.358175278, 0.659513473, 0.0 ], [ 122.375577927, 0.621713638, 0.0 ], [ 122.36154747, 0.609144211, 0.0 ], [ 122.381917346, 0.575028979, 0.0 ], [ 122.339395524, 0.584074021, 0.0 ], [ 122.339691162, 0.634063601, 0.0 ], [ 122.316637039, 0.646879197, 0.0 ], [ 122.218887329, 0.625894397, 0.0 ], [ 122.206352234, 0.567535221, 0.0 ], [ 122.226427993, 0.55178978, 0.0 ], [ 122.203630448, 0.541498184, 0.0 ], [ 122.19934845, 0.597842217, 0.0 ], [ 122.130776843, 0.583017134, 0.0 ], [ 122.143569947, 0.623871148, 0.0 ], [ 122.115211325, 0.699904246, 0.0 ], [ 122.106872712, 0.785663295, 0.0 ], [ 122.165229798, 0.778864265, 0.0 ], [ 122.224150447, 0.7934782, 0.0 ] ] ] ] } },
{ "type": "Feature", "properties": { "id": 7010, "pbph": null, "kph": "KPH Wil. V Boalemo", "provinsi": "Gorontalo", "fungsi": "HPT" }, "geometry": { "type": "MultiPolygon", "coordinates": [ [ [ [ 122.087248247, 0.86354955, 0.0 ], [ 122.102992551, 0.85517376, 0.0 ], [ 122.102043334, 0.822979271, 0.0 ], [ 122.084028522, 0.812174255, 0.0 ], [ 122.087248247, 0.86354955, 0.0 ] ] ] ] } },
{ "type": "Feature", "properties": { "id": 7013, "pbph": null, "kph": "KPH Wil. V Boalemo", "provinsi": "Gorontalo", "fungsi": "HPT" }, "geometry": { "type": "MultiPolygon", "coordinates": [ [ [ [ 122.116281641, 0.696001426, 0.0 ], [ 122.09585762, 0.775346756, 0.0 ], [ 122.106872712, 0.785663295, 0.0 ], [ 122.116281641, 0.696001426, 0.0 ] ] ] ] } },
{ "type": "Feature", "properties": { "id": 7015, "pbph": null, "kph": "KPH Wil. V Boalemo", "provinsi": "Gorontalo", "fungsi": "HPT" }, "geometry": { "type": "MultiPolygon", "coordinates": [ [ [ [ 122.579101728, 0.612838819, 0.0 ], [ 122.592216884, 0.594624707, 0.0 ], [ 122.584626007, 0.53537937, 0.0 ], [ 122.563332204, 0.52233379, 0.0 ], [ 122.57583809, 0.575334549, 0.0 ], [ 122.539508958, 0.605051221, 0.0 ], [ 122.579101728, 0.612838819, 0.0 ] ] ] ] } },
{ "type": "Feature", "properties": { "id": 6881, "pbph": null, "kph": "KPH Wil. I dan Wil. II Gorontalo Barat", "provinsi": "Gorontalo", "fungsi": "HPT" }, "geometry": { "type": "MultiPolygon", "coordinates": [ [ [ [ 121.786302711, 0.870513489, 0.0 ], [ 121.800331946, 0.841322109, 0.0 ], [ 121.781415228, 0.82088254, 0.0 ], [ 121.792909101, 0.805184543, 0.0 ], [ 121.756254126, 0.793584342, 0.0 ], [ 121.746838348, 0.745737286, 0.0 ], [ 121.727517264, 0.772756707, 0.0 ], [ 121.666450187, 0.762269517, 0.0 ], [ 121.658745586, 0.778596257, 0.0 ], [ 121.685125541, 0.806215917, 0.0 ], [ 121.668128418, 0.835960882, 0.0 ], [ 121.634311226, 0.83684615, 0.0 ], [ 121.635373547, 0.857738445, 0.0 ], [ 121.734877535, 0.880401276, 0.0 ], [ 121.786302711, 0.870513489, 0.0 ] ] ] ] } },
{ "type": "Feature", "properties": { "id": 6882, "pbph": null, "kph": "KPH Wil. I dan Wil. II Gorontalo Barat", "provinsi": "Gorontalo", "fungsi": "HPT" }, "geometry": { "type": "MultiPolygon", "coordinates": [ [ [ [ 121.330395229, 0.648815479, 0.0 ], [ 121.308624168, 0.6525556, 0.0 ], [ 121.306499913, 0.668956255, 0.0 ], [ 121.330841766, 0.662271535, 0.0 ], [ 121.330395229, 0.648815479, 0.0 ] ] ] ] } },
{ "type": "Feature", "properties": { "id": 6914, "pbph": null, "kph": "KPH Wil. I dan Wil. II Gorontalo Barat", "provinsi": "Gorontalo", "fungsi": "HPT" }, "geometry": { "type": "MultiPolygon", "coordinates": [ [ [ [ 121.705224207, 0.636735258, 0.0 ], [ 121.689918518, 0.611263454, 0.0 ], [ 121.699597758, 0.574641437, 0.0 ], [ 121.675137585, 0.567395431, 0.0 ], [ 121.616906924, 0.62110992, 0.0 ], [ 121.675516644, 0.643968717, 0.0 ], [ 121.705224207, 0.636735258, 0.0 ] ] ] ] } },
{ "type": "Feature", "properties": { "id": 7010, "pbph": null, "kph": "KPH Wil. V Boalemo", "provinsi": "Gorontalo", "fungsi": "HPT" }, "geometry": { "type": "MultiPolygon", "coordinates": [ [ [ [ 122.087248247, 0.86354955, 0.0 ], [ 122.102992551, 0.85517376, 0.0 ], [ 122.102043334, 0.822979271, 0.0 ], [ 122.084028522, 0.812174255, 0.0 ], [ 122.087248247, 0.86354955, 0.0 ] ] ] ] } },
{ "type": "Feature", "properties": { "id": 7013, "pbph": null, "kph": "KPH Wil. V Boalemo", "provinsi": "Gorontalo", "fungsi": "HPT" }, "geometry": { "type": "MultiPolygon", "coordinates": [ [ [ [ 122.116281641, 0.696001426, 0.0 ], [ 122.09585762, 0.775346756, 0.0 ], [ 122.106872712, 0.785663295, 0.0 ], [ 122.116281641, 0.696001426, 0.0 ] ] ] ] } },
{ "type": "Feature", "properties": { "id": 7015, "pbph": null, "kph": "KPH Wil. V Boalemo", "provinsi": "Gorontalo", "fungsi": "HPT" }, "geometry": { "type": "MultiPolygon", "coordinates": [ [ [ [ 122.579101728, 0.612838819, 0.0 ], [ 122.592216884, 0.594624707, 0.0 ], [ 122.584626007, 0.53537937, 0.0 ], [ 122.563332204, 0.52233379, 0.0 ], [ 122.57583809, 0.575334549, 0.0 ], [ 122.539508958, 0.605051221, 0.0 ], [ 122.579101728, 0.612838819, 0.0 ] ] ] ] } },
{ "type": "Feature", "properties": { "id": 7021, "pbph": null, "kph": "KPH Wil. VI Gorontalo", "provinsi": "Gorontalo", "fungsi": "HPT" }, "geometry": { "type": "MultiPolygon", "coordinates": [ [ [ [ 122.337738543, 0.905229485, 0.0 ], [ 122.406064044, 0.886446937, 0.0 ], [ 122.471553927, 0.836286391, 0.0 ], [ 122.51048641, 0.84294043, 0.0 ], [ 122.528679397, 0.819547296, 0.0 ], [ 122.459876535, 0.809035575, 0.0 ], [ 122.426368713, 0.823024809, 0.0 ], [ 122.384353573, 0.807850505, 0.0 ], [ 122.375095088, 0.862709709, 0.0 ], [ 122.311494963, 0.86223525, 0.0 ], [ 122.307987195, 0.894809595, 0.0 ], [ 122.337738543, 0.905229485, 0.0 ] ] ] ] } },
{ "type": "Feature", "properties": { "id": 7166, "pbph": null, "kph": "KPH Unit I Bolaang Mongondow dan Bolaang Mongondow Utara", "provinsi": "Sulawesi Utara", "fungsi": "HP" }, "geometry": { "type": "MultiPolygon", "coordinates": [ [ [ [ 124.113335029, 0.832969658, 0.0 ], [ 124.130230549, 0.797095039, 0.0 ], [ 124.13347713, 0.826199704, 0.0 ], [ 124.208049631, 0.79294526, 0.0 ], [ 124.214364552, 0.774455482, 0.0 ], [ 124.192367088, 0.762369854, 0.0 ], [ 124.228910734, 0.745497108, 0.0 ], [ 124.206746259, 0.731759832, 0.0 ], [ 124.233083772, 0.728629443, 0.0 ], [ 124.219129626, 0.690429907, 0.0 ], [ 124.179363246, 0.784118709, 0.0 ], [ 124.154075623, 0.794796765, 0.0 ], [ 124.116165061, 0.77406324, 0.0 ], [ 124.111244745, 0.797766315, 0.0 ], [ 124.094032057, 0.800260021, 0.0 ], [ 124.113335029, 0.832969658, 0.0 ] ] ] ] } },
{ "type": "Feature", "properties": { "id": 7172, "pbph": null, "kph": "KPH Unit I Bolaang Mongondow dan Bolaang Mongondow Utara", "provinsi": "Sulawesi Utara", "fungsi": "HP" }, "geometry": { "type": "MultiPolygon", "coordinates": [ [ [ [ 124.220158487, 0.687736674, 0.0 ], [ 124.239882488, 0.677516242, 0.0 ], [ 124.226747825, 0.656239325, 0.0 ], [ 124.214043949, 0.664739835, 0.0 ], [ 124.220158487, 0.687736674, 0.0 ] ] ] ] } },
{ "type": "Feature", "properties": { "id": 7186, "pbph": null, "kph": "KPH Unit I Bolaang Mongondow dan Bolaang Mongondow Utara", "provinsi": "Sulawesi Utara", "fungsi": "HL" }, "geometry": { "type": "MultiPolygon", "coordinates": [ [ [ [ 124.175788609, 0.786854715, 0.0 ], [ 124.181144714, 0.746311904, 0.0 ], [ 124.140212027, 0.787445134, 0.0 ], [ 124.175788609, 0.786854715, 0.0 ] ] ] ] } },
{ "type": "Feature", "properties": { "id": 7190, "pbph": null, "kph": "KPH Unit I Bolaang Mongondow dan Bolaang Mongondow Utara", "provinsi": "Sulawesi Utara", "fungsi": "HL" }, "geometry": { "type": "MultiPolygon", "coordinates": [ [ [ [ 124.142504013, 0.767420236, 0.0 ], [ 124.15678025, 0.73781243, 0.0 ], [ 124.143037796, 0.727109909, 0.0 ], [ 124.130159378, 0.756734848, 0.0 ], [ 124.142504013, 0.767420236, 0.0 ] ] ] ] } },
{ "type": "Feature", "properties": { "id": 7192, "pbph": null, "kph": "KPH UNIT II BOLAANG MONGONDOW TIMUR DAN BOLAANG MONGONDOW SELATAN", "provinsi": "Sulawesi Utara", "fungsi": "HL" }, "geometry": { "type": "MultiPolygon", "coordinates": [ [ [ [ 124.389538039, 0.578604778, 0.0 ], [ 124.355951582, 0.58111685, 0.0 ], [ 124.342320077, 0.608694394, 0.0 ], [ 124.324736525, 0.59542841, 0.0 ], [ 124.337466904, 0.61510173, 0.0 ], [ 124.389538039, 0.578604778, 0.0 ] ] ] ] } },
{ "type": "Feature", "properties": { "id": 7212, "pbph": null, "kph": "KPH UNIT V MINAHASA, MINAHASA TENGGARA, MINAHASA SELATAN DAN TOMOHON", "provinsi": "Sulawesi Utara", "fungsi": "HL" }, "geometry": { "type": "MultiPolygon", "coordinates": [ [ [ [ 125.005087856, 1.349323201, 0.0 ], [ 125.020516225, 1.345761462, 0.0 ], [ 125.007670183, 1.323669939, 0.0 ], [ 124.982728958, 1.338464737, 0.0 ], [ 125.005087856, 1.349323201, 0.0 ] ] ] ] } },
{ "type": "Feature", "properties": { "id": 7194, "pbph": null, "kph": "KPH UNIT II BOLAANG MONGONDOW TIMUR DAN BOLAANG MONGONDOW SELATAN", "provinsi": "Sulawesi Utara", "fungsi": "HL" }, "geometry": { "type": "MultiPolygon", "coordinates": [ [ [ [ 124.440617124, 0.562656046, 0.0 ], [ 124.445299472, 0.529894932, 0.0 ], [ 124.377641678, 0.522481918, 0.0 ], [ 124.390069964, 0.55074501, 0.0 ], [ 124.440617124, 0.562656046, 0.0 ] ] ] ] } },
{ "type": "Feature", "properties": { "id": 7350, "pbph": null, "kph": "KPH UNIT VI MANADO, MINAHASA UTARA DAN BITUNG", "provinsi": "Sulawesi Utara", "fungsi": "HL" }, "geometry": { "type": "MultiPolygon", "coordinates": [ [ [ [ 125.102042124, 1.545181744, 0.0 ], [ 125.138457453, 1.515553427, 0.0 ], [ 125.107339858, 1.496255876, 0.0 ], [ 125.099607468, 1.511762619, 0.0 ], [ 125.075338804, 1.511883342, 0.0 ], [ 125.067177137, 1.541385147, 0.0 ], [ 125.078828763, 1.560274832, 0.0 ], [ 125.102042124, 1.545181744, 0.0 ] ] ] ] } },
{ "type": "Feature", "properties": { "id": 7355, "pbph": null, "kph": "KPH UNIT VI MANADO, MINAHASA UTARA DAN BITUNG", "provinsi": "Sulawesi Utara", "fungsi": "HL" }, "geometry": { "type": "MultiPolygon", "coordinates": [ [ [ [ 125.061284003, 1.586306961, 0.0 ], [ 125.078828763, 1.560274832, 0.0 ], [ 125.067177137, 1.541385147, 0.0 ], [ 125.078065873, 1.507143021, 0.0 ], [ 125.045689009, 1.529134325, 0.0 ], [ 125.025438308, 1.511800766, 0.0 ], [ 125.0249015, 1.542789858, 0.0 ], [ 125.059672525, 1.561415429, 0.0 ], [ 125.061284003, 1.586306961, 0.0 ] ] ] ] } },
{ "type": "Feature", "properties": { "id": 7362, "pbph": null, "kph": "KPH UNIT VI MANADO, MINAHASA UTARA DAN BITUNG", "provinsi": "Sulawesi Utara", "fungsi": "HL" }, "geometry": { "type": "MultiPolygon", "coordinates": [ [ [ [ 124.959550323, 1.62491616, 0.0 ], [ 124.974162948, 1.622339719, 0.0 ], [ 124.962720239, 1.609129028, 0.0 ], [ 124.97272636, 1.591794345, 0.0 ], [ 124.949447429, 1.563758821, 0.0 ], [ 124.957906723, 1.579664231, 0.0 ], [ 124.94092676, 1.587272921, 0.0 ], [ 124.962850669, 1.616266187, 0.0 ], [ 124.930194098, 1.630691499, 0.0 ], [ 124.946100493, 1.641406799, 0.0 ], [ 124.959550323, 1.62491616, 0.0 ] ] ] ] } },
{ "type": "Feature", "properties": { "id": 7366, "pbph": null, "kph": "KPH UNIT II BOLAANG MONGONDOW TIMUR DAN BOLAANG MONGONDOW SELATAN", "provinsi": "Sulawesi Utara", "fungsi": "HL" }, "geometry": { "type": "MultiPolygon", "coordinates": [ [ [ [ 124.599311801, 0.883587792, 0.0 ], [ 124.567984979, 0.851254757, 0.0 ], [ 124.60059559, 0.864029441, 0.0 ], [ 124.596277238, 0.845582962, 0.0 ], [ 124.619295121, 0.826047897, 0.0 ], [ 124.552732468, 0.816770554, 0.0 ], [ 124.566255569, 0.768831253, 0.0 ], [ 124.53248787, 0.759004593, 0.0 ], [ 124.517080307, 0.802389145, 0.0 ], [ 124.493116379, 0.803144455, 0.0 ], [ 124.497321393, 0.820293215, 0.0 ], [ 124.550834068, 0.854497875, 0.0 ], [ 124.566231391, 0.894681429, 0.0 ], [ 124.599311801, 0.883587792, 0.0 ] ] ] ] } },
{ "type": "Feature", "properties": { "id": 7385, "pbph": null, "kph": "KPH UNIT II BOLAANG MONGONDOW TIMUR DAN BOLAANG MONGONDOW SELATAN", "provinsi": "Sulawesi Utara", "fungsi": "HPT" }, "geometry": { "type": "MultiPolygon", "coordinates": [ [ [ [ 124.476327568, 0.52939897, 0.0 ], [ 124.460380464, 0.517346049, 0.0 ], [ 124.445299613, 0.529894835, 0.0 ], [ 124.469193296, 0.540154294, 0.0 ], [ 124.476327568, 0.52939897, 0.0 ] ] ] ] } },
{ "type": "Feature", "properties": { "id": 7375, "pbph": null, "kph": "KPH UNIT V MINAHASA, MINAHASA TENGGARA, MINAHASA SELATAN DAN TOMOHON", "provinsi": "Sulawesi Utara", "fungsi": "HL" }, "geometry": { "type": "MultiPolygon", "coordinates": [ [ [ [ 124.853798249, 1.089998048, 0.0 ], [ 124.80306101, 1.114959783, 0.0 ], [ 124.837425198, 1.120988685, 0.0 ], [ 124.853798249, 1.089998048, 0.0 ] ] ] ] } },
{ "type": "Feature", "properties": { "id": 7377, "pbph": null, "kph": "KPH UNIT VI MANADO, MINAHASA UTARA DAN BITUNG", "provinsi": "Sulawesi Utara", "fungsi": "HL" }, "geometry": { "type": "MultiPolygon", "coordinates": [ [ [ [ 124.969280394, 1.688859055, 0.0 ], [ 124.963648019, 1.662584293, 0.0 ], [ 124.950161623, 1.682605467, 0.0 ], [ 124.965376539, 1.672431753, 0.0 ], [ 124.969280394, 1.688859055, 0.0 ] ] ] ] } },
{ "type": "Feature", "properties": { "id": 7174, "pbph": null, "kph": "KPH UNIT II BOLAANG MONGONDOW TIMUR DAN BOLAANG MONGONDOW SELATAN", "provinsi": "Sulawesi Utara", "fungsi": "HP" }, "geometry": { "type": "MultiPolygon", "coordinates": [ [ [ [ 124.232056456, 0.483270034, 0.0 ], [ 124.236134924, 0.44794987, 0.0 ], [ 124.189599067, 0.426307055, 0.0 ], [ 124.207763671, 0.453296572, 0.0 ], [ 124.211569421, 0.503224969, 0.0 ], [ 124.250893787, 0.520523451, 0.0 ], [ 124.232056456, 0.483270034, 0.0 ] ] ] ] } },
{ "type": "Feature", "properties": { "id": 7175, "pbph": null, "kph": "KPH UNIT II BOLAANG MONGONDOW TIMUR DAN BOLAANG MONGONDOW SELATAN", "provinsi": "Sulawesi Utara", "fungsi": "HP" }, "geometry": { "type": "MultiPolygon", "coordinates": [ [ [ [ 124.466855087, 0.494798698, 0.0 ], [ 124.443374634, 0.488380998, 0.0 ], [ 124.42559243, 0.509801855, 0.0 ], [ 124.460380464, 0.517346049, 0.0 ], [ 124.466855087, 0.494798698, 0.0 ] ] ] ] } },
{ "type": "Feature", "properties": { "id": 7177, "pbph": null, "kph": "KPH UNIT V MINAHASA, MINAHASA TENGGARA, MINAHASA SELATAN DAN TOMOHON", "provinsi": "Sulawesi Utara", "fungsi": "HP" }, "geometry": { "type": "MultiPolygon", "coordinates": [ [ [ [ 124.573655648, 1.097204354, 0.0 ], [ 124.550315584, 1.08782804, 0.0 ], [ 124.566502689, 1.044629986, 0.0 ], [ 124.542115268, 1.006887605, 0.0 ], [ 124.52688885, 0.923763041, 0.0 ], [ 124.505218507, 0.924991225, 0.0 ], [ 124.544166565, 1.133318305, 0.0 ], [ 124.573655648, 1.097204354, 0.0 ] ] ] ] } },
{ "type": "Feature", "properties": { "id": 7180, "pbph": null, "kph": "KPH Model Unit IV Poigar", "provinsi": "Sulawesi Utara", "fungsi": "HP" }, "geometry": { "type": "MultiPolygon", "coordinates": [ [ [ [ 124.361399292, 0.962635574, 0.0 ], [ 124.376389713, 0.952514585, 0.0 ], [ 124.357538223, 0.935441971, 0.0 ], [ 124.308873385, 0.93824604, 0.0 ], [ 124.285028459, 0.914190292, 0.0 ], [ 124.210289955, 0.896504104, 0.0 ], [ 124.181642533, 0.913682939, 0.0 ], [ 124.143442155, 0.875329971, 0.0 ], [ 124.090070724, 0.919763565, 0.0 ], [ 124.133180618, 0.901208878, 0.0 ], [ 124.137727737, 0.919355392, 0.0 ], [ 124.167612076, 0.91661644, 0.0 ], [ 124.158834457, 0.926610947, 0.0 ], [ 124.17588234, 0.936513901, 0.0 ], [ 124.189012528, 0.920984268, 0.0 ], [ 124.190206528, 0.935602188, 0.0 ], [ 124.193624497, 0.910669327, 0.0 ], [ 124.19956398, 0.92076683, 0.0 ], [ 124.215108871, 0.905832291, 0.0 ], [ 124.222208023, 0.931955338, 0.0 ], [ 124.228868484, 0.901906967, 0.0 ], [ 124.23843956, 0.939638138, 0.0 ], [ 124.287214279, 0.941331863, 0.0 ], [ 124.309156419, 0.964448929, 0.0 ], [ 124.30825615, 0.950101852, 0.0 ], [ 124.330236436, 0.94508934, 0.0 ], [ 124.342157364, 0.97961998, 0.0 ], [ 124.338022233, 0.946050644, 0.0 ], [ 124.36084938, 0.939538956, 0.0 ], [ 124.361399292, 0.962635574, 0.0 ] ] ] ] } },
{ "type": "Feature", "properties": { "id": 7197, "pbph": null, "kph": "KPH UNIT II BOLAANG MONGONDOW TIMUR DAN BOLAANG MONGONDOW SELATAN", "provinsi": "Sulawesi Utara", "fungsi": "HL" }, "geometry": { "type": "MultiPolygon", "coordinates": [ [ [ [ 124.250893787, 0.520523451, 0.0 ], [ 124.197585382, 0.49313147, 0.0 ], [ 124.061307856, 0.460971617, 0.0 ], [ 124.093547504, 0.499925555, 0.0 ], [ 124.185391086, 0.50392641, 0.0 ], [ 124.26133728, 0.537524283, 0.0 ], [ 124.250893787, 0.520523451, 0.0 ] ] ] ] } },
{ "type": "Feature", "properties": { "id": 7201, "pbph": null, "kph": "KPH UNIT II BOLAANG MONGONDOW TIMUR DAN BOLAANG MONGONDOW SELATAN", "provinsi": "Sulawesi Utara", "fungsi": "HL" }, "geometry": { "type": "MultiPolygon", "coordinates": [ [ [ [ 124.39608987, 0.577529927, 0.0 ], [ 124.337558453, 0.614618185, 0.0 ], [ 124.361917495, 0.641744614, 0.0 ], [ 124.342687153, 0.649519497, 0.0 ], [ 124.379527779, 0.65788889, 0.0 ], [ 124.373735521, 0.670154733, 0.0 ], [ 124.456224207, 0.61539445, 0.0 ], [ 124.439653161, 0.587772226, 0.0 ], [ 124.39608987, 0.577529927, 0.0 ] ] ] ] } },
{ "type": "Feature", "properties": { "id": 7203, "pbph": null, "kph": "KPH UNIT II BOLAANG MONGONDOW TIMUR DAN BOLAANG MONGONDOW SELATAN", "provinsi": "Sulawesi Utara", "fungsi": "HL" }, "geometry": { "type": "MultiPolygon", "coordinates": [ [ [ [ 124.446594791, 0.559763889, 0.0 ], [ 124.465185974, 0.559658713, 0.0 ], [ 124.469187475, 0.540148474, 0.0 ], [ 124.435600599, 0.534413728, 0.0 ], [ 124.446594791, 0.559763889, 0.0 ] ] ] ] } },
{ "type": "Feature", "properties": { "id": 7205, "pbph": null, "kph": "KPH UNIT V MINAHASA, MINAHASA TENGGARA, MINAHASA SELATAN DAN TOMOHON", "provinsi": "Sulawesi Utara", "fungsi": "HL" }, "geometry": { "type": "MultiPolygon", "coordinates": [ [ [ [ 124.786485875, 1.110363578, 0.0 ], [ 124.769945234, 1.096486807, 0.0 ], [ 124.736716128, 1.115095931, 0.0 ], [ 124.744155733, 1.143366546, 0.0 ], [ 124.730749541, 1.174038863, 0.0 ], [ 124.76685261, 1.166398693, 0.0 ], [ 124.76979975, 1.109109827, 0.0 ], [ 124.786485875, 1.110363578, 0.0 ] ] ] ] } },
{ "type": "Feature", "properties": { "id": 7208, "pbph": null, "kph": "KPH UNIT V MINAHASA, MINAHASA TENGGARA, MINAHASA SELATAN DAN TOMOHON", "provinsi": "Sulawesi Utara", "fungsi": "HL" }, "geometry": { "type": "MultiPolygon", "coordinates": [ [ [ [ 124.995057086, 1.32966592, 0.0 ], [ 124.984348156, 1.307543085, 0.0 ], [ 125.000140788, 1.303671759, 0.0 ], [ 124.963604806, 1.245520733, 0.0 ], [ 124.952405931, 1.26263237, 0.0 ], [ 124.970788716, 1.286679893, 0.0 ], [ 124.965444564, 1.320627212, 0.0 ], [ 124.983195309, 1.337314509, 0.0 ], [ 124.995057086, 1.32966592, 0.0 ] ] ] ] } },
{ "type": "Feature", "properties": { "id": 7363, "pbph": null, "kph": "KPH UNIT VI MANADO, MINAHASA UTARA DAN BITUNG", "provinsi": "Sulawesi Utara", "fungsi": "HL" }, "geometry": { "type": "MultiPolygon", "coordinates": [ [ [ [ 124.979720715, 1.548696328, 0.0 ], [ 124.966362866, 1.55223258, 0.0 ], [ 124.979072871, 1.569794845, 0.0 ], [ 124.979720715, 1.548696328, 0.0 ] ] ] ] } },
{ "type": "Feature", "properties": { "id": 7371, "pbph": null, "kph": "KPH UNIT II BOLAANG MONGONDOW TIMUR DAN BOLAANG MONGONDOW SELATAN", "provinsi": "Sulawesi Utara", "fungsi": "HL" }, "geometry": { "type": "MultiPolygon", "coordinates": [ [ [ [ 124.445380233, 0.741953041, 0.0 ], [ 124.454948947, 0.72940723, 0.0 ], [ 124.423378198, 0.724975014, 0.0 ], [ 124.451965332, 0.731617689, 0.0 ], [ 124.445380233, 0.741953041, 0.0 ] ] ] ] } },
{ "type": "Feature", "properties": { "id": 7372, "pbph": null, "kph": "KPH Model Unit IV Poigar", "provinsi": "Sulawesi Utara", "fungsi": "HL" }, "geometry": { "type": "MultiPolygon", "coordinates": [ [ [ [ 124.219358882, 0.856934522, 0.0 ], [ 124.194780349, 0.842248917, 0.0 ], [ 124.169134141, 0.859434128, 0.0 ], [ 124.202966217, 0.877664079, 0.0 ], [ 124.219358882, 0.856934522, 0.0 ] ] ] ] } },
{ "type": "Feature", "properties": { "id": 7373, "pbph": null, "kph": "KPH Model Unit IV Poigar", "provinsi": "Sulawesi Utara", "fungsi": "HL" }, "geometry": { "type": "MultiPolygon", "coordinates": [ [ [ [ 124.29748342, 0.841039599, 0.0 ], [ 124.272146225, 0.802511216, 0.0 ], [ 124.266416549, 0.814558029, 0.0 ], [ 124.264982223, 0.802793503, 0.0 ], [ 124.246397019, 0.808382034, 0.0 ], [ 124.257745742, 0.841928482, 0.0 ], [ 124.29748342, 0.841039599, 0.0 ] ] ] ] } },
{ "type": "Feature", "properties": { "id": 7382, "pbph": null, "kph": "KPH UNIT II BOLAANG MONGONDOW TIMUR DAN BOLAANG MONGONDOW SELATAN", "provinsi": "Sulawesi Utara", "fungsi": "HPT" }, "geometry": { "type": "MultiPolygon", "coordinates": [ [ [ [ 124.343933734, 0.646163442, 0.0 ], [ 124.361063005, 0.638132095, 0.0 ], [ 124.337337307, 0.618824718, 0.0 ], [ 124.343933734, 0.646163442, 0.0 ] ] ] ] } },
{ "type": "Feature", "properties": { "id": 7374, "pbph": null, "kph": "KPH UNIT V MINAHASA, MINAHASA TENGGARA, MINAHASA SELATAN DAN TOMOHON", "provinsi": "Sulawesi Utara", "fungsi": "HL" }, "geometry": { "type": "MultiPolygon", "coordinates": [ [ [ [ 124.854894953, 1.088081911, 0.0 ], [ 124.835261728, 1.122600292, 0.0 ], [ 124.803972081, 1.115429305, 0.0 ], [ 124.840899561, 1.13003096, 0.0 ], [ 124.854894953, 1.088081911, 0.0 ] ] ] ] } },
{ "type": "Feature", "properties": { "id": 7386, "pbph": null, "kph": "KPH UNIT V MINAHASA, MINAHASA TENGGARA, MINAHASA SELATAN DAN TOMOHON", "provinsi": "Sulawesi Utara", "fungsi": "HPT" }, "geometry": { "type": "MultiPolygon", "coordinates": [ [ [ [ 124.719016346, 1.322797419, 0.0 ], [ 124.706232259, 1.329076515, 0.0 ], [ 124.727856758, 1.330610317, 0.0 ], [ 124.719016346, 1.322797419, 0.0 ] ] ] ] } },
{ "type": "Feature", "properties": { "id": 7388, "pbph": null, "kph": "KPH UNIT V MINAHASA, MINAHASA TENGGARA, MINAHASA SELATAN DAN TOMOHON", "provinsi": "Sulawesi Utara", "fungsi": "HPT" }, "geometry": { "type": "MultiPolygon", "coordinates": [ [ [ [ 124.789064173, 1.396323793, 0.0 ], [ 124.779003797, 1.394039522, 0.0 ], [ 124.786389865, 1.40897175, 0.0 ], [ 124.789064173, 1.396323793, 0.0 ] ] ] ] } },
{ "type": "Feature", "properties": { "id": 7402, "pbph": null, "kph": "KPH UNIT II BOLAANG MONGONDOW TIMUR DAN BOLAANG MONGONDOW SELATAN", "provinsi": "Sulawesi Utara", "fungsi": "HPT" }, "geometry": { "type": "MultiPolygon", "coordinates": [ [ [ [ 124.66607817, 0.869822992, 0.0 ], [ 124.614952978, 0.805806412, 0.0 ], [ 124.549383164, 0.804941178, 0.0 ], [ 124.554712297, 0.817762375, 0.0 ], [ 124.619295121, 0.826047897, 0.0 ], [ 124.595766068, 0.846979141, 0.0 ], [ 124.619333268, 0.883646011, 0.0 ], [ 124.566231391, 0.894681429, 0.0 ], [ 124.599896946, 0.943032595, 0.0 ], [ 124.650941204, 0.956322456, 0.0 ], [ 124.63465239, 0.891145953, 0.0 ], [ 124.66607817, 0.869822992, 0.0 ] ] ] ] } },
{ "type": "Feature", "properties": { "id": 7378, "pbph": null, "kph": "KPH UNIT VI MANADO, MINAHASA UTARA DAN BITUNG", "provinsi": "Sulawesi Utara", "fungsi": "HL" }, "geometry": { "type": "MultiPolygon", "coordinates": [ [ [ [ 124.971500536, 1.702517563, 0.0 ], [ 124.963515306, 1.68727606, 0.0 ], [ 124.957271223, 1.698860822, 0.0 ], [ 124.971500536, 1.702517563, 0.0 ] ] ] ] } },
{ "type": "Feature", "properties": { "id": 7381, "pbph": null, "kph": "KPH UNIT II BOLAANG MONGONDOW TIMUR DAN BOLAANG MONGONDOW SELATAN", "provinsi": "Sulawesi Utara", "fungsi": "HPT" }, "geometry": { "type": "MultiPolygon", "coordinates": [ [ [ [ 124.465186243, 0.559659204, 0.0 ], [ 124.39608987, 0.577529927, 0.0 ], [ 124.439653161, 0.587772226, 0.0 ], [ 124.456224207, 0.61539445, 0.0 ], [ 124.373735521, 0.670154733, 0.0 ], [ 124.377617621, 0.681542694, 0.0 ], [ 124.405394623, 0.689587897, 0.0 ], [ 124.48349762, 0.61577189, 0.0 ], [ 124.489341736, 0.582953156, 0.0 ], [ 124.465186243, 0.559659204, 0.0 ] ] ] ] } },
{ "type": "Feature", "properties": { "id": 7398, "pbph": null, "kph": "KPH UNIT V MINAHASA, MINAHASA TENGGARA, MINAHASA SELATAN DAN TOMOHON", "provinsi": "Sulawesi Utara", "fungsi": "HPT" }, "geometry": { "type": "MultiPolygon", "coordinates": [ [ [ [ 124.574374004, 0.953177705, 0.0 ], [ 124.558631897, 0.961670399, 0.0 ], [ 124.530939917, 0.940886803, 0.0 ], [ 124.543814724, 0.99937233, 0.0 ], [ 124.579222482, 1.005892941, 0.0 ], [ 124.574374004, 0.953177705, 0.0 ] ] ] ] } },
{ "type": "Feature", "properties": { "id": 7987, "pbph": null, "kph": "KPH Tepo Asa Aroa", "provinsi": "Sulawesi Tengah", "fungsi": "HL" }, "geometry": { "type": "MultiPolygon", "coordinates": [ [ [ [ 121.137581058, -2.116542816, 0.0 ], [ 121.119867326, -2.142133713, 0.0 ], [ 121.09882164, -2.142501831, 0.0 ], [ 121.10492897, -2.117620468, 0.0 ], [ 121.083717346, -2.091809033, 0.0 ], [ 121.105535507, -2.093212128, 0.0 ], [ 121.116746902, -2.121675491, 0.0 ], [ 121.137581058, -2.116542816, 0.0 ] ] ] ] } },
{ "type": "Feature", "properties": { "id": 7460, "pbph": null, "kph": "KPH UNIT VI MANADO, MINAHASA UTARA DAN BITUNG", "provinsi": "Sulawesi Utara", "fungsi": "HL" }, "geometry": { "type": "MultiPolygon", "coordinates": [ [ [ [ 125.08488581, 1.585963435, 0.0 ], [ 125.077521857, 1.559844125, 0.0 ], [ 125.061284003, 1.586306961, 0.0 ], [ 125.08488581, 1.585963435, 0.0 ] ] ] ] } },
{ "type": "Feature", "properties": { "id": 7476, "pbph": null, "kph": "KPH Pogogul", "provinsi": "Gorontalo", "fungsi": "HPT" }, "geometry": { "type": "MultiPolygon", "coordinates": [ [ [ [ 122.025145191, 0.952487878, 0.0 ], [ 122.028821945, 0.942209244, 0.0 ], [ 122.037647298, 0.952488912, 0.0 ], [ 122.034698683, 0.930498578, 0.0 ], [ 121.986393075, 0.910246433, 0.0 ], [ 121.994201661, 0.938778698, 0.0 ], [ 122.025145191, 0.952487878, 0.0 ] ] ] ] } },
{ "type": "Feature", "properties": { "id": 7488, "pbph": null, "kph": "KPH Kulawi", "provinsi": "Sulawesi Tengah", "fungsi": "HL" }, "geometry": { "type": "MultiPolygon", "coordinates": [ [ [ [ 120.171611783, -1.965385499, 0.0 ], [ 120.110397365, -1.992074873, 0.0 ], [ 120.089074725, -1.928689141, 0.0 ], [ 120.140342152, -1.901950518, 0.0 ], [ 120.135213557, -1.884339206, 0.0 ], [ 120.13572693, -1.921532272, 0.0 ], [ 120.171611783, -1.965385499, 0.0 ] ] ] ] } },
{ "type": "Feature", "properties": { "id": 7489, "pbph": null, "kph": "KPH Kulawi", "provinsi": "Sulawesi Tengah", "fungsi": "HL" }, "geometry": { "type": "MultiPolygon", "coordinates": [ [ [ [ 119.854743711, -1.611303793, 0.0 ], [ 119.870117188, -1.625892282, 0.0 ], [ 119.881770756, -1.600553898, 0.0 ], [ 119.896618592, -1.603004742, 0.0 ], [ 119.918747579, -1.623634669, 0.0 ], [ 119.908730048, -1.653996592, 0.0 ], [ 119.935092013, -1.67434204, 0.0 ], [ 119.861885987, -1.651624403, 0.0 ], [ 119.854707718, -1.662363052, 0.0 ], [ 119.879892349, -1.672607422, 0.0 ], [ 119.844376765, -1.698215912, 0.0 ], [ 119.831717728, -1.675020955, 0.0 ], [ 119.845588639, -1.638895398, 0.0 ], [ 119.796629858, -1.638058481, 0.0 ], [ 119.805826708, -1.628580429, 0.0 ], [ 119.793201522, -1.634457122, 0.0 ], [ 119.767591476, -1.591720581, 0.0 ], [ 119.755983789, -1.657156118, 0.0 ], [ 119.728932228, -1.639898406, 0.0 ], [ 119.736858135, -1.610148342, 0.0 ], [ 119.689680308, -1.559187987, 0.0 ], [ 119.720116708, -1.525833605, 0.0 ], [ 119.799674988, -1.596973181, 0.0 ], [ 119.834167481, -1.589257001, 0.0 ], [ 119.833259584, -1.613655686, 0.0 ], [ 119.854743711, -1.611303793, 0.0 ] ], [ [ 119.798464651, -1.613830427, 0.0 ], [ 119.792845469, -1.603683203, 0.0 ], [ 119.788643675, -1.620508335, 0.0 ], [ 119.798464651, -1.613830427, 0.0 ] ] ], [ [ [ 120.097200537, -1.825193915, 0.0 ], [ 120.140541, -1.901667423, 0.0 ], [ 120.090524254, -1.926328293, 0.0 ], [ 120.094516956, -1.967456633, 0.0 ], [ 120.074207675, -1.947752027, 0.0 ], [ 120.044301967, -1.971942984, 0.0 ], [ 120.020871011, -1.966976338, 0.0 ], [ 120.029310226, -1.921920776, 0.0 ], [ 120.104383469, -1.905151367, 0.0 ], [ 120.095392227, -1.881383896, 0.0 ], [ 120.052248001, -1.894678116, 0.0 ], [ 120.031175613, -1.882549286, 0.0 ], [ 120.017068863, -1.920173645, 0.0 ], [ 120.00607872, -1.913143158, 0.0 ], [ 120.010122181, -1.859879594, 0.0 ], [ 120.068333333, -1.865, 0.0 ], [ 120.038888889, -1.799305556, 0.0 ], [ 120.070624325, -1.756418791, 0.0 ], [ 120.097200537, -1.825193915, 0.0 ] ] ] ] } },
{ "type": "Feature", "properties": { "id": 7491, "pbph": null, "kph": "KPH Kulawi", "provinsi": "Sulawesi Tengah", "fungsi": "HP" }, "geometry": { "type": "MultiPolygon", "coordinates": [ [ [ [ 119.708051557, -1.418408133, 0.0 ], [ 119.751472475, -1.496675014, 0.0 ], [ 119.742733445, -1.506325902, 0.0 ], [ 119.730445866, -1.490530668, 0.0 ], [ 119.739153649, -1.506821005, 0.0 ], [ 119.697349234, -1.56441571, 0.0 ], [ 119.666654725, -1.525768101, 0.0 ], [ 119.700452109, -1.458651582, 0.0 ], [ 119.683417654, -1.440926163, 0.0 ], [ 119.708051557, -1.418408133, 0.0 ] ] ] ] } },
{ "type": "Feature", "properties": { "id": 7528, "pbph": null, "kph": "KPH Toili Baturube", "provinsi": "Sulawesi Tengah", "fungsi": "HL" }, "geometry": { "type": "MultiPolygon", "coordinates": [ [ [ [ 122.284993821, -1.548048344, 0.0 ], [ 122.219470614, -1.601631966, 0.0 ], [ 122.169496519, -1.602434029, 0.0 ], [ 122.215415955, -1.598076939, 0.0 ], [ 122.284993821, -1.548048344, 0.0 ] ] ] ] } },
{ "type": "Feature", "properties": { "id": 7541, "pbph": null, "kph": "KPH Tepo Asa Aroa", "provinsi": "Sulawesi Tengah", "fungsi": "HL" }, "geometry": { "type": "MultiPolygon", "coordinates": [ [ [ [ 121.421293631, -1.952230466, 0.0 ], [ 121.420129061, -1.993393546, 0.0 ], [ 121.386159129, -1.996252055, 0.0 ], [ 121.390983167, -1.914295984, 0.0 ], [ 121.409671811, -1.906415823, 0.0 ], [ 121.421293631, -1.952230466, 0.0 ] ] ] ] } },
{ "type": "Feature", "properties": { "id": 7542, "pbph": null, "kph": "KPH Tepo Asa Aroa", "provinsi": "Sulawesi Tengah", "fungsi": "HL" }, "geometry": { "type": "MultiPolygon", "coordinates": [ [ [ [ 121.297178962, -1.807324726, 0.0 ], [ 121.284151503, -1.853733761, 0.0 ], [ 121.291256602, -1.781583914, 0.0 ], [ 121.297178962, -1.807324726, 0.0 ] ] ] ] } },
{ "type": "Feature", "properties": { "id": 7545, "pbph": null, "kph": "KPH Pulau Peling", "provinsi": "Sulawesi Tengah", "fungsi": "HL" }, "geometry": { "type": "MultiPolygon", "coordinates": [ [ [ [ 123.091714682, -1.871175608, 0.0 ], [ 123.080986223, -1.849002153, 0.0 ], [ 123.089897156, -1.81382215, 0.0 ], [ 123.114044189, -1.852701426, 0.0 ], [ 123.091714682, -1.871175608, 0.0 ] ] ] ] } },
{ "type": "Feature", "properties": { "id": 7574, "pbph": null, "kph": "KPH Pulau Peling", "provinsi": "Sulawesi Tengah", "fungsi": "HPT" }, "geometry": { "type": "MultiPolygon", "coordinates": [ [ [ [ 123.29758618, -1.764891733, 0.0 ], [ 123.332117113, -1.722678543, 0.0 ], [ 123.31903575, -1.761082947, 0.0 ], [ 123.29758618, -1.764891733, 0.0 ] ] ] ] } },
{ "type": "Feature", "properties": { "id": 7575, "pbph": null, "kph": "KPH Pulau Peling", "provinsi": "Sulawesi Tengah", "fungsi": "HPT" }, "geometry": { "type": "MultiPolygon", "coordinates": [ [ [ [ 123.363190645, -1.716887635, 0.0 ], [ 123.360811861, -1.729576789, 0.0 ], [ 123.340494615, -1.719662384, 0.0 ], [ 123.363190645, -1.716887635, 0.0 ] ] ] ] } },
{ "type": "Feature", "properties": { "id": 7588, "pbph": null, "kph": "KPH Toili Baturube", "provinsi": "Sulawesi Tengah", "fungsi": "HPT" }, "geometry": { "type": "MultiPolygon", "coordinates": [ [ [ [ 122.149737734, -1.426295957, 0.0 ], [ 122.043845606, -1.512876204, 0.0 ], [ 122.052762156, -1.487253728, 0.0 ], [ 122.122709437, -1.425061565, 0.0 ], [ 122.149737734, -1.426295957, 0.0 ] ] ] ] } },
{ "type": "Feature", "properties": { "id": 7576, "pbph": null, "kph": "KPH Pulau Peling", "provinsi": "Sulawesi Tengah", "fungsi": "HPT" }, "geometry": { "type": "MultiPolygon", "coordinates": [ [ [ [ 123.523007682, -1.526235433, 0.0 ], [ 123.530587833, -1.538292154, 0.0 ], [ 123.505554199, -1.574949145, 0.0 ], [ 123.494590759, -1.551801682, 0.0 ], [ 123.523007682, -1.526235433, 0.0 ] ] ] ] } },
{ "type": "Feature", "properties": { "id": 7581, "pbph": null, "kph": "KPH Pulau Peling", "provinsi": "Sulawesi Tengah", "fungsi": "HPT" }, "geometry": { "type": "MultiPolygon", "coordinates": [ [ [ [ 123.234008789, -1.501979231, 0.0 ], [ 123.236671958, -1.521856307, 0.0 ], [ 123.224508842, -1.5073359, 0.0 ], [ 123.234008789, -1.501979231, 0.0 ] ] ] ] } },
{ "type": "Feature", "properties": { "id": 7589, "pbph": null, "kph": "KPH Pulau Peling", "provinsi": "Sulawesi Tengah", "fungsi": "HPT" }, "geometry": { "type": "MultiPolygon", "coordinates": [ [ [ [ 123.796132447, -1.924342268, 0.0 ], [ 123.807441711, -1.968296288, 0.0 ], [ 123.830596924, -1.976460456, 0.0 ], [ 123.835975648, -1.961952925, 0.0 ], [ 123.819465638, -1.997075199, 0.0 ], [ 123.799326101, -1.960789433, 0.0 ], [ 123.786076081, -1.96348428, 0.0 ], [ 123.780255752, -1.922272641, 0.0 ], [ 123.796132447, -1.924342268, 0.0 ] ] ] ] } },
{ "type": "Feature", "properties": { "id": 7590, "pbph": null, "kph": "KPH Pulau Peling", "provinsi": "Sulawesi Tengah", "fungsi": "HPK" }, "geometry": { "type": "MultiPolygon", "coordinates": [ [ [ [ 123.082057741, -1.852041408, 0.0 ], [ 123.090843201, -1.872241615, 0.0 ], [ 123.066230038, -1.915094629, 0.0 ], [ 123.082057741, -1.852041408, 0.0 ] ] ] ] } },
{ "type": "Feature", "properties": { "id": 7591, "pbph": null, "kph": "KPH Pulau Peling", "provinsi": "Sulawesi Tengah", "fungsi": "HPK" }, "geometry": { "type": "MultiPolygon", "coordinates": [ [ [ [ 123.332117113, -1.722678543, 0.0 ], [ 123.295645765, -1.763877275, 0.0 ], [ 123.307455476, -1.726345887, 0.0 ], [ 123.33654938, -1.709840949, 0.0 ], [ 123.332117113, -1.722678543, 0.0 ] ] ] ] } },
{ "type": "Feature", "properties": { "id": 7592, "pbph": null, "kph": "KPH Toili Baturube", "provinsi": "Sulawesi Tengah", "fungsi": "HPK" }, "geometry": { "type": "MultiPolygon", "coordinates": [ [ [ [ 121.840374062, -1.634271039, 0.0 ], [ 121.828072436, -1.614602312, 0.0 ], [ 121.854014039, -1.596866753, 0.0 ], [ 121.840374062, -1.634271039, 0.0 ] ] ] ] } },
{ "type": "Feature", "properties": { "id": 7603, "pbph": null, "kph": "KPH Sintuwu Maroso", "provinsi": "Sulawesi Tengah", "fungsi": "HL" }, "geometry": { "type": "MultiPolygon", "coordinates": [ [ [ [ 120.303398415, -1.196802811, 0.0 ], [ 120.289332766, -1.203727829, 0.0 ], [ 120.289350707, -1.192012526, 0.0 ], [ 120.303398415, -1.196802811, 0.0 ] ] ] ] } },
{ "type": "Feature", "properties": { "id": 7613, "pbph": null, "kph": "KPH Dolago Tanggunung", "provinsi": "Sulawesi Tengah", "fungsi": "HPT" }, "geometry": { "type": "MultiPolygon", "coordinates": [ [ [ [ 120.565254601, -1.118361335, 0.0 ], [ 120.53052949, -1.132306466, 0.0 ], [ 120.541612045, -1.109019563, 0.0 ], [ 120.531579258, -1.081156956, 0.0 ], [ 120.565254601, -1.118361335, 0.0 ] ] ] ] } },
{ "type": "Feature", "properties": { "id": 7392, "pbph": null, "kph": "KPH UNIT V MINAHASA, MINAHASA TENGGARA, MINAHASA SELATAN DAN TOMOHON", "provinsi": "Sulawesi Utara", "fungsi": "HPT" }, "geometry": { "type": "MultiPolygon", "coordinates": [ [ [ [ 124.778145439, 1.381807976, 0.0 ], [ 124.754673808, 1.347199238, 0.0 ], [ 124.740071056, 1.37888533, 0.0 ], [ 124.75598965, 1.382292719, 0.0 ], [ 124.759853894, 1.368344318, 0.0 ], [ 124.778145439, 1.381807976, 0.0 ] ] ] ] } },
{ "type": "Feature", "properties": { "id": 7399, "pbph": null, "kph": "KPH UNIT V MINAHASA, MINAHASA TENGGARA, MINAHASA SELATAN DAN TOMOHON", "provinsi": "Sulawesi Utara", "fungsi": "HPT" }, "geometry": { "type": "MultiPolygon", "coordinates": [ [ [ [ 124.566231391, 0.894681429, 0.0 ], [ 124.539758683, 0.902784348, 0.0 ], [ 124.505745656, 0.871824003, 0.0 ], [ 124.490793228, 0.923238754, 0.0 ], [ 124.532732557, 0.911044444, 0.0 ], [ 124.539281388, 0.927806378, 0.0 ], [ 124.595459974, 0.937151211, 0.0 ], [ 124.566231391, 0.894681429, 0.0 ] ] ] ] } },
{ "type": "Feature", "properties": { "id": 7409, "pbph": null, "kph": "KPH UNIT II BOLAANG MONGONDOW TIMUR DAN BOLAANG MONGONDOW SELATAN", "provinsi": "Sulawesi Utara", "fungsi": "HPT" }, "geometry": { "type": "MultiPolygon", "coordinates": [ [ [ [ 124.518862722, 0.791435854, 0.0 ], [ 124.53248787, 0.759004593, 0.0 ], [ 124.573623657, 0.764249921, 0.0 ], [ 124.543137376, 0.703714534, 0.0 ], [ 124.47991702, 0.69092027, 0.0 ], [ 124.442916382, 0.7271209, 0.0 ], [ 124.480575347, 0.722218698, 0.0 ], [ 124.488101431, 0.800873675, 0.0 ], [ 124.512914658, 0.80434227, 0.0 ], [ 124.518862722, 0.791435854, 0.0 ] ] ] ] } },
{ "type": "Feature", "properties": { "id": 7410, "pbph": null, "kph": "KPH Model Unit IV Poigar", "provinsi": "Sulawesi Utara", "fungsi": "HPT" }, "geometry": { "type": "MultiPolygon", "coordinates": [ [ [ [ 124.434247971, 0.995985031, 0.0 ], [ 124.444402696, 1.014600754, 0.0 ], [ 124.425477983, 1.011953354, 0.0 ], [ 124.407384873, 0.979799272, 0.0 ], [ 124.379350663, 0.992246628, 0.0 ], [ 124.360765458, 1.017393112, 0.0 ], [ 124.367692947, 1.042806625, 0.0 ], [ 124.463773727, 1.023298264, 0.0 ], [ 124.434247971, 0.995985031, 0.0 ] ], [ [ 124.414144516, 0.998624802, 0.0 ], [ 124.408619706, 1.015071749, 0.0 ], [ 124.399187475, 0.998249486, 0.0 ], [ 124.414144516, 0.998624802, 0.0 ] ] ] ] } },
{ "type": "Feature", "properties": { "id": 7414, "pbph": null, "kph": "KPH Model Unit IV Poigar", "provinsi": "Sulawesi Utara", "fungsi": "HPT" }, "geometry": { "type": "MultiPolygon", "coordinates": [ [ [ [ 124.341293112, 0.939397802, 0.0 ], [ 124.357521459, 0.935446051, 0.0 ], [ 124.344826486, 0.878121852, 0.0 ], [ 124.328992843, 0.880018234, 0.0 ], [ 124.304929734, 0.843511581, 0.0 ], [ 124.257154466, 0.841497421, 0.0 ], [ 124.249151231, 0.805261612, 0.0 ], [ 124.223012925, 0.825914383, 0.0 ], [ 124.23365657, 0.847713991, 0.0 ], [ 124.216627121, 0.873628616, 0.0 ], [ 124.170656205, 0.854417801, 0.0 ], [ 124.144484686, 0.875720447, 0.0 ], [ 124.181642533, 0.913682939, 0.0 ], [ 124.222290993, 0.89800042, 0.0 ], [ 124.341293112, 0.939397802, 0.0 ] ] ] ] } },
{ "type": "Feature", "properties": { "id": 7419, "pbph": null, "kph": "KPH UNIT V MINAHASA, MINAHASA TENGGARA, MINAHASA SELATAN DAN TOMOHON", "provinsi": "Sulawesi Utara", "fungsi": "HPT" }, "geometry": { "type": "MultiPolygon", "coordinates": [ [ [ [ 124.66607817, 0.869822992, 0.0 ], [ 124.63465239, 0.891145953, 0.0 ], [ 124.650941204, 0.956322456, 0.0 ], [ 124.578562924, 0.934186749, 0.0 ], [ 124.584365845, 0.95140189, 0.0 ], [ 124.565725305, 0.968052825, 0.0 ], [ 124.573427504, 1.013584174, 0.0 ], [ 124.595435206, 1.020712979, 0.0 ], [ 124.567962553, 1.031734354, 0.0 ], [ 124.5807724, 1.040025473, 0.0 ], [ 124.61373419, 1.002808172, 0.0 ], [ 124.620434948, 1.019608909, 0.0 ], [ 124.645976924, 0.999309007, 0.0 ], [ 124.619616862, 0.975827331, 0.0 ], [ 124.646722726, 0.998588717, 0.0 ], [ 124.724838257, 0.952889264, 0.0 ], [ 124.718429565, 0.920346796, 0.0 ], [ 124.66607817, 0.869822992, 0.0 ] ], [ [ 124.701116029, 0.938159139, 0.0 ], [ 124.692483063, 0.92507357, 0.0 ], [ 124.709080786, 0.922203544, 0.0 ], [ 124.715196239, 0.932507562, 0.0 ], [ 124.701116029, 0.938159139, 0.0 ] ] ] ] } },
{ "type": "Feature", "properties": { "id": 7911, "pbph": null, "kph": "KPH Sintuwu Maroso", "provinsi": "Sulawesi Tengah", "fungsi": "HL" }, "geometry": { "type": "MultiPolygon", "coordinates": [ [ [ [ 120.468056662, -1.895735187, 0.0 ], [ 120.431826991, -1.92815681, 0.0 ], [ 120.403414207, -1.882163731, 0.0 ], [ 120.386667411, -1.881777042, 0.0 ], [ 120.36546482, -1.943631296, 0.0 ], [ 120.36546482, -1.901038523, 0.0 ], [ 120.4044325, -1.866735872, 0.0 ], [ 120.415677785, -1.80187812, 0.0 ], [ 120.496828826, -1.797836201, 0.0 ], [ 120.476362113, -1.813781941, 0.0 ], [ 120.468056662, -1.895735187, 0.0 ] ] ] ] } },
{ "type": "Feature", "properties": { "id": 7493, "pbph": null, "kph": "KPH Kulawi", "provinsi": "Sulawesi Tengah", "fungsi": "HPT" }, "geometry": { "type": "MultiPolygon", "coordinates": [ [ [ [ 119.785777682, -1.399493577, 0.0 ], [ 119.81020446, -1.412302459, 0.0 ], [ 119.769892651, -1.442938491, 0.0 ], [ 119.772100784, -1.471755722, 0.0 ], [ 119.853969007, -1.566983696, 0.0 ], [ 119.923874918, -1.599697384, 0.0 ], [ 119.934795562, -1.571973995, 0.0 ], [ 119.957602428, -1.582597639, 0.0 ], [ 119.991802737, -1.538903541, 0.0 ], [ 120.011323111, -1.551073183, 0.0 ], [ 120.016115527, -1.56791898, 0.0 ], [ 120.002052385, -1.576193214, 0.0 ], [ 120.015696642, -1.583133419, 0.0 ], [ 120.006490834, -1.597160744, 0.0 ], [ 120.018442362, -1.623551637, 0.0 ], [ 120.00406698, -1.641652575, 0.0 ], [ 119.977508, -1.630298, 0.0 ], [ 119.96689, -1.663014, 0.0 ], [ 119.987701417, -1.696107268, 0.0 ], [ 120.045204083, -1.725778397, 0.0 ], [ 120.034399033, -1.749645233, 0.0 ], [ 120.051261902, -1.772244991, 0.0 ], [ 119.999727249, -1.797203064, 0.0 ], [ 119.968274285, -1.77117458, 0.0 ], [ 119.955985223, -1.798105184, 0.0 ], [ 120.011461565, -1.806812864, 0.0 ], [ 119.990922928, -1.833414078, 0.0 ], [ 119.999914169, -1.838439941, 0.0 ], [ 120.004045486, -1.82507515, 0.0 ], [ 120.014097216, -1.835708618, 0.0 ], [ 120.03186141, -1.822577976, 0.0 ], [ 120.026337342, -1.800089965, 0.0 ], [ 120.039921406, -1.79160534, 0.0 ], [ 120.06225, -1.838888889, 0.0 ], [ 120.061388889, -1.868611111, 0.0 ], [ 120.002888889, -1.868027778, 0.0 ], [ 120.010847092, -1.92007637, 0.0 ], [ 120.030416489, -1.882707596, 0.0 ], [ 120.052248001, -1.894678116, 0.0 ], [ 120.094549179, -1.881256104, 0.0 ], [ 120.104288101, -1.892765045, 0.0 ], [ 120.101713181, -1.907880783, 0.0 ], [ 120.076031627, -1.901751524, 0.0 ], [ 120.029310226, -1.921920776, 0.0 ], [ 120.020108019, -1.967833962, 0.0 ], [ 119.969293804, -1.976355897, 0.0 ], [ 119.945006298, -2.028270531, 0.0 ], [ 119.900958104, -2.055448255, 0.0 ], [ 119.866568818, -2.011846302, 0.0 ], [ 119.869413931, -1.890516507, 0.0 ], [ 119.856895441, -1.876499671, 0.0 ], [ 119.875368175, -1.86261736, 0.0 ], [ 119.858856091, -1.825214978, 0.0 ], [ 119.871303712, -1.778001668, 0.0 ], [ 119.826199523, -1.768760988, 0.0 ], [ 119.795392311, -1.738848086, 0.0 ], [ 119.795609543, -1.708918668, 0.0 ], [ 119.777590362, -1.702643833, 0.0 ], [ 119.750823347, -1.643765162, 0.0 ], [ 119.767247328, -1.659924683, 0.0 ], [ 119.803224564, -1.653131485, 0.0 ], [ 119.790722279, -1.663688007, 0.0 ], [ 119.819732668, -1.703550577, 0.0 ], [ 119.842111589, -1.697137833, 0.0 ], [ 119.857483986, -1.713975876, 0.0 ], [ 119.856270463, -1.696463046, 0.0 ], [ 119.881278598, -1.701079199, 0.0 ], [ 119.863729701, -1.749816136, 0.0 ], [ 119.884621368, -1.767138612, 0.0 ], [ 119.919744492, -1.749662399, 0.0 ], [ 119.915235519, -1.77186203, 0.0 ], [ 119.933038712, -1.782344818, 0.0 ], [ 119.951516896, -1.769041783, 0.0 ], [ 119.936022466, -1.708367274, 0.0 ], [ 119.949966107, -1.712364768, 0.0 ], [ 119.944398169, -1.694376044, 0.0 ], [ 119.97192955, -1.683549881, 0.0 ], [ 119.961174449, -1.662436426, 0.0 ], [ 119.922792662, -1.672128084, 0.0 ], [ 119.908730048, -1.653996592, 0.0 ], [ 119.918747579, -1.623634669, 0.0 ], [ 119.89736622, -1.598193225, 0.0 ], [ 119.876022, -1.598739, 0.0 ], [ 119.884090404, -1.612711032, 0.0 ], [ 119.870117188, -1.625892282, 0.0 ], [ 119.866013098, -1.595874846, 0.0 ], [ 119.835075379, -1.615034819, 0.0 ], [ 119.837350875, -1.590666689, 0.0 ], [ 119.799674988, -1.596973181, 0.0 ], [ 119.71965639, -1.525865238, 0.0 ], [ 119.742830959, -1.523759841, 0.0 ], [ 119.751472475, -1.496675014, 0.0 ], [ 119.708057872, -1.418415468, 0.0 ], [ 119.732672701, -1.424231056, 0.0 ], [ 119.785777682, -1.399493577, 0.0 ] ], [ [ 119.78719902, -1.535486221, 0.0 ], [ 119.771978378, -1.558612823, 0.0 ], [ 119.806119919, -1.575634003, 0.0 ], [ 119.785110663, -1.560889352, 0.0 ], [ 119.78719902, -1.535486221, 0.0 ] ], [ [ 119.959580491, -1.851192005, 0.0 ], [ 119.908439636, -1.891542912, 0.0 ], [ 119.916259767, -1.913432598, 0.0 ], [ 119.933684192, -1.913987911, 0.0 ], [ 119.908859, -1.950674, 0.0 ], [ 119.926028457, -1.976736258, 0.0 ], [ 119.947710966, -1.929880495, 0.0 ], [ 119.963894751, -1.937017315, 0.0 ], [ 119.953157434, -1.926674988, 0.0 ], [ 119.968612064, -1.897826062, 0.0 ], [ 119.963254332, -1.85750033, 0.0 ], [ 119.986733109, -1.837601427, 0.0 ], [ 119.959580491, -1.851192005, 0.0 ] ] ] ] } },
{ "type": "Feature", "properties": { "id": 7494, "pbph": null, "kph": "KPH Kulawi", "provinsi": "Sulawesi Tengah", "fungsi": "HPT" }, "geometry": { "type": "MultiPolygon", "coordinates": [ [ [ [ 119.959580491, -1.851192005, 0.0 ], [ 119.942895445, -1.902057866, 0.0 ], [ 119.919181824, -1.915439249, 0.0 ], [ 119.909080505, -1.889769792, 0.0 ], [ 119.959580491, -1.851192005, 0.0 ] ] ] ] } },
{ "type": "Feature", "properties": { "id": 7515, "pbph": null, "kph": "KPH Sivia Patuju", "provinsi": "Sulawesi Tengah", "fungsi": "HP" }, "geometry": { "type": "MultiPolygon", "coordinates": [ [ [ [ 120.941581077, -1.51329862, 0.0 ], [ 120.89423375, -1.509065098, 0.0 ], [ 120.888705874, -1.482354983, 0.0 ], [ 120.936882019, -1.486442566, 0.0 ], [ 120.941581077, -1.51329862, 0.0 ] ] ] ] } },
{ "type": "Feature", "properties": { "id": 7516, "pbph": null, "kph": "KPH Banawa Lalundu", "provinsi": "Sulawesi Tengah", "fungsi": "HP" }, "geometry": { "type": "MultiPolygon", "coordinates": [ [ [ [ 119.61871338, -1.365441083, 0.0 ], [ 119.703493895, -1.424844083, 0.0 ], [ 119.672097037, -1.443313214, 0.0 ], [ 119.641739708, -1.403771979, 0.0 ], [ 119.605168961, -1.40348168, 0.0 ], [ 119.571554727, -1.378873795, 0.0 ], [ 119.61871338, -1.365441083, 0.0 ] ] ] ] } },
{ "type": "Feature", "properties": { "id": 7546, "pbph": null, "kph": "KPH Pulau Peling", "provinsi": "Sulawesi Tengah", "fungsi": "HL" }, "geometry": { "type": "MultiPolygon", "coordinates": [ [ [ [ 123.198977671, -1.366599948, 0.0 ], [ 123.196720364, -1.380321272, 0.0 ], [ 123.199345851, -1.366646087, 0.0 ], [ 123.212985626, -1.369890922, 0.0 ], [ 123.220775181, -1.427467881, 0.0 ], [ 123.188056945, -1.383211732, 0.0 ], [ 123.198977671, -1.366599948, 0.0 ] ] ] ] } },
{ "type": "Feature", "properties": { "id": 7561, "pbph": null, "kph": "KPH Tepo Asa Aroa", "provinsi": "Sulawesi Tengah", "fungsi": "HP" }, "geometry": { "type": "MultiPolygon", "coordinates": [ [ [ [ 121.350800195, -1.471240247, 0.0 ], [ 121.369141954, -1.498530929, 0.0 ], [ 121.320334557, -1.468068605, 0.0 ], [ 121.350800195, -1.471240247, 0.0 ] ] ], [ [ [ 121.263789998, -1.553511926, 0.0 ], [ 121.233184814, -1.542637348, 0.0 ], [ 121.251113892, -1.543346167, 0.0 ], [ 121.245743949, -1.513985416, 0.0 ], [ 121.260757446, -1.51733458, 0.0 ], [ 121.267096791, -1.500345169, 0.0 ], [ 121.282150269, -1.540595651, 0.0 ], [ 121.263789998, -1.553511926, 0.0 ] ] ], [ [ [ 121.222884268, -1.612407649, 0.0 ], [ 121.202833311, -1.623527754, 0.0 ], [ 121.205619812, -1.598381877, 0.0 ], [ 121.222884268, -1.612407649, 0.0 ] ] ] ] } },
{ "type": "Feature", "properties": { "id": 7548, "pbph": null, "kph": "KPH Pulau Peling", "provinsi": "Sulawesi Tengah", "fungsi": "HL" }, "geometry": { "type": "MultiPolygon", "coordinates": [ [ [ [ 123.363190645, -1.716887635, 0.0 ], [ 123.341570053, -1.718953811, 0.0 ], [ 123.340526431, -1.70066011, 0.0 ], [ 123.35125905, -1.713558876, 0.0 ], [ 123.349688087, -1.693540832, 0.0 ], [ 123.354448044, -1.708270618, 0.0 ], [ 123.379190794, -1.691659802, 0.0 ], [ 123.363190645, -1.716887635, 0.0 ] ] ] ] } },
{ "type": "Feature", "properties": { "id": 7557, "pbph": null, "kph": "KPH Tepo Asa Aroa", "provinsi": "Sulawesi Tengah", "fungsi": "HP" }, "geometry": { "type": "MultiPolygon", "coordinates": [ [ [ [ 121.406876234, -2.079095704, 0.0 ], [ 121.455142385, -2.088873586, 0.0 ], [ 121.469801065, -2.150278444, 0.0 ], [ 121.431501389, -2.150009155, 0.0 ], [ 121.408165361, -2.11368946, 0.0 ], [ 121.397200208, -2.124308345, 0.0 ], [ 121.374808211, -2.114035728, 0.0 ], [ 121.371634087, -2.092105421, 0.0 ], [ 121.406876234, -2.079095704, 0.0 ] ] ] ] } },
{ "type": "Feature", "properties": { "id": 7559, "pbph": null, "kph": "KPH Toili Baturube", "provinsi": "Sulawesi Tengah", "fungsi": "HP" }, "geometry": { "type": "MultiPolygon", "coordinates": [ [ [ [ 121.695117633, -1.716248204, 0.0 ], [ 121.738733875, -1.650234741, 0.0 ], [ 121.752756693, -1.665624826, 0.0 ], [ 121.735253306, -1.685438715, 0.0 ], [ 121.747685551, -1.74633195, 0.0 ], [ 121.737183466, -1.728692118, 0.0 ], [ 121.724665975, -1.741531576, 0.0 ], [ 121.724720695, -1.714681316, 0.0 ], [ 121.695117633, -1.716248204, 0.0 ] ] ] ] } },
{ "type": "Feature", "properties": { "id": 7566, "pbph": null, "kph": "KPH Pulau Peling", "provinsi": "Sulawesi Tengah", "fungsi": "HP" }, "geometry": { "type": "MultiPolygon", "coordinates": [ [ [ [ 122.897895813, -1.360230564, 0.0 ], [ 122.906700135, -1.402990103, 0.0 ], [ 122.89389801, -1.428008079, 0.0 ], [ 122.907546997, -1.437155365, 0.0 ], [ 122.936607362, -1.41327846, 0.0 ], [ 122.936431885, -1.453863144, 0.0 ], [ 122.95161438, -1.467779517, 0.0 ], [ 122.858070967, -1.510975094, 0.0 ], [ 122.883133337, -1.473733573, 0.0 ], [ 122.858338609, -1.480121846, 0.0 ], [ 122.843197612, -1.457422025, 0.0 ], [ 122.821784198, -1.476536585, 0.0 ], [ 122.807806329, -1.449766215, 0.0 ], [ 122.796442518, -1.453033583, 0.0 ], [ 122.827355712, -1.42441036, 0.0 ], [ 122.819424658, -1.415525089, 0.0 ], [ 122.839907776, -1.395127087, 0.0 ], [ 122.829627991, -1.376032472, 0.0 ], [ 122.897895813, -1.360230564, 0.0 ] ] ] ] } },
{ "type": "Feature", "properties": { "id": 7567, "pbph": null, "kph": "KPH Tepo Asa Aroa", "provinsi": "Sulawesi Tengah", "fungsi": "HPT" }, "geometry": { "type": "MultiPolygon", "coordinates": [ [ [ [ 121.420129061, -1.993393546, 0.0 ], [ 121.4238654, -1.962941068, 0.0 ], [ 121.434975696, -1.978931016, 0.0 ], [ 121.420129061, -1.993393546, 0.0 ] ] ] ] } },
{ "type": "Feature", "properties": { "id": 7570, "pbph": null, "kph": "KPH Pulau Peling", "provinsi": "Sulawesi Tengah", "fungsi": "HPT" }, "geometry": { "type": "MultiPolygon", "coordinates": [ [ [ [ 123.586143502, -1.671290692, 0.0 ], [ 123.571666533, -1.617818459, 0.0 ], [ 123.595877353, -1.652179932, 0.0 ], [ 123.586143502, -1.671290692, 0.0 ] ] ] ] } },
{ "type": "Feature", "properties": { "id": 7571, "pbph": null, "kph": "KPH Pulau Peling", "provinsi": "Sulawesi Tengah", "fungsi": "HPT" }, "geometry": { "type": "MultiPolygon", "coordinates": [ [ [ [ 123.127686816, -1.566949484, 0.0 ], [ 123.13974762, -1.605825067, 0.0 ], [ 123.114558908, -1.611606466, 0.0 ], [ 123.111231021, -1.590471745, 0.0 ], [ 123.099165372, -1.599004846, 0.0 ], [ 123.102210998, -1.576184511, 0.0 ], [ 123.127686816, -1.566949484, 0.0 ] ] ] ] } },
{ "type": "Feature", "properties": { "id": 7600, "pbph": null, "kph": "KPH Dolago Tanggunung", "provinsi": "Sulawesi Tengah", "fungsi": "HL" }, "geometry": { "type": "MultiPolygon", "coordinates": [ [ [ [ 120.018476191, -0.725606803, 0.0 ], [ 120.034688828, -0.730998726, 0.0 ], [ 120.027378015, -0.75304697, 0.0 ], [ 120.0488804, -0.801999027, 0.0 ], [ 120.072895387, -0.820665434, 0.0 ], [ 120.055911101, -0.85923662, 0.0 ], [ 120.079545606, -0.874977493, 0.0 ], [ 120.088675768, -0.91547724, 0.0 ], [ 120.131438413, -0.968549096, 0.0 ], [ 120.211873905, -1.005264574, 0.0 ], [ 120.242219575, -1.078171307, 0.0 ], [ 120.272603951, -1.107351988, 0.0 ], [ 120.271336523, -1.135462611, 0.0 ], [ 120.234082699, -1.130341183, 0.0 ], [ 120.216318314, -1.067623384, 0.0 ], [ 120.087472556, -1.016296115, 0.0 ], [ 120.052443488, -0.967582775, 0.0 ], [ 120.064734722, -0.912269721, 0.0 ], [ 120.033725943, -0.856673113, 0.0 ], [ 120.042582971, -0.837551846, 0.0 ], [ 120.018639639, -0.78160775, 0.0 ], [ 120.018476191, -0.725606803, 0.0 ] ] ] ] } },
{ "type": "Feature", "properties": { "id": 7602, "pbph": null, "kph": "KPH Dolago Tanggunung", "provinsi": "Sulawesi Tengah", "fungsi": "HL" }, "geometry": { "type": "MultiPolygon", "coordinates": [ [ [ [ 119.981903078, -0.721666615, 0.0 ], [ 120.023842881, -0.731184378, 0.0 ], [ 120.025273923, -0.776400404, 0.0 ], [ 120.000670665, -0.804151623, 0.0 ], [ 119.969421777, -0.812384725, 0.0 ], [ 119.957052279, -0.799378684, 0.0 ], [ 119.963894085, -0.748005295, 0.0 ], [ 119.9362417, -0.721762169, 0.0 ], [ 119.981903078, -0.721666615, 0.0 ] ] ] ] } },
{ "type": "Feature", "properties": { "id": 7626, "pbph": null, "kph": "KPH Kulawi", "provinsi": "Sulawesi Tengah", "fungsi": "HPT" }, "geometry": { "type": "MultiPolygon", "coordinates": [ [ [ [ 119.676628043, -1.005820678, 0.0 ], [ 119.695764817, -1.003493035, 0.0 ], [ 119.662977822, -1.013368904, 0.0 ], [ 119.666982838, -0.994790487, 0.0 ], [ 119.676628043, -1.005820678, 0.0 ] ] ] ] } },
{ "type": "Feature", "properties": { "id": 7628, "pbph": null, "kph": "KPH Sintuwu Maroso", "provinsi": "Sulawesi Tengah", "fungsi": "HPT" }, "geometry": { "type": "MultiPolygon", "coordinates": [ [ [ [ 120.337595715, -1.144538214, 0.0 ], [ 120.350246241, -1.186628227, 0.0 ], [ 120.289350707, -1.192012526, 0.0 ], [ 120.273529229, -1.228528494, 0.0 ], [ 120.267694882, -1.209117411, 0.0 ], [ 120.284694879, -1.192017411, 0.0 ], [ 120.267398061, -1.150046457, 0.0 ], [ 120.290382971, -1.137479326, 0.0 ], [ 120.337595715, -1.144538214, 0.0 ] ] ] ] } },
{ "type": "Feature", "properties": { "id": 7631, "pbph": null, "kph": "KPH Dolago Tanggunung", "provinsi": "Sulawesi Tengah", "fungsi": "HPT" }, "geometry": { "type": "MultiPolygon", "coordinates": [ [ [ [ 119.964511809, -0.884588966, 0.0 ], [ 119.928400863, -0.857201223, 0.0 ], [ 119.938297565, -0.833144965, 0.0 ], [ 119.97246997, -0.847118498, 0.0 ], [ 119.964511809, -0.884588966, 0.0 ] ] ] ] } },
{ "type": "Feature", "properties": { "id": 7639, "pbph": null, "kph": "KPH Dolago Tanggunung", "provinsi": "Sulawesi Tengah", "fungsi": "HPK" }, "geometry": { "type": "MultiPolygon", "coordinates": [ [ [ [ 120.457688029, -1.070135524, 0.0 ], [ 120.461510877, -1.150455103, 0.0 ], [ 120.356496639, -1.177444413, 0.0 ], [ 120.369782424, -1.148049654, 0.0 ], [ 120.337595715, -1.144538214, 0.0 ], [ 120.342907474, -1.127760858, 0.0 ], [ 120.376993252, -1.125440883, 0.0 ], [ 120.418663548, -1.062566719, 0.0 ], [ 120.457688029, -1.070135524, 0.0 ] ] ] ] } },
{ "type": "Feature", "properties": { "id": 7650, "pbph": null, "kph": "KPH Sivia Patuju", "provinsi": "Sulawesi Tengah", "fungsi": "HL" }, "geometry": { "type": "MultiPolygon", "coordinates": [ [ [ [ 122.099459052, -1.127939336, 0.0 ], [ 122.098869324, -1.147234321, 0.0 ], [ 122.183586121, -1.201060056, 0.0 ], [ 122.043586731, -1.157772303, 0.0 ], [ 121.95703125, -1.102883457, 0.0 ], [ 122.00469488, -1.09431741, 0.0 ], [ 122.059294879, -1.126817411, 0.0 ], [ 122.099459052, -1.127939336, 0.0 ] ] ] ] } },
{ "type": "Feature", "properties": { "id": 7692, "pbph": null, "kph": "KPH Balantak", "provinsi": "Sulawesi Tengah", "fungsi": "HL" }, "geometry": { "type": "MultiPolygon", "coordinates": [ [ [ [ 122.980569432, -0.818466626, 0.0 ], [ 122.999047284, -0.828263549, 0.0 ], [ 122.892406418, -0.851574412, 0.0 ], [ 122.919050074, -0.818333197, 0.0 ], [ 122.980569432, -0.818466626, 0.0 ] ] ] ] } },
{ "type": "Feature", "properties": { "id": 7693, "pbph": null, "kph": "KPH Sivia Patuju", "provinsi": "Sulawesi Tengah", "fungsi": "HP" }, "geometry": { "type": "MultiPolygon", "coordinates": [ [ [ [ 121.520995906, -0.925217391, 0.0 ], [ 121.479065695, -0.945200981, 0.0 ], [ 121.484227333, -0.904107634, 0.0 ], [ 121.503652268, -0.892381319, 0.0 ], [ 121.532727263, -0.90130512, 0.0 ], [ 121.515674037, -0.910691461, 0.0 ], [ 121.520995906, -0.925217391, 0.0 ] ] ] ] } },
{ "type": "Feature", "properties": { "id": 7702, "pbph": null, "kph": "KPH Balantak", "provinsi": "Sulawesi Tengah", "fungsi": "HP" }, "geometry": { "type": "MultiPolygon", "coordinates": [ [ [ [ 123.223005232, -0.887504929, 0.0 ], [ 123.252722658, -0.892855568, 0.0 ], [ 123.265232432, -0.916788163, 0.0 ], [ 123.327770829, -0.906470405, 0.0 ], [ 123.348213331, -0.939245987, 0.0 ], [ 123.291166956, -0.934000767, 0.0 ], [ 123.291165799, -0.944990161, 0.0 ], [ 123.251508713, -0.942689896, 0.0 ], [ 123.24833107, -0.959821701, 0.0 ], [ 123.207370517, -0.964667083, 0.0 ], [ 123.22051505, -0.951699988, 0.0 ], [ 123.200256976, -0.954610908, 0.0 ], [ 123.230175495, -0.940376265, 0.0 ], [ 123.199474487, -0.931754616, 0.0 ], [ 123.230096397, -0.925304746, 0.0 ], [ 123.158123589, -0.926095054, 0.0 ], [ 123.223005232, -0.887504929, 0.0 ] ] ] ] } },
{ "type": "Feature", "properties": { "id": 7703, "pbph": null, "kph": "KPH Balantak", "provinsi": "Sulawesi Tengah", "fungsi": "HP" }, "geometry": { "type": "MultiPolygon", "coordinates": [ [ [ [ 123.001868105, -0.799312343, 0.0 ], [ 123.007482928, -0.813425682, 0.0 ], [ 122.980569432, -0.818466626, 0.0 ], [ 122.977877756, -0.794962732, 0.0 ], [ 123.001868105, -0.799312343, 0.0 ] ] ] ] } },
{ "type": "Feature", "properties": { "id": 7704, "pbph": null, "kph": "KPH Pulau Peling", "provinsi": "Sulawesi Tengah", "fungsi": "HP" }, "geometry": { "type": "MultiPolygon", "coordinates": [ [ [ [ 123.124990767, -1.208619381, 0.0 ], [ 123.104881288, -1.204079032, 0.0 ], [ 123.077362061, -1.224896789, 0.0 ], [ 123.055464193, -1.279506496, 0.0 ], [ 123.040958372, -1.259823322, 0.0 ], [ 122.964233398, -1.25887072, 0.0 ], [ 122.951408386, -1.244526505, 0.0 ], [ 123.040621652, -1.187593153, 0.0 ], [ 123.121493229, -1.188775367, 0.0 ], [ 123.124990767, -1.208619381, 0.0 ] ] ] ] } },
{ "type": "Feature", "properties": { "id": 7705, "pbph": null, "kph": "KPH Pulau Peling", "provinsi": "Sulawesi Tengah", "fungsi": "HP" }, "geometry": { "type": "MultiPolygon", "coordinates": [ [ [ [ 123.390052803, -1.315051316, 0.0 ], [ 123.343055725, -1.335610746, 0.0 ], [ 123.337059021, -1.318237066, 0.0 ], [ 123.317314148, -1.321051121, 0.0 ], [ 123.364601135, -1.248724341, 0.0 ], [ 123.390052803, -1.315051316, 0.0 ] ] ] ] } },
{ "type": "Feature", "properties": { "id": 7694, "pbph": null, "kph": "KPH Balantak", "provinsi": "Sulawesi Tengah", "fungsi": "HP" }, "geometry": { "type": "MultiPolygon", "coordinates": [ [ [ [ 123.040527208, -0.79481916, 0.0 ], [ 123.052589912, -0.818099927, 0.0 ], [ 123.028043156, -0.825203015, 0.0 ], [ 123.040527208, -0.79481916, 0.0 ] ] ] ] } },
{ "type": "Feature", "properties": { "id": 7720, "pbph": null, "kph": "KPH Balantak", "provinsi": "Sulawesi Tengah", "fungsi": "HPT" }, "geometry": { "type": "MultiPolygon", "coordinates": [ [ [ [ 122.216043009, -0.797841549, 0.0 ], [ 122.26945821, -0.807823822, 0.0 ], [ 122.254989522, -0.823322899, 0.0 ], [ 122.217016624, -0.815948649, 0.0 ], [ 122.216043009, -0.797841549, 0.0 ] ] ] ] } },
{ "type": "Feature", "properties": { "id": 7722, "pbph": null, "kph": "KPH Pulau Peling", "provinsi": "Sulawesi Tengah", "fungsi": "HPT" }, "geometry": { "type": "MultiPolygon", "coordinates": [ [ [ [ 123.183619764, -1.175708709, 0.0 ], [ 123.225291966, -1.219519202, 0.0 ], [ 123.206966651, -1.235142782, 0.0 ], [ 123.19709423, -1.216020703, 0.0 ], [ 123.192898779, -1.236840629, 0.0 ], [ 123.192007246, -1.213713205, 0.0 ], [ 123.180836857, -1.216230475, 0.0 ], [ 123.185609183, -1.240354319, 0.0 ], [ 123.17753294, -1.22032104, 0.0 ], [ 123.177428053, -1.242504487, 0.0 ], [ 123.159837072, -1.22853836, 0.0 ], [ 123.148148299, -1.242968014, 0.0 ], [ 123.15788713, -1.199563465, 0.0 ], [ 123.180190891, -1.21141548, 0.0 ], [ 123.192432215, -1.20228313, 0.0 ], [ 123.183619764, -1.175708709, 0.0 ] ] ] ] } },
{ "type": "Feature", "properties": { "id": 7723, "pbph": null, "kph": "KPH Pulau Peling", "provinsi": "Sulawesi Tengah", "fungsi": "HPT" }, "geometry": { "type": "MultiPolygon", "coordinates": [ [ [ [ 123.515178481, -1.276053263, 0.0 ], [ 123.539095787, -1.291904826, 0.0 ], [ 123.532716925, -1.303291695, 0.0 ], [ 123.492976731, -1.292303504, 0.0 ], [ 123.502643113, -1.280916027, 0.0 ], [ 123.491909984, -1.275565924, 0.0 ], [ 123.515178481, -1.276053263, 0.0 ] ] ] ] } },
{ "type": "Feature", "properties": { "id": 7724, "pbph": null, "kph": "KPH Balantak", "provinsi": "Sulawesi Tengah", "fungsi": "HPT" }, "geometry": { "type": "MultiPolygon", "coordinates": [ [ [ [ 123.314037766, -0.90991852, 0.0 ], [ 123.264591567, -0.916654579, 0.0 ], [ 123.22134878, -0.878021768, 0.0 ], [ 123.25255876, -0.875463476, 0.0 ], [ 123.258796841, -0.894327593, 0.0 ], [ 123.286818871, -0.887979848, 0.0 ], [ 123.293931512, -0.908898226, 0.0 ], [ 123.314037766, -0.90991852, 0.0 ] ] ] ] } },
{ "type": "Feature", "properties": { "id": 7756, "pbph": null, "kph": "KPH Tepo Asa Aroa", "provinsi": "Sulawesi Tengah", "fungsi": "HL" }, "geometry": { "type": "MultiPolygon", "coordinates": [ [ [ [ 121.49687126, -1.374073195, 0.0 ], [ 121.484066569, -1.405785514, 0.0 ], [ 121.510086194, -1.437720475, 0.0 ], [ 121.482792612, -1.459196958, 0.0 ], [ 121.4427486, -1.536318986, 0.0 ], [ 121.422003233, -1.507482073, 0.0 ], [ 121.359236021, -1.488530106, 0.0 ], [ 121.350800195, -1.471240247, 0.0 ], [ 121.411787896, -1.450294536, 0.0 ], [ 121.463728332, -1.406639077, 0.0 ], [ 121.473606574, -1.373180514, 0.0 ], [ 121.49687126, -1.374073195, 0.0 ] ] ] ] } },
{ "type": "Feature", "properties": { "id": 7729, "pbph": null, "kph": "KPH Sivia Patuju", "provinsi": "Sulawesi Tengah", "fungsi": "HPK" }, "geometry": { "type": "MultiPolygon", "coordinates": [ [ [ [ 121.408731455, -1.068982253, 0.0 ], [ 121.41771698, -1.095604539, 0.0 ], [ 121.433250801, -1.081269085, 0.0 ], [ 121.428828457, -1.116128511, 0.0 ], [ 121.371809681, -1.069499627, 0.0 ], [ 121.408731455, -1.068982253, 0.0 ] ] ] ] } },
{ "type": "Feature", "properties": { "id": 7775, "pbph": null, "kph": "KPH Pulau Peling", "provinsi": "Sulawesi Tengah", "fungsi": "HPK" }, "geometry": { "type": "MultiPolygon", "coordinates": [ [ [ [ 122.965837722, -1.224013891, 0.0 ], [ 122.952613831, -1.248958588, 0.0 ], [ 122.981002808, -1.266136408, 0.0 ], [ 122.966720582, -1.294643164, 0.0 ], [ 122.946105957, -1.293161034, 0.0 ], [ 122.944122314, -1.326597451, 0.0 ], [ 122.911453248, -1.338342547, 0.0 ], [ 122.899772644, -1.359596847, 0.0 ], [ 122.829627991, -1.376032472, 0.0 ], [ 122.856277466, -1.290744543, 0.0 ], [ 122.875052306, -1.281634487, 0.0 ], [ 122.873966038, -1.250906874, 0.0 ], [ 122.916766966, -1.187227256, 0.0 ], [ 122.944467495, -1.186060159, 0.0 ], [ 122.965837722, -1.224013891, 0.0 ] ] ] ] } },
{ "type": "Feature", "properties": { "id": 7754, "pbph": null, "kph": "KPH Banawa Lalundu", "provinsi": "Sulawesi Tengah", "fungsi": "HPK" }, "geometry": { "type": "MultiPolygon", "coordinates": [ [ [ [ 119.619308472, -1.312346101, 0.0 ], [ 119.61871338, -1.365441083, 0.0 ], [ 119.576822604, -1.372037842, 0.0 ], [ 119.589338303, -1.30966568, 0.0 ], [ 119.573817721, -1.304192524, 0.0 ], [ 119.597618103, -1.29259324, 0.0 ], [ 119.597442627, -1.31457734, 0.0 ], [ 119.619308472, -1.312346101, 0.0 ] ] ] ] } },
{ "type": "Feature", "properties": { "id": 7759, "pbph": null, "kph": "KPH Pulau Peling", "provinsi": "Sulawesi Tengah", "fungsi": "HL" }, "geometry": { "type": "MultiPolygon", "coordinates": [ [ [ [ 123.405166622, -1.317988034, 0.0 ], [ 123.414955146, -1.349020124, 0.0 ], [ 123.375282281, -1.375483033, 0.0 ], [ 123.378021244, -1.325027816, 0.0 ], [ 123.405166622, -1.317988034, 0.0 ] ] ] ] } },
{ "type": "Feature", "properties": { "id": 7762, "pbph": null, "kph": "KPH Toili Baturube", "provinsi": "Sulawesi Tengah", "fungsi": "HP" }, "geometry": { "type": "MultiPolygon", "coordinates": [ [ [ [ 122.216426479, -1.313912749, 0.0 ], [ 122.216659547, -1.326349497, 0.0 ], [ 122.247283423, -1.33186857, 0.0 ], [ 122.233754856, -1.347006342, 0.0 ], [ 122.244692591, -1.376347879, 0.0 ], [ 122.206214905, -1.361821413, 0.0 ], [ 122.210746766, -1.377843976, 0.0 ], [ 122.240988538, -1.38575984, 0.0 ], [ 122.240004276, -1.413103856, 0.0 ], [ 122.230435724, -1.388958924, 0.0 ], [ 122.200737896, -1.387612488, 0.0 ], [ 122.198020473, -1.413732368, 0.0 ], [ 122.167948328, -1.38800252, 0.0 ], [ 122.189475943, -1.323063856, 0.0 ], [ 122.216426479, -1.313912749, 0.0 ] ] ] ] } },
{ "type": "Feature", "properties": { "id": 7763, "pbph": null, "kph": "KPH Toili Baturube", "provinsi": "Sulawesi Tengah", "fungsi": "HP" }, "geometry": { "type": "MultiPolygon", "coordinates": [ [ [ [ 122.266239671, -1.304433409, 0.0 ], [ 122.271829564, -1.321643013, 0.0 ], [ 122.243417993, -1.327811916, 0.0 ], [ 122.21442073, -1.30647345, 0.0 ], [ 122.266239671, -1.304433409, 0.0 ] ] ] ] } },
{ "type": "Feature", "properties": { "id": 7778, "pbph": null, "kph": "KPH Dampelas Tinombo", "provinsi": "Sulawesi Tengah", "fungsi": "HL" }, "geometry": { "type": "MultiPolygon", "coordinates": [ [ [ [ 120.795618582, 0.470394311, 0.0 ], [ 120.767309182, 0.456960338, 0.0 ], [ 120.708862305, 0.498570323, 0.0 ], [ 120.768264771, 0.462698609, 0.0 ], [ 120.795618582, 0.470394311, 0.0 ] ] ] ] } },
{ "type": "Feature", "properties": { "id": 7766, "pbph": null, "kph": "KPH Sivia Patuju", "provinsi": "Sulawesi Tengah", "fungsi": "HPT" }, "geometry": { "type": "MultiPolygon", "coordinates": [ [ [ [ 121.885193236, -0.992113102, 0.0 ], [ 121.890374216, -1.009779555, 0.0 ], [ 121.872297569, -1.025146453, 0.0 ], [ 121.859681774, -0.986590926, 0.0 ], [ 121.885193236, -0.992113102, 0.0 ] ] ] ] } },
{ "type": "Feature", "properties": { "id": 7768, "pbph": null, "kph": "KPH Pulau Peling", "provinsi": "Sulawesi Tengah", "fungsi": "HPT" }, "geometry": { "type": "MultiPolygon", "coordinates": [ [ [ [ 123.215886331, -1.516546926, 0.0 ], [ 123.233345032, -1.541440248, 0.0 ], [ 123.212089925, -1.55492782, 0.0 ], [ 123.200535124, -1.541558658, 0.0 ], [ 123.177566343, -1.567794413, 0.0 ], [ 123.187516449, -1.580524305, 0.0 ], [ 123.143305817, -1.580395235, 0.0 ], [ 123.141395864, -1.59206526, 0.0 ], [ 123.152462596, -1.558115698, 0.0 ], [ 123.191861346, -1.539878291, 0.0 ], [ 123.211261858, -1.470737691, 0.0 ], [ 123.299199662, -1.371744013, 0.0 ], [ 123.313009691, -1.388365103, 0.0 ], [ 123.280471802, -1.404327511, 0.0 ], [ 123.243987752, -1.467112402, 0.0 ], [ 123.25189209, -1.474983096, 0.0 ], [ 123.215886331, -1.516546926, 0.0 ] ] ] ] } },
{ "type": "Feature", "properties": { "id": 7769, "pbph": null, "kph": "KPH Toili Baturube", "provinsi": "Sulawesi Tengah", "fungsi": "HPT" }, "geometry": { "type": "MultiPolygon", "coordinates": [ [ [ [ 122.209869788, -1.30742161, 0.0 ], [ 122.189475943, -1.323063856, 0.0 ], [ 122.149737734, -1.426295957, 0.0 ], [ 122.122709437, -1.425061565, 0.0 ], [ 122.16806825, -1.354931266, 0.0 ], [ 122.166694879, -1.277917411, 0.0 ], [ 122.209869788, -1.30742161, 0.0 ] ] ] ] } },
{ "type": "Feature", "properties": { "id": 7770, "pbph": null, "kph": "KPH Toili Baturube", "provinsi": "Sulawesi Tengah", "fungsi": "HPT" }, "geometry": { "type": "MultiPolygon", "coordinates": [ [ [ [ 122.554324731, -0.986048385, 0.0 ], [ 122.5995121, -1.025342941, 0.0 ], [ 122.723931188, -0.993405172, 0.0 ], [ 122.66922, -1.06769, 0.0 ], [ 122.61282, -1.10892, 0.0 ], [ 122.594704866, -1.145275177, 0.0 ], [ 122.604994694, -1.160023264, 0.0 ], [ 122.569583301, -1.1876111, 0.0 ], [ 122.52206482, -1.18462872, 0.0 ], [ 122.539277111, -1.151498938, 0.0 ], [ 122.504594675, -1.124066706, 0.0 ], [ 122.496264115, -1.136319495, 0.0 ], [ 122.40401315, -1.129563318, 0.0 ], [ 122.479530334, -1.076942682, 0.0 ], [ 122.498481177, -1.030115515, 0.0 ], [ 122.478578946, -1.003837863, 0.0 ], [ 122.554324731, -0.986048385, 0.0 ] ] ], [ [ [ 122.373588851, -1.157800933, 0.0 ], [ 122.397619709, -1.133484955, 0.0 ], [ 122.40017139, -1.167889479, 0.0 ], [ 122.381444385, -1.175558912, 0.0 ], [ 122.373588851, -1.157800933, 0.0 ] ] ], [ [ [ 122.335568198, -1.268475268, 0.0 ], [ 122.318862001, -1.284082731, 0.0 ], [ 122.311427092, -1.270047642, 0.0 ], [ 122.300262604, -1.276254263, 0.0 ], [ 122.292260936, -1.28385622, 0.0 ], [ 122.321753916, -1.288644276, 0.0 ], [ 122.287212843, -1.293195551, 0.0 ], [ 122.288983915, -1.305124109, 0.0 ], [ 122.212401065, -1.306500326, 0.0 ], [ 122.173130813, -1.272679986, 0.0 ], [ 122.210906982, -1.267045498, 0.0 ], [ 122.219902039, -1.297159672, 0.0 ], [ 122.293266296, -1.268215537, 0.0 ], [ 122.338192627, -1.226034357, 0.0 ], [ 122.335568198, -1.268475268, 0.0 ] ] ] ] } },
{ "type": "Feature", "properties": { "id": 7788, "pbph": null, "kph": "KPH Pogogul", "provinsi": "Sulawesi Tengah", "fungsi": "HL" }, "geometry": { "type": "MultiPolygon", "coordinates": [ [ [ [ 122.099228406, 1.068741878, 0.0 ], [ 122.118583098, 1.053914739, 0.0 ], [ 122.098602295, 1.068095804, 0.0 ], [ 122.077696455, 1.059609824, 0.0 ], [ 122.099228406, 1.068741878, 0.0 ] ] ] ] } },
{ "type": "Feature", "properties": { "id": 7817, "pbph": null, "kph": "KPH Gunung Dako", "provinsi": "Sulawesi Tengah", "fungsi": "HL" }, "geometry": { "type": "MultiPolygon", "coordinates": [ [ [ [ 120.676302036, 0.952939681, 0.0 ], [ 120.655531225, 0.944976921, 0.0 ], [ 120.671127379, 0.948914585, 0.0 ], [ 120.670124078, 0.965432453, 0.0 ], [ 120.676302036, 0.952939681, 0.0 ] ] ] ] } },
{ "type": "Feature", "properties": { "id": 7830, "pbph": null, "kph": "KPH Dampelas Tinombo", "provinsi": "Sulawesi Tengah", "fungsi": "HL" }, "geometry": { "type": "MultiPolygon", "coordinates": [ [ [ [ 120.866670522, 0.438000942, 0.0 ], [ 120.816516026, 0.447481874, 0.0 ], [ 120.808006286, 0.473881006, 0.0 ], [ 120.81690979, 0.453320473, 0.0 ], [ 120.866670522, 0.438000942, 0.0 ] ] ] ] } },
{ "type": "Feature", "properties": { "id": 7838, "pbph": null, "kph": "KPH Dampelas Tinombo", "provinsi": "Sulawesi Tengah", "fungsi": "HL" }, "geometry": { "type": "MultiPolygon", "coordinates": [ [ [ [ 119.816787203, 0.230257356, 0.0 ], [ 119.831820218, 0.16192764, 0.0 ], [ 119.818039659, 0.189288902, 0.0 ], [ 119.791062793, 0.19901977, 0.0 ], [ 119.797430988, 0.222913797, 0.0 ], [ 119.816787203, 0.230257356, 0.0 ] ] ] ] } },
{ "type": "Feature", "properties": { "id": 7839, "pbph": null, "kph": "KPH Dampelas Tinombo", "provinsi": "Sulawesi Tengah", "fungsi": "HL" }, "geometry": { "type": "MultiPolygon", "coordinates": [ [ [ [ 120.050419997, 0.711390348, 0.0 ], [ 120.017884353, 0.664819871, 0.0 ], [ 120.038032901, 0.717651903, 0.0 ], [ 120.050419997, 0.711390348, 0.0 ] ] ] ] } },
{ "type": "Feature", "properties": { "id": 7845, "pbph": null, "kph": "KPH Dolago Tanggunung", "provinsi": "Sulawesi Tengah", "fungsi": "HL" }, "geometry": { "type": "MultiPolygon", "coordinates": [ [ [ [ 119.684490186, 0.004503588, 0.0 ], [ 119.74026105, -0.041778672, 0.0 ], [ 119.688574648, -0.028814569, 0.0 ], [ 119.684490186, 0.004503588, 0.0 ] ] ] ] } },
{ "type": "Feature", "properties": { "id": 7846, "pbph": null, "kph": "KPH Dolago Tanggunung", "provinsi": "Sulawesi Tengah", "fungsi": "HL" }, "geometry": { "type": "MultiPolygon", "coordinates": [ [ [ [ 119.607031161, -0.017039417, 0.0 ], [ 119.606928716, -0.005301914, 0.0 ], [ 119.665998847, -0.018503126, 0.0 ], [ 119.662811313, 0.018544559, 0.0 ], [ 119.673767091, 0.001366167, 0.0 ], [ 119.664367677, -0.019945519, 0.0 ], [ 119.607031161, -0.017039417, 0.0 ] ] ] ] } },
{ "type": "Feature", "properties": { "id": 7847, "pbph": null, "kph": "KPH Dampelas Tinombo", "provinsi": "Sulawesi Tengah", "fungsi": "HL" }, "geometry": { "type": "MultiPolygon", "coordinates": [ [ [ [ 121.052294359, 0.6949327, 0.0 ], [ 121.107870098, 0.69859967, 0.0 ], [ 121.152912568, 0.68399661, 0.0 ], [ 121.199186439, 0.640622053, 0.0 ], [ 121.228464743, 0.645344855, 0.0 ], [ 121.239086203, 0.602409144, 0.0 ], [ 121.303848779, 0.56785496, 0.0 ], [ 121.329580078, 0.574546839, 0.0 ], [ 121.318118609, 0.543116847, 0.0 ], [ 121.33412451, 0.517411536, 0.0 ], [ 121.233207775, 0.510650318, 0.0 ], [ 121.222782606, 0.526738686, 0.0 ], [ 121.205581666, 0.505523087, 0.0 ], [ 121.200469971, 0.538639129, 0.0 ], [ 121.153778076, 0.571335674, 0.0 ], [ 121.099380493, 0.532145619, 0.0 ], [ 121.071990967, 0.57749653, 0.0 ], [ 120.989646912, 0.62296641, 0.0 ], [ 120.944214006, 0.605840656, 0.0 ], [ 120.913154603, 0.617857397, 0.0 ], [ 120.916639271, 0.566066136, 0.0 ], [ 120.886299754, 0.570203216, 0.0 ], [ 120.859422064, 0.554264968, 0.0 ], [ 120.845216677, 0.559584143, 0.0 ], [ 120.841493261, 0.588491928, 0.0 ], [ 120.805991703, 0.586469387, 0.0 ], [ 120.823404455, 0.595952397, 0.0 ], [ 120.814440491, 0.622481733, 0.0 ], [ 120.759395237, 0.624809013, 0.0 ], [ 120.698596467, 0.582388439, 0.0 ], [ 120.678035576, 0.594870349, 0.0 ], [ 120.843575529, 0.680442063, 0.0 ], [ 120.866176351, 0.664140431, 0.0 ], [ 120.896604724, 0.667293448, 0.0 ], [ 121.014243968, 0.71136418, 0.0 ], [ 121.052294359, 0.6949327, 0.0 ] ] ] ] } },
{ "type": "Feature", "properties": { "id": 7610, "pbph": null, "kph": "KPH Dolago Tanggunung", "provinsi": "Sulawesi Tengah", "fungsi": "HP" }, "geometry": { "type": "MultiPolygon", "coordinates": [ [ [ [ 120.454673767, -1.002080441, 0.0 ], [ 120.482803345, -1.059404611, 0.0 ], [ 120.408439636, -0.968939005, 0.0 ], [ 120.454673767, -1.002080441, 0.0 ] ] ] ] } },
{ "type": "Feature", "properties": { "id": 7611, "pbph": null, "kph": "KPH Dolago Tanggunung", "provinsi": "Sulawesi Tengah", "fungsi": "HP" }, "geometry": { "type": "MultiPolygon", "coordinates": [ [ [ [ 119.993473303, -0.525982828, 0.0 ], [ 119.971170737, -0.500393468, 0.0 ], [ 119.987217162, -0.488177715, 0.0 ], [ 120.005800042, -0.513072457, 0.0 ], [ 119.993473303, -0.525982828, 0.0 ] ] ] ] } },
{ "type": "Feature", "properties": { "id": 7612, "pbph": null, "kph": "KPH Banawa Lalundu", "provinsi": "Sulawesi Tengah", "fungsi": "HP" }, "geometry": { "type": "MultiPolygon", "coordinates": [ [ [ [ 119.619308472, -1.312346101, 0.0 ], [ 119.598342896, -1.315281629, 0.0 ], [ 119.600440979, -1.294381261, 0.0 ], [ 119.585466437, -1.291802451, 0.0 ], [ 119.592460633, -1.254724502, 0.0 ], [ 119.625045778, -1.252737999, 0.0 ], [ 119.619308472, -1.312346101, 0.0 ] ] ] ] } },
{ "type": "Feature", "properties": { "id": 7645, "pbph": null, "kph": "KPH Banawa Lalundu", "provinsi": "Sulawesi Tengah", "fungsi": "HPK" }, "geometry": { "type": "MultiPolygon", "coordinates": [ [ [ [ 119.617306843, -1.027654793, 0.0 ], [ 119.640384103, -0.999088325, 0.0 ], [ 119.632364337, -1.032553449, 0.0 ], [ 119.617306843, -1.027654793, 0.0 ] ] ] ] } },
{ "type": "Feature", "properties": { "id": 7663, "pbph": null, "kph": "KPH Balantak", "provinsi": "Sulawesi Tengah", "fungsi": "HL" }, "geometry": { "type": "MultiPolygon", "coordinates": [ [ [ [ 123.106941553, -0.839252824, 0.0 ], [ 123.061650529, -0.868350974, 0.0 ], [ 123.074546522, -0.8831462, 0.0 ], [ 123.059473965, -0.89297939, 0.0 ], [ 123.060592651, -0.865313589, 0.0 ], [ 123.106941553, -0.839252824, 0.0 ] ] ] ] } },
{ "type": "Feature", "properties": { "id": 7664, "pbph": null, "kph": "KPH Balantak", "provinsi": "Sulawesi Tengah", "fungsi": "HL" }, "geometry": { "type": "MultiPolygon", "coordinates": [ [ [ [ 123.046975999, -0.901074945, 0.0 ], [ 123.0414634, -0.870297821, 0.0 ], [ 123.029332476, -0.88238389, 0.0 ], [ 123.040222168, -0.870188951, 0.0 ], [ 123.046975999, -0.901074945, 0.0 ] ] ] ] } },
{ "type": "Feature", "properties": { "id": 7696, "pbph": null, "kph": "KPH Pulau Peling", "provinsi": "Sulawesi Tengah", "fungsi": "HP" }, "geometry": { "type": "MultiPolygon", "coordinates": [ [ [ [ 123.309661325, -1.19434153, 0.0 ], [ 123.317626954, -1.215370654, 0.0 ], [ 123.293533325, -1.223516345, 0.0 ], [ 123.296089172, -1.195327759, 0.0 ], [ 123.309661325, -1.19434153, 0.0 ] ] ] ] } },
{ "type": "Feature", "properties": { "id": 7706, "pbph": null, "kph": "KPH Sivia Patuju", "provinsi": "Sulawesi Tengah", "fungsi": "HP" }, "geometry": { "type": "MultiPolygon", "coordinates": [ [ [ [ 122.082932325, -1.287705642, 0.0 ], [ 122.077206995, -1.299822309, 0.0 ], [ 122.057590178, -1.282169339, 0.0 ], [ 122.082932325, -1.287705642, 0.0 ] ] ] ] } },
{ "type": "Feature", "properties": { "id": 7709, "pbph": null, "kph": "KPH Balantak", "provinsi": "Sulawesi Tengah", "fungsi": "HP" }, "geometry": { "type": "MultiPolygon", "coordinates": [ [ [ [ 123.089303959, -0.629895612, 0.0 ], [ 123.18649292, -0.650393605, 0.0 ], [ 123.226168095, -0.641877726, 0.0 ], [ 123.190969551, -0.670049911, 0.0 ], [ 123.162544254, -0.647270226, 0.0 ], [ 123.13667607, -0.662560192, 0.0 ], [ 123.12090235, -0.647768543, 0.0 ], [ 123.103982276, -0.655584841, 0.0 ], [ 123.099643491, -0.636415848, 0.0 ], [ 123.075119019, -0.646740317, 0.0 ], [ 123.089303959, -0.629895612, 0.0 ] ] ] ] } },
{ "type": "Feature", "properties": { "id": 7734, "pbph": null, "kph": "KPH Sivia Patuju", "provinsi": "Sulawesi Tengah", "fungsi": "HPK" }, "geometry": { "type": "MultiPolygon", "coordinates": [ [ [ [ 122.080378043, -1.301673716, 0.0 ], [ 122.04210663, -1.330693244, 0.0 ], [ 122.025584795, -1.300407565, 0.0 ], [ 122.035407432, -1.312412118, 0.0 ], [ 122.05744317, -1.293848153, 0.0 ], [ 122.080378043, -1.301673716, 0.0 ] ] ] ] } },
{ "type": "Feature", "properties": { "id": 7725, "pbph": null, "kph": "KPH Balantak", "provinsi": "Sulawesi Tengah", "fungsi": "HPT" }, "geometry": { "type": "MultiPolygon", "coordinates": [ [ [ [ 122.820282053, -0.67661264, 0.0 ], [ 122.841555556, -0.682916667, 0.0 ], [ 122.842356398, -0.709013588, 0.0 ], [ 122.789029578, -0.70445803, 0.0 ], [ 122.769177174, -0.684170168, 0.0 ], [ 122.820282053, -0.67661264, 0.0 ] ] ] ] } },
{ "type": "Feature", "properties": { "id": 7758, "pbph": null, "kph": "KPH Toili Baturube", "provinsi": "Sulawesi Tengah", "fungsi": "HL" }, "geometry": { "type": "MultiPolygon", "coordinates": [ [ [ [ 121.984820472, -1.3918875, 0.0 ], [ 122.031105169, -1.405419778, 0.0 ], [ 122.051232995, -1.428254292, 0.0 ], [ 121.993853359, -1.404980763, 0.0 ], [ 121.879624859, -1.408935614, 0.0 ], [ 121.879024849, -1.351141031, 0.0 ], [ 121.872157459, -1.427494391, 0.0 ], [ 121.852500916, -1.382253885, 0.0 ], [ 121.85874176, -1.332581043, 0.0 ], [ 121.872541157, -1.339452774, 0.0 ], [ 121.927947701, -1.303406908, 0.0 ], [ 121.984820472, -1.3918875, 0.0 ] ] ] ] } },
{ "type": "Feature", "properties": { "id": 7735, "pbph": null, "kph": "KPH Sivia Patuju", "provinsi": "Sulawesi Tengah", "fungsi": "HPK" }, "geometry": { "type": "MultiPolygon", "coordinates": [ [ [ [ 121.811260285, -1.309620058, 0.0 ], [ 121.799736023, -1.301408648, 0.0 ], [ 121.80884552, -1.294866432, 0.0 ], [ 121.811260285, -1.309620058, 0.0 ] ] ] ] } },
{ "type": "Feature", "properties": { "id": 7738, "pbph": null, "kph": "KPH Balantak", "provinsi": "Sulawesi Tengah", "fungsi": "HPK" }, "geometry": { "type": "MultiPolygon", "coordinates": [ [ [ [ 123.321542179, -0.962426361, 0.0 ], [ 123.361358016, -0.978306232, 0.0 ], [ 123.337486266, -0.982869924, 0.0 ], [ 123.353365975, -0.997808108, 0.0 ], [ 123.318548696, -1.01264479, 0.0 ], [ 123.311109297, -0.987809849, 0.0 ], [ 123.264778139, -0.989255072, 0.0 ], [ 123.266679491, -0.972541335, 0.0 ], [ 123.321542179, -0.962426361, 0.0 ] ] ] ] } },
{ "type": "Feature", "properties": { "id": 7742, "pbph": null, "kph": "KPH Tepo Asa Aroa", "provinsi": "Sulawesi Tengah", "fungsi": "HL" }, "geometry": { "type": "MultiPolygon", "coordinates": [ [ [ [ 120.842295934, -2.060807214, 0.0 ], [ 120.876948856, -2.089713909, 0.0 ], [ 120.942604191, -2.092308013, 0.0 ], [ 120.960628185, -2.065944513, 0.0 ], [ 120.974892168, -2.092179354, 0.0 ], [ 121.002472304, -2.079652402, 0.0 ], [ 120.996488571, -2.105463028, 0.0 ], [ 121.058748246, -2.149019241, 0.0 ], [ 121.060358047, -2.17672348, 0.0 ], [ 121.082242966, -2.180734634, 0.0 ], [ 121.068632126, -2.197519302, 0.0 ], [ 121.125898361, -2.191492081, 0.0 ], [ 121.185976028, -2.252700806, 0.0 ], [ 121.216147352, -2.32754801, 0.0 ], [ 121.239882042, -2.341683788, 0.0 ], [ 121.231810428, -2.359361821, 0.0 ], [ 121.178850636, -2.372225331, 0.0 ], [ 121.170940679, -2.342630808, 0.0 ], [ 121.153232239, -2.343735892, 0.0 ], [ 121.121057763, -2.299063435, 0.0 ], [ 121.139509145, -2.222295857, 0.0 ], [ 121.050761945, -2.265765887, 0.0 ], [ 121.04314873, -2.24885298, 0.0 ], [ 121.010147585, -2.262068709, 0.0 ], [ 120.957317434, -2.232892124, 0.0 ], [ 120.957946614, -2.198706589, 0.0 ], [ 120.9236127, -2.199944512, 0.0 ], [ 120.95027808, -2.181865316, 0.0 ], [ 120.946172571, -2.129616414, 0.0 ], [ 120.837950282, -2.145487916, 0.0 ], [ 120.842295934, -2.060807214, 0.0 ] ] ] ] } },
{ "type": "Feature", "properties": { "id": 7743, "pbph": null, "kph": "KPH Banawa Lalundu", "provinsi": "Sulawesi Tengah", "fungsi": "HL" }, "geometry": { "type": "MultiPolygon", "coordinates": [ [ [ [ 119.756996665, -1.011213574, 0.0 ], [ 119.800780002, -1.088589999, 0.0 ], [ 119.804140001, -1.139269998, 0.0 ], [ 119.775132761, -1.195509662, 0.0 ], [ 119.830969962, -1.284360106, 0.0 ], [ 119.821826082, -1.304425772, 0.0 ], [ 119.838029962, -1.364720107, 0.0 ], [ 119.833070278, -1.386674721, 0.0 ], [ 119.806505833, -1.400036284, 0.0 ], [ 119.819023039, -1.387340244, 0.0 ], [ 119.798454419, -1.352863124, 0.0 ], [ 119.799907499, -1.283896137, 0.0 ], [ 119.724818717, -1.3013759, 0.0 ], [ 119.739462577, -1.288961625, 0.0 ], [ 119.713133253, -1.268882364, 0.0 ], [ 119.783851625, -1.154932498, 0.0 ], [ 119.762573244, -1.090207337, 0.0 ], [ 119.735208511, -1.093704224, 0.0 ], [ 119.737104416, -1.075052261, 0.0 ], [ 119.722959518, -1.069850922, 0.0 ], [ 119.747171402, -1.066608429, 0.0 ], [ 119.756467819, -1.046998978, 0.0 ], [ 119.739725113, -1.027755737, 0.0 ], [ 119.757305414, -0.996729167, 0.0 ], [ 119.756996665, -1.011213574, 0.0 ] ] ] ] } },
{ "type": "Feature", "properties": { "id": 7744, "pbph": null, "kph": "KPH Tepo Asa Aroa", "provinsi": "Sulawesi Tengah", "fungsi": "HL" }, "geometry": { "type": "MultiPolygon", "coordinates": [ [ [ [ 121.125898717, -1.653203537, 0.0 ], [ 121.068511963, -1.72476542, 0.0 ], [ 121.038917542, -1.802095532, 0.0 ], [ 121.001106262, -1.831640123, 0.0 ], [ 120.964736938, -1.809374689, 0.0 ], [ 120.959871965, -1.719162709, 0.0 ], [ 121.016794879, -1.714517411, 0.0 ], [ 121.046926125, -1.675754187, 0.0 ], [ 121.125898717, -1.653203537, 0.0 ] ] ] ] } },
{ "type": "Feature", "properties": { "id": 7745, "pbph": null, "kph": "KPH Tepo Asa Aroa", "provinsi": "Sulawesi Tengah", "fungsi": "HP" }, "geometry": { "type": "MultiPolygon", "coordinates": [ [ [ [ 121.062979382, -2.041404035, 0.0 ], [ 121.070398331, -2.091722488, 0.0 ], [ 121.104921341, -2.121253967, 0.0 ], [ 121.059801103, -2.174915314, 0.0 ], [ 121.05937767, -2.149723053, 0.0 ], [ 121.036634445, -2.144199371, 0.0 ], [ 120.995756149, -2.091201782, 0.0 ], [ 121.025649047, -2.100563363, 0.0 ], [ 121.062979382, -2.041404035, 0.0 ] ] ] ] } },
{ "type": "Feature", "properties": { "id": 7773, "pbph": null, "kph": "KPH Toili Baturube", "provinsi": "Sulawesi Tengah", "fungsi": "HPK" }, "geometry": { "type": "MultiPolygon", "coordinates": [ [ [ [ 122.198020473, -1.413732368, 0.0 ], [ 122.185927523, -1.438830779, 0.0 ], [ 122.161857757, -1.434069529, 0.0 ], [ 122.175134007, -1.408211847, 0.0 ], [ 122.198020473, -1.413732368, 0.0 ] ] ] ] } },
{ "type": "Feature", "properties": { "id": 7746, "pbph": null, "kph": "KPH Sivia Patuju", "provinsi": "Sulawesi Tengah", "fungsi": "HPT" }, "geometry": { "type": "MultiPolygon", "coordinates": [ [ [ [ 121.152207282, -1.593287925, 0.0 ], [ 121.136005061, -1.598195484, 0.0 ], [ 121.14005786, -1.578497647, 0.0 ], [ 121.154196794, -1.578456901, 0.0 ], [ 121.152207282, -1.593287925, 0.0 ] ] ] ] } },
{ "type": "Feature", "properties": { "id": 7749, "pbph": null, "kph": "KPH Sivia Patuju", "provinsi": "Sulawesi Tengah", "fungsi": "HPT" }, "geometry": { "type": "MultiPolygon", "coordinates": [ [ [ [ 121.096909902, -1.511576629, 0.0 ], [ 120.941581077, -1.51329862, 0.0 ], [ 120.936882019, -1.486442566, 0.0 ], [ 120.894000673, -1.477295564, 0.0 ], [ 120.958751995, -1.462750648, 0.0 ], [ 120.965947046, -1.476621343, 0.0 ], [ 120.986472383, -1.436451239, 0.0 ], [ 121.008769599, -1.45344294, 0.0 ], [ 121.009125968, -1.482254774, 0.0 ], [ 121.030267404, -1.440584714, 0.0 ], [ 121.052275301, -1.460575082, 0.0 ], [ 121.04875251, -1.481953202, 0.0 ], [ 121.056807561, -1.463959667, 0.0 ], [ 121.070728123, -1.470835907, 0.0 ], [ 121.096909902, -1.511576629, 0.0 ] ] ] ] } },
{ "type": "Feature", "properties": { "id": 7750, "pbph": null, "kph": "KPH Sivia Patuju", "provinsi": "Sulawesi Tengah", "fungsi": "HPT" }, "geometry": { "type": "MultiPolygon", "coordinates": [ [ [ [ 121.13378266, -1.628863257, 0.0 ], [ 121.127163301, -1.639880323, 0.0 ], [ 121.128822035, -1.606382869, 0.0 ], [ 121.13378266, -1.628863257, 0.0 ] ] ] ] } },
{ "type": "Feature", "properties": { "id": 7771, "pbph": null, "kph": "KPH Sivia Patuju", "provinsi": "Sulawesi Tengah", "fungsi": "HPK" }, "geometry": { "type": "MultiPolygon", "coordinates": [ [ [ [ 121.824848657, -1.333295729, 0.0 ], [ 121.843161125, -1.340927136, 0.0 ], [ 121.820396423, -1.348513245, 0.0 ], [ 121.805658295, -1.33575432, 0.0 ], [ 121.824848657, -1.333295729, 0.0 ] ] ] ] } },
{ "type": "Feature", "properties": { "id": 7784, "pbph": null, "kph": "KPH Pogogul", "provinsi": "Sulawesi Tengah", "fungsi": "HL" }, "geometry": { "type": "MultiPolygon", "coordinates": [ [ [ [ 122.131221505, 1.053421459, 0.0 ], [ 122.163438319, 1.032125985, 0.0 ], [ 122.180525031, 1.043943406, 0.0 ], [ 122.162986754, 1.031486631, 0.0 ], [ 122.154197693, 1.045577289, 0.0 ], [ 122.126037333, 1.043884464, 0.0 ], [ 122.131221505, 1.053421459, 0.0 ] ] ] ] } },
{ "type": "Feature", "properties": { "id": 7854, "pbph": null, "kph": "KPH Pogogul", "provinsi": "Sulawesi Tengah", "fungsi": "HP" }, "geometry": { "type": "MultiPolygon", "coordinates": [ [ [ [ 121.32813453, 1.222192771, 0.0 ], [ 121.3263751, 1.209064103, 0.0 ], [ 121.310365439, 1.21124623, 0.0 ], [ 121.32813453, 1.222192771, 0.0 ] ] ] ] } },
{ "type": "Feature", "properties": { "id": 7855, "pbph": null, "kph": "KPH Pogogul", "provinsi": "Sulawesi Tengah", "fungsi": "HP" }, "geometry": { "type": "MultiPolygon", "coordinates": [ [ [ [ 121.396377118, 1.198503723, 0.0 ], [ 121.389282436, 1.13769066, 0.0 ], [ 121.377143114, 1.135261241, 0.0 ], [ 121.366577148, 1.160195589, 0.0 ], [ 121.351668951, 1.148473275, 0.0 ], [ 121.349176603, 1.167382371, 0.0 ], [ 121.396377118, 1.198503723, 0.0 ] ] ] ] } },
{ "type": "Feature", "properties": { "id": 7865, "pbph": null, "kph": "KPH Gunung Dako", "provinsi": "Sulawesi Tengah", "fungsi": "HP" }, "geometry": { "type": "MultiPolygon", "coordinates": [ [ [ [ 120.720361585, 0.914852046, 0.0 ], [ 120.680729349, 0.925737038, 0.0 ], [ 120.687376022, 0.943311691, 0.0 ], [ 120.711235046, 0.930374623, 0.0 ], [ 120.746391296, 0.943028749, 0.0 ], [ 120.791702271, 0.983264863, 0.0 ], [ 120.802162836, 0.938473094, 0.0 ], [ 120.771120032, 0.923531158, 0.0 ], [ 120.784282181, 0.901263119, 0.0 ], [ 120.741255641, 0.92186309, 0.0 ], [ 120.720361585, 0.914852046, 0.0 ] ] ] ] } },
{ "type": "Feature", "properties": { "id": 7850, "pbph": null, "kph": "KPH Pogogul", "provinsi": "Sulawesi Tengah", "fungsi": "HP" }, "geometry": { "type": "MultiPolygon", "coordinates": [ [ [ [ 121.2834632, 1.199233489, 0.0 ], [ 121.304232221, 1.176960587, 0.0 ], [ 121.286814539, 1.122476791, 0.0 ], [ 121.303627397, 1.147565864, 0.0 ], [ 121.337047869, 1.153718981, 0.0 ], [ 121.352971997, 1.107870742, 0.0 ], [ 121.280274491, 1.095150551, 0.0 ], [ 121.299932671, 1.114995137, 0.0 ], [ 121.281815993, 1.121538151, 0.0 ], [ 121.269700399, 1.159341987, 0.0 ], [ 121.276019109, 1.206836362, 0.0 ], [ 121.2834632, 1.199233489, 0.0 ] ] ] ] } },
{ "type": "Feature", "properties": { "id": 7851, "pbph": null, "kph": "KPH Pogogul", "provinsi": "Sulawesi Tengah", "fungsi": "HP" }, "geometry": { "type": "MultiPolygon", "coordinates": [ [ [ [ 121.36733893, 1.236745259, 0.0 ], [ 121.393074036, 1.228580594, 0.0 ], [ 121.392959371, 1.200710852, 0.0 ], [ 121.356617866, 1.172560419, 0.0 ], [ 121.308929443, 1.162210465, 0.0 ], [ 121.322445662, 1.151774225, 0.0 ], [ 121.300109754, 1.144872307, 0.0 ], [ 121.304601563, 1.177455721, 0.0 ], [ 121.280388602, 1.21450665, 0.0 ], [ 121.299704323, 1.209636859, 0.0 ], [ 121.300369487, 1.19265478, 0.0 ], [ 121.310700683, 1.210091105, 0.0 ], [ 121.326272325, 1.194969391, 0.0 ], [ 121.329516084, 1.2095284, 0.0 ], [ 121.340084078, 1.189625747, 0.0 ], [ 121.359724852, 1.213540033, 0.0 ], [ 121.354448368, 1.23755129, 0.0 ], [ 121.36733893, 1.236745259, 0.0 ] ] ] ] } },
{ "type": "Feature", "properties": { "id": 7852, "pbph": null, "kph": "KPH Pogogul", "provinsi": "Sulawesi Tengah", "fungsi": "HP" }, "geometry": { "type": "MultiPolygon", "coordinates": [ [ [ [ 121.458610535, 1.264765501, 0.0 ], [ 121.438117981, 1.252651215, 0.0 ], [ 121.421646117, 1.266298175, 0.0 ], [ 121.458610535, 1.264765501, 0.0 ] ] ] ] } },
{ "type": "Feature", "properties": { "id": 7853, "pbph": null, "kph": "KPH Pogogul", "provinsi": "Sulawesi Tengah", "fungsi": "HP" }, "geometry": { "type": "MultiPolygon", "coordinates": [ [ [ [ 121.170995516, 1.209799837, 0.0 ], [ 121.193051504, 1.191946013, 0.0 ], [ 121.166403095, 1.127489916, 0.0 ], [ 121.187229179, 1.099025737, 0.0 ], [ 121.245645824, 1.118411794, 0.0 ], [ 121.253150041, 1.184448464, 0.0 ], [ 121.283206559, 1.136565788, 0.0 ], [ 121.28185389, 1.118639887, 0.0 ], [ 121.256134034, 1.107565881, 0.0 ], [ 121.271501465, 1.092124033, 0.0 ], [ 121.19711224, 1.075314677, 0.0 ], [ 121.168998783, 1.042920679, 0.0 ], [ 121.140043068, 1.043963084, 0.0 ], [ 121.134753824, 1.030025733, 0.0 ], [ 121.153478519, 1.034233963, 0.0 ], [ 121.138962054, 1.005857363, 0.0 ], [ 121.065001769, 0.978748615, 0.0 ], [ 121.037493926, 0.949143993, 0.0 ], [ 121.038744783, 0.991976448, 0.0 ], [ 121.131432248, 1.097510555, 0.0 ], [ 121.130960016, 1.1747183, 0.0 ], [ 121.157538981, 1.217911208, 0.0 ], [ 121.170995516, 1.209799837, 0.0 ] ] ] ] } },
{ "type": "Feature", "properties": { "id": 7871, "pbph": null, "kph": "KPH Dampelas Tinombo", "provinsi": "Sulawesi Tengah", "fungsi": "HPT" }, "geometry": { "type": "MultiPolygon", "coordinates": [ [ [ [ 120.1986942, 0.67929562, 0.0 ], [ 120.153943664, 0.668927775, 0.0 ], [ 120.125519544, 0.678962342, 0.0 ], [ 120.101404482, 0.616236199, 0.0 ], [ 120.123857898, 0.576940148, 0.0 ], [ 120.096837369, 0.535514028, 0.0 ], [ 120.075452805, 0.617013931, 0.0 ], [ 120.088212967, 0.662679672, 0.0 ], [ 120.066598892, 0.680372238, 0.0 ], [ 120.091188431, 0.697877884, 0.0 ], [ 120.155100884, 0.699874747, 0.0 ], [ 120.1986942, 0.67929562, 0.0 ] ] ] ] } },
{ "type": "Feature", "properties": { "id": 7890, "pbph": null, "kph": "KPH Dolago Tanggunung", "provinsi": "Sulawesi Tengah", "fungsi": "HL" }, "geometry": { "type": "MultiPolygon", "coordinates": [ [ [ [ 119.927874144, -0.187166777, 0.0 ], [ 119.932641481, -0.212148328, 0.0 ], [ 119.912449476, -0.237911833, 0.0 ], [ 119.921750382, -0.258580514, 0.0 ], [ 119.905482808, -0.269368288, 0.0 ], [ 119.92440155, -0.287365206, 0.0 ], [ 119.903532709, -0.303932091, 0.0 ], [ 119.886868453, -0.266632917, 0.0 ], [ 119.914225347, -0.2052232, 0.0 ], [ 119.91178268, -0.163277866, 0.0 ], [ 119.927874144, -0.187166777, 0.0 ] ] ] ] } },
{ "type": "Feature", "properties": { "id": 7892, "pbph": null, "kph": "KPH Dolago Tanggunung", "provinsi": "Sulawesi Tengah", "fungsi": "HPT" }, "geometry": { "type": "MultiPolygon", "coordinates": [ [ [ [ 119.967025436, -0.174186472, 0.0 ], [ 119.980525741, -0.234795114, 0.0 ], [ 119.952357761, -0.247895866, 0.0 ], [ 119.922860833, -0.22986959, 0.0 ], [ 119.93638, -0.20956, 0.0 ], [ 119.924874935, -0.12134606, 0.0 ], [ 119.937866791, -0.124153824, 0.0 ], [ 119.929895596, -0.153492578, 0.0 ], [ 119.954832347, -0.153563962, 0.0 ], [ 119.963755326, -0.161749307, 0.0 ], [ 119.950216193, -0.169054252, 0.0 ], [ 119.967025436, -0.174186472, 0.0 ] ] ] ] } },
{ "type": "Feature", "properties": { "id": 7897, "pbph": null, "kph": "KPH Sintuwu Maroso", "provinsi": "Sulawesi Tengah", "fungsi": "HL" }, "geometry": { "type": "MultiPolygon", "coordinates": [ [ [ [ 120.415332074, -1.802077248, 0.0 ], [ 120.4044325, -1.866735872, 0.0 ], [ 120.36546482, -1.901038523, 0.0 ], [ 120.362076421, -1.987287413, 0.0 ], [ 120.343868623, -1.977125606, 0.0 ], [ 120.329124437, -1.996863099, 0.0 ], [ 120.325583333, -2.040527778, 0.0 ], [ 120.309056035, -2.049040166, 0.0 ], [ 120.231991998, -1.98257744, 0.0 ], [ 120.197821152, -1.994559634, 0.0 ], [ 120.171478825, -1.965861333, 0.0 ], [ 120.171792984, -1.896318436, 0.0 ], [ 120.191083908, -1.897996902, 0.0 ], [ 120.213571548, -1.87336731, 0.0 ], [ 120.225112117, -1.918520549, 0.0 ], [ 120.203033447, -1.90956521, 0.0 ], [ 120.186798, -1.926162, 0.0 ], [ 120.205950509, -1.960390805, 0.0 ], [ 120.271080017, -1.966092586, 0.0 ], [ 120.311624859, -1.941187164, 0.0 ], [ 120.322672416, -1.888861433, 0.0 ], [ 120.312631226, -1.860235171, 0.0 ], [ 120.378235297, -1.807851751, 0.0 ], [ 120.415332074, -1.802077248, 0.0 ] ] ] ] } },
{ "type": "Feature", "properties": { "id": 7898, "pbph": null, "kph": "KPH Sintuwu Maroso", "provinsi": "Sulawesi Tengah", "fungsi": "HL" }, "geometry": { "type": "MultiPolygon", "coordinates": [ [ [ [ 120.415867653, -1.801357288, 0.0 ], [ 120.377948521, -1.80733636, 0.0 ], [ 120.3171153, -1.864995416, 0.0 ], [ 120.322859589, -1.821004286, 0.0 ], [ 120.298719308, -1.749206, 0.0 ], [ 120.326919307, -1.742068194, 0.0 ], [ 120.319001326, -1.685201036, 0.0 ], [ 120.455592649, -1.642930791, 0.0 ], [ 120.456794879, -1.666017411, 0.0 ], [ 120.413794879, -1.66811741, 0.0 ], [ 120.433794879, -1.711717411, 0.0 ], [ 120.415867653, -1.801357288, 0.0 ] ] ] ] } },
{ "type": "Feature", "properties": { "id": 7899, "pbph": null, "kph": "KPH Sintuwu Maroso", "provinsi": "Sulawesi Tengah", "fungsi": "HL" }, "geometry": { "type": "MultiPolygon", "coordinates": [ [ [ [ 120.689709587, -1.81770332, 0.0 ], [ 120.71726, -1.91659, 0.0 ], [ 120.762884647, -1.952485584, 0.0 ], [ 120.754406494, -1.978289889, 0.0 ], [ 120.795687896, -2.015033361, 0.0 ], [ 120.78286171, -2.02822113, 0.0 ], [ 120.728773117, -2.03074646, 0.0 ], [ 120.735043477, -2.016481989, 0.0 ], [ 120.703794105, -1.999105257, 0.0 ], [ 120.706658637, -1.981641962, 0.0 ], [ 120.677566779, -1.944035108, 0.0 ], [ 120.685525875, -1.911688349, 0.0 ], [ 120.662105979, -1.854170164, 0.0 ], [ 120.641486725, -1.844850877, 0.0 ], [ 120.645243896, -1.79474806, 0.0 ], [ 120.677865726, -1.751582345, 0.0 ], [ 120.696806488, -1.775487529, 0.0 ], [ 120.679267619, -1.800937524, 0.0 ], [ 120.689709587, -1.81770332, 0.0 ] ] ] ] } },
{ "type": "Feature", "properties": { "id": 7948, "pbph": null, "kph": "KPH Tepo Asa Aroa", "provinsi": "Sulawesi Tengah", "fungsi": "HPK" }, "geometry": { "type": "MultiPolygon", "coordinates": [ [ [ [ 120.938422008, -1.884167404, 0.0 ], [ 120.916768496, -1.860836887, 0.0 ], [ 120.899772644, -1.879005313, 0.0 ], [ 120.901489258, -1.857727051, 0.0 ], [ 120.954291838, -1.835616799, 0.0 ], [ 120.938422008, -1.884167404, 0.0 ] ] ] ] } },
{ "type": "Feature", "properties": { "id": 7988, "pbph": null, "kph": "KPH Tepo Asa Aroa", "provinsi": "Sulawesi Tengah", "fungsi": "HL" }, "geometry": { "type": "MultiPolygon", "coordinates": [ [ [ [ 121.121057763, -2.299063435, 0.0 ], [ 121.102921189, -2.276759267, 0.0 ], [ 121.050761945, -2.265765887, 0.0 ], [ 121.128952819, -2.219794288, 0.0 ], [ 121.145302543, -2.229959117, 0.0 ], [ 121.121057763, -2.299063435, 0.0 ] ] ] ] } },
{ "type": "Feature", "properties": { "id": 7990, "pbph": null, "kph": "KPH Tepo Asa Aroa", "provinsi": "Sulawesi Tengah", "fungsi": "HL" }, "geometry": { "type": "MultiPolygon", "coordinates": [ [ [ [ 121.288710729, -2.355841761, 0.0 ], [ 121.30430097, -2.380821644, 0.0 ], [ 121.229229291, -2.361356851, 0.0 ], [ 121.239882042, -2.341683788, 0.0 ], [ 121.288710729, -2.355841761, 0.0 ] ] ] ] } },
{ "type": "Feature", "properties": { "id": 7991, "pbph": null, "kph": "KPH Tepo Asa Aroa", "provinsi": "Sulawesi Tengah", "fungsi": "HL" }, "geometry": { "type": "MultiPolygon", "coordinates": [ [ [ [ 121.477029044, -2.22482358, 0.0 ], [ 121.492953183, -2.252094769, 0.0 ], [ 121.462485782, -2.298725612, 0.0 ], [ 121.448762894, -2.257123947, 0.0 ], [ 121.477029044, -2.22482358, 0.0 ] ] ] ] } },
{ "type": "Feature", "properties": { "id": 7992, "pbph": null, "kph": "KPH Tepo Asa Aroa", "provinsi": "Sulawesi Tengah", "fungsi": "HL" }, "geometry": { "type": "MultiPolygon", "coordinates": [ [ [ [ 121.461010503, -2.326592244, 0.0 ], [ 121.442138892, -2.405037498, 0.0 ], [ 121.416531914, -2.406135828, 0.0 ], [ 121.447113801, -2.353386221, 0.0 ], [ 121.440144815, -2.315901875, 0.0 ], [ 121.461010503, -2.326592244, 0.0 ] ] ] ] } },
{ "type": "Feature", "properties": { "id": 8095, "pbph": null, "kph": "KPH Tepo Asa Aroa", "provinsi": "Sulawesi Tengah", "fungsi": "HL" }, "geometry": { "type": "MultiPolygon", "coordinates": [ [ [ [ 120.842295934, -2.060807214, 0.0 ], [ 120.834127112, -2.123114883, 0.0 ], [ 120.817221543, -2.064318827, 0.0 ], [ 120.830191185, -2.048464367, 0.0 ], [ 120.842295934, -2.060807214, 0.0 ] ] ] ] } },
{ "type": "Feature", "properties": { "id": 8114, "pbph": null, "kph": "KPH Tepo Asa Aroa", "provinsi": "Sulawesi Tengah", "fungsi": "HL" }, "geometry": { "type": "MultiPolygon", "coordinates": [ [ [ [ 120.9236127, -2.199944512, 0.0 ], [ 120.957946614, -2.198706589, 0.0 ], [ 120.957317434, -2.232892124, 0.0 ], [ 120.837739982, -2.218591668, 0.0 ], [ 120.834384659, -2.186257251, 0.0 ], [ 120.862884887, -2.200694473, 0.0 ], [ 120.883652543, -2.154606234, 0.0 ], [ 120.906352372, -2.151784704, 0.0 ], [ 120.912035306, -2.187990123, 0.0 ], [ 120.89375178, -2.179087232, 0.0 ], [ 120.880507404, -2.195662418, 0.0 ], [ 120.888431286, -2.208851795, 0.0 ], [ 120.9236127, -2.199944512, 0.0 ] ] ] ] } },
{ "type": "Feature", "properties": { "id": 8212, "pbph": null, "kph": "KPH Tepo Asa Aroa", "provinsi": "Sulawesi Tengah", "fungsi": "HP" }, "geometry": { "type": "MultiPolygon", "coordinates": [ [ [ [ 120.9236127, -2.199944512, 0.0 ], [ 120.888431286, -2.208851795, 0.0 ], [ 120.880507404, -2.195662418, 0.0 ], [ 120.89375178, -2.179087232, 0.0 ], [ 120.901338337, -2.192711459, 0.0 ], [ 120.913509821, -2.184877279, 0.0 ], [ 120.900518167, -2.172036888, 0.0 ], [ 120.912963514, -2.155932679, 0.0 ], [ 120.897503932, -2.151377763, 0.0 ], [ 120.882493762, -2.156039661, 0.0 ], [ 120.872732659, -2.192886076, 0.0 ], [ 120.847028183, -2.200253311, 0.0 ], [ 120.834384659, -2.186257251, 0.0 ], [ 120.837950282, -2.145487916, 0.0 ], [ 120.946172571, -2.129616414, 0.0 ], [ 120.95027808, -2.181865316, 0.0 ], [ 120.9236127, -2.199944512, 0.0 ] ] ] ] } },
{ "type": "Feature", "properties": { "id": 8213, "pbph": null, "kph": "KPH Kulawi", "provinsi": "Sulawesi Tengah", "fungsi": "HP" }, "geometry": { "type": "MultiPolygon", "coordinates": [ [ [ [ 119.83816854, -1.649080681, 0.0 ], [ 119.827693137, -1.687064173, 0.0 ], [ 119.818199158, -1.662134767, 0.0 ], [ 119.83816854, -1.649080681, 0.0 ] ] ] ] } },
{ "type": "Feature", "properties": { "id": 8234, "pbph": null, "kph": "KPH Kulawi", "provinsi": "Sulawesi Tengah", "fungsi": "HPT" }, "geometry": { "type": "MultiPolygon", "coordinates": [ [ [ [ 119.834895713, -1.638947272, 0.0 ], [ 119.845588639, -1.638895398, 0.0 ], [ 119.826974869, -1.639406204, 0.0 ], [ 119.814096452, -1.663135529, 0.0 ], [ 119.805488192, -1.638588689, 0.0 ], [ 119.817964553, -1.648962022, 0.0 ], [ 119.814641666, -1.633902524, 0.0 ], [ 119.834895713, -1.638947272, 0.0 ] ] ] ] } },
{ "type": "Feature", "properties": { "id": 8260, "pbph": null, "kph": "KPH Kulawi", "provinsi": "Sulawesi Tengah", "fungsi": "HPT" }, "geometry": { "type": "MultiPolygon", "coordinates": [ [ [ [ 120.042946305, -1.690195252, 0.0 ], [ 120.045204083, -1.725778397, 0.0 ], [ 119.985816957, -1.693082094, 0.0 ], [ 120.042946305, -1.690195252, 0.0 ] ] ] ] } },
{ "type": "Feature", "properties": { "id": 8264, "pbph": null, "kph": "KPH Banawa Lalundu", "provinsi": "Sulawesi Tengah", "fungsi": "HPK" }, "geometry": { "type": "MultiPolygon", "coordinates": [ [ [ [ 119.571554727, -1.378873795, 0.0 ], [ 119.591068293, -1.396257934, 0.0 ], [ 119.5837842, -1.42499674, 0.0 ], [ 119.532407405, -1.429025031, 0.0 ], [ 119.533693694, -1.409295648, 0.0 ], [ 119.557789867, -1.407383667, 0.0 ], [ 119.571554727, -1.378873795, 0.0 ] ] ] ] } },
{ "type": "Feature", "properties": { "id": 8265, "pbph": null, "kph": "KPH Sivia Patuju", "provinsi": "Sulawesi Tengah", "fungsi": "HL" }, "geometry": { "type": "MultiPolygon", "coordinates": [ [ [ [ 121.165469254, -1.400231609, 0.0 ], [ 121.184627285, -1.422161011, 0.0 ], [ 121.154097783, -1.444303215, 0.0 ], [ 121.168952942, -1.530480861, 0.0 ], [ 121.158350022, -1.573064319, 0.0 ], [ 121.14656067, -1.563683866, 0.0 ], [ 121.161560716, -1.514811029, 0.0 ], [ 121.126929867, -1.444938943, 0.0 ], [ 121.138426695, -1.413369228, 0.0 ], [ 121.165469254, -1.400231609, 0.0 ] ] ] ] } },
{ "type": "Feature", "properties": { "id": 8266, "pbph": null, "kph": "KPH Sivia Patuju", "provinsi": "Sulawesi Tengah", "fungsi": "HL" }, "geometry": { "type": "MultiPolygon", "coordinates": [ [ [ [ 121.275313191, -1.401382238, 0.0 ], [ 121.294029236, -1.423945546, 0.0 ], [ 121.319566553, -1.416438638, 0.0 ], [ 121.336140013, -1.455143042, 0.0 ], [ 121.295727123, -1.473634262, 0.0 ], [ 121.281128699, -1.425841539, 0.0 ], [ 121.260010371, -1.412471668, 0.0 ], [ 121.275313191, -1.401382238, 0.0 ] ] ] ] } },
{ "type": "Feature", "properties": { "id": 8277, "pbph": null, "kph": "KPH Tepo Asa Aroa", "provinsi": "Sulawesi Tengah", "fungsi": "HL" }, "geometry": { "type": "MultiPolygon", "coordinates": [ [ [ [ 121.263789998, -1.553511926, 0.0 ], [ 121.238235474, -1.5879668, 0.0 ], [ 121.248560783, -1.634645896, 0.0 ], [ 121.220420585, -1.579796247, 0.0 ], [ 121.253309215, -1.546305155, 0.0 ], [ 121.263789998, -1.553511926, 0.0 ] ] ] ] } },
{ "type": "Feature", "properties": { "id": 8278, "pbph": null, "kph": "KPH Pulau Peling", "provinsi": "Sulawesi Tengah", "fungsi": "HL" }, "geometry": { "type": "MultiPolygon", "coordinates": [ [ [ [ 123.568008668, -1.627926085, 0.0 ], [ 123.575668951, -1.668458098, 0.0 ], [ 123.558981205, -1.650489448, 0.0 ], [ 123.55847028, -1.68686582, 0.0 ], [ 123.536776018, -1.722311738, 0.0 ], [ 123.543363099, -1.595486392, 0.0 ], [ 123.545963611, -1.628854216, 0.0 ], [ 123.548207583, -1.59605879, 0.0 ], [ 123.568008668, -1.627926085, 0.0 ] ] ] ] } },
{ "type": "Feature", "properties": { "id": 8294, "pbph": null, "kph": "KPH Tepo Asa Aroa", "provinsi": "Sulawesi Tengah", "fungsi": "HL" }, "geometry": { "type": "MultiPolygon", "coordinates": [ [ [ [ 121.142223357, -2.002689241, 0.0 ], [ 121.127403259, -1.974626659, 0.0 ], [ 121.148323059, -1.954693793, 0.0 ], [ 121.142223357, -2.002689241, 0.0 ] ] ] ] } },
{ "type": "Feature", "properties": { "id": 8295, "pbph": null, "kph": "KPH Pulau Peling", "provinsi": "Sulawesi Tengah", "fungsi": "HL" }, "geometry": { "type": "MultiPolygon", "coordinates": [ [ [ [ 123.806550311, -1.90014866, 0.0 ], [ 123.863272027, -1.979489866, 0.0 ], [ 123.854362451, -2.012252393, 0.0 ], [ 123.859138489, -1.982896209, 0.0 ], [ 123.842297713, -1.950558665, 0.0 ], [ 123.845744946, -1.997555836, 0.0 ], [ 123.811753463, -2.008716595, 0.0 ], [ 123.826452727, -2.026125485, 0.0 ], [ 123.791576836, -1.989202804, 0.0 ], [ 123.78188099, -1.92924738, 0.0 ], [ 123.770509111, -1.942915838, 0.0 ], [ 123.775212567, -1.909013109, 0.0 ], [ 123.788742065, -1.977357149, 0.0 ], [ 123.81134829, -2.007965019, 0.0 ], [ 123.835975648, -1.961952925, 0.0 ], [ 123.829689026, -1.976652024, 0.0 ], [ 123.806632997, -1.967449187, 0.0 ], [ 123.804893494, -1.902515411, 0.0 ], [ 123.775800461, -1.891543006, 0.0 ], [ 123.786078549, -1.87928941, 0.0 ], [ 123.806550311, -1.90014866, 0.0 ] ] ] ] } },
{ "type": "Feature", "properties": { "id": 8296, "pbph": null, "kph": "KPH Tepo Asa Aroa", "provinsi": "Sulawesi Tengah", "fungsi": "HP" }, "geometry": { "type": "MultiPolygon", "coordinates": [ [ [ [ 121.477029044, -2.22482358, 0.0 ], [ 121.4485569, -2.258277893, 0.0 ], [ 121.461010503, -2.326592244, 0.0 ], [ 121.402681557, -2.278332834, 0.0 ], [ 121.402998948, -2.248370171, 0.0 ], [ 121.44759493, -2.18919261, 0.0 ], [ 121.463827795, -2.203762757, 0.0 ], [ 121.477200365, -2.19492068, 0.0 ], [ 121.45661327, -2.206637147, 0.0 ], [ 121.477029044, -2.22482358, 0.0 ] ] ] ] } },
{ "type": "Feature", "properties": { "id": 7850, "pbph": null, "kph": "KPH Pogogul", "provinsi": "Sulawesi Tengah", "fungsi": "HP" }, "geometry": { "type": "MultiPolygon", "coordinates": [ [ [ [ 121.2834632, 1.199233489, 0.0 ], [ 121.304232221, 1.176960587, 0.0 ], [ 121.286814539, 1.122476791, 0.0 ], [ 121.303627397, 1.147565864, 0.0 ], [ 121.337047869, 1.153718981, 0.0 ], [ 121.352971997, 1.107870742, 0.0 ], [ 121.280274491, 1.095150551, 0.0 ], [ 121.299932671, 1.114995137, 0.0 ], [ 121.281815993, 1.121538151, 0.0 ], [ 121.269700399, 1.159341987, 0.0 ], [ 121.276019109, 1.206836362, 0.0 ], [ 121.2834632, 1.199233489, 0.0 ] ] ] ] } },
{ "type": "Feature", "properties": { "id": 7851, "pbph": null, "kph": "KPH Pogogul", "provinsi": "Sulawesi Tengah", "fungsi": "HP" }, "geometry": { "type": "MultiPolygon", "coordinates": [ [ [ [ 121.36733893, 1.236745259, 0.0 ], [ 121.393074036, 1.228580594, 0.0 ], [ 121.392959371, 1.200710852, 0.0 ], [ 121.356617866, 1.172560419, 0.0 ], [ 121.308929443, 1.162210465, 0.0 ], [ 121.322445662, 1.151774225, 0.0 ], [ 121.300109754, 1.144872307, 0.0 ], [ 121.304601563, 1.177455721, 0.0 ], [ 121.280388602, 1.21450665, 0.0 ], [ 121.299704323, 1.209636859, 0.0 ], [ 121.300369487, 1.19265478, 0.0 ], [ 121.310700683, 1.210091105, 0.0 ], [ 121.326272325, 1.194969391, 0.0 ], [ 121.329516084, 1.2095284, 0.0 ], [ 121.340084078, 1.189625747, 0.0 ], [ 121.359724852, 1.213540033, 0.0 ], [ 121.354448368, 1.23755129, 0.0 ], [ 121.36733893, 1.236745259, 0.0 ] ] ] ] } },
{ "type": "Feature", "properties": { "id": 7852, "pbph": null, "kph": "KPH Pogogul", "provinsi": "Sulawesi Tengah", "fungsi": "HP" }, "geometry": { "type": "MultiPolygon", "coordinates": [ [ [ [ 121.458610535, 1.264765501, 0.0 ], [ 121.438117981, 1.252651215, 0.0 ], [ 121.421646117, 1.266298175, 0.0 ], [ 121.458610535, 1.264765501, 0.0 ] ] ] ] } },
{ "type": "Feature", "properties": { "id": 7853, "pbph": null, "kph": "KPH Pogogul", "provinsi": "Sulawesi Tengah", "fungsi": "HP" }, "geometry": { "type": "MultiPolygon", "coordinates": [ [ [ [ 121.170995516, 1.209799837, 0.0 ], [ 121.193051504, 1.191946013, 0.0 ], [ 121.166403095, 1.127489916, 0.0 ], [ 121.187229179, 1.099025737, 0.0 ], [ 121.245645824, 1.118411794, 0.0 ], [ 121.253150041, 1.184448464, 0.0 ], [ 121.283206559, 1.136565788, 0.0 ], [ 121.28185389, 1.118639887, 0.0 ], [ 121.256134034, 1.107565881, 0.0 ], [ 121.271501465, 1.092124033, 0.0 ], [ 121.19711224, 1.075314677, 0.0 ], [ 121.168998783, 1.042920679, 0.0 ], [ 121.140043068, 1.043963084, 0.0 ], [ 121.134753824, 1.030025733, 0.0 ], [ 121.153478519, 1.034233963, 0.0 ], [ 121.138962054, 1.005857363, 0.0 ], [ 121.065001769, 0.978748615, 0.0 ], [ 121.037493926, 0.949143993, 0.0 ], [ 121.038744783, 0.991976448, 0.0 ], [ 121.131432248, 1.097510555, 0.0 ], [ 121.130960016, 1.1747183, 0.0 ], [ 121.157538981, 1.217911208, 0.0 ], [ 121.170995516, 1.209799837, 0.0 ] ] ] ] } },
{ "type": "Feature", "properties": { "id": 7854, "pbph": null, "kph": "KPH Pogogul", "provinsi": "Sulawesi Tengah", "fungsi": "HP" }, "geometry": { "type": "MultiPolygon", "coordinates": [ [ [ [ 121.32813453, 1.222192771, 0.0 ], [ 121.3263751, 1.209064103, 0.0 ], [ 121.310365439, 1.21124623, 0.0 ], [ 121.32813453, 1.222192771, 0.0 ] ] ] ] } },
{ "type": "Feature", "properties": { "id": 7855, "pbph": null, "kph": "KPH Pogogul", "provinsi": "Sulawesi Tengah", "fungsi": "HP" }, "geometry": { "type": "MultiPolygon", "coordinates": [ [ [ [ 121.396377118, 1.198503723, 0.0 ], [ 121.389282436, 1.13769066, 0.0 ], [ 121.377143114, 1.135261241, 0.0 ], [ 121.366577148, 1.160195589, 0.0 ], [ 121.351668951, 1.148473275, 0.0 ], [ 121.349176603, 1.167382371, 0.0 ], [ 121.396377118, 1.198503723, 0.0 ] ] ] ] } },
{ "type": "Feature", "properties": { "id": 7865, "pbph": null, "kph": "KPH Gunung Dako", "provinsi": "Sulawesi Tengah", "fungsi": "HP" }, "geometry": { "type": "MultiPolygon", "coordinates": [ [ [ [ 120.720361585, 0.914852046, 0.0 ], [ 120.680729349, 0.925737038, 0.0 ], [ 120.687376022, 0.943311691, 0.0 ], [ 120.711235046, 0.930374623, 0.0 ], [ 120.746391296, 0.943028749, 0.0 ], [ 120.791702271, 0.983264863, 0.0 ], [ 120.802162836, 0.938473094, 0.0 ], [ 120.771120032, 0.923531158, 0.0 ], [ 120.784282181, 0.901263119, 0.0 ], [ 120.741255641, 0.92186309, 0.0 ], [ 120.720361585, 0.914852046, 0.0 ] ] ] ] } },
{ "type": "Feature", "properties": { "id": 7929, "pbph": null, "kph": "KPH Sintuwu Maroso", "provinsi": "Sulawesi Tengah", "fungsi": "HL" }, "geometry": { "type": "MultiPolygon", "coordinates": [ [ [ [ 120.470324447, -1.472772453, 0.0 ], [ 120.496399907, -1.401523396, 0.0 ], [ 120.53375, -1.36638, 0.0 ], [ 120.547280001, -1.40047, 0.0 ], [ 120.525624891, -1.481059567, 0.0 ], [ 120.488705174, -1.50029049, 0.0 ], [ 120.470324447, -1.472772453, 0.0 ] ] ] ] } },
{ "type": "Feature", "properties": { "id": 7930, "pbph": null, "kph": "KPH Tepo Asa Aroa", "provinsi": "Sulawesi Tengah", "fungsi": "HL" }, "geometry": { "type": "MultiPolygon", "coordinates": [ [ [ [ 120.956160436, -1.728032276, 0.0 ], [ 120.956143706, -1.800331905, 0.0 ], [ 120.926399231, -1.792203665, 0.0 ], [ 120.904724121, -1.761779785, 0.0 ], [ 120.95016571, -1.715143349, 0.0 ], [ 120.956160436, -1.728032276, 0.0 ] ] ] ] } },
{ "type": "Feature", "properties": { "id": 7932, "pbph": null, "kph": "KPH Sintuwu Maroso", "provinsi": "Sulawesi Tengah", "fungsi": "HP" }, "geometry": { "type": "MultiPolygon", "coordinates": [ [ [ [ 120.883787196, -1.477039384, 0.0 ], [ 120.886337986, -1.513243495, 0.0 ], [ 120.828592713, -1.510134414, 0.0 ], [ 120.821545001, -1.472505, 0.0 ], [ 120.845634571, -1.448774067, 0.0 ], [ 120.883787196, -1.477039384, 0.0 ] ] ] ] } },
{ "type": "Feature", "properties": { "id": 7936, "pbph": null, "kph": "KPH Sintuwu Maroso", "provinsi": "Sulawesi Tengah", "fungsi": "HP" }, "geometry": { "type": "MultiPolygon", "coordinates": [ [ [ [ 120.699347327, -1.458925014, 0.0 ], [ 120.717370605, -1.495227173, 0.0 ], [ 120.699055715, -1.524458437, 0.0 ], [ 120.724158474, -1.536957513, 0.0 ], [ 120.702974866, -1.555736867, 0.0 ], [ 120.717204043, -1.579888395, 0.0 ], [ 120.691650391, -1.62037158, 0.0 ], [ 120.678284984, -1.605144886, 0.0 ], [ 120.639444621, -1.649554522, 0.0 ], [ 120.62167219, -1.644887341, 0.0 ], [ 120.615905419, -1.686968998, 0.0 ], [ 120.63587342, -1.709434777, 0.0 ], [ 120.614352052, -1.728196715, 0.0 ], [ 120.624669153, -1.755006441, 0.0 ], [ 120.604735705, -1.764427412, 0.0 ], [ 120.591638414, -1.724189304, 0.0 ], [ 120.549277475, -1.73646914, 0.0 ], [ 120.553320434, -1.714690517, 0.0 ], [ 120.576018898, -1.686202799, 0.0 ], [ 120.583093378, -1.629560041, 0.0 ], [ 120.596627947, -1.62635358, 0.0 ], [ 120.589978667, -1.65776317, 0.0 ], [ 120.610512653, -1.652089627, 0.0 ], [ 120.59899793, -1.625379603, 0.0 ], [ 120.610429635, -1.584600418, 0.0 ], [ 120.65400745, -1.572447604, 0.0 ], [ 120.634799931, -1.560761337, 0.0 ], [ 120.648532855, -1.52881408, 0.0 ], [ 120.635516944, -1.508228062, 0.0 ], [ 120.675567258, -1.489531789, 0.0 ], [ 120.677834742, -1.444790228, 0.0 ], [ 120.699347327, -1.458925014, 0.0 ] ] ] ] } },
{ "type": "Feature", "properties": { "id": 7940, "pbph": null, "kph": "KPH Tepo Asa Aroa", "provinsi": "Sulawesi Tengah", "fungsi": "HPT" }, "geometry": { "type": "MultiPolygon", "coordinates": [ [ [ [ 120.920852507, -1.739176674, 0.0 ], [ 120.909639927, -1.749657595, 0.0 ], [ 120.8521175, -1.725172622, 0.0 ], [ 120.920852507, -1.739176674, 0.0 ] ] ], [ [ [ 120.956143706, -1.800331905, 0.0 ], [ 120.928283691, -1.797302246, 0.0 ], [ 120.906291863, -1.767814281, 0.0 ], [ 120.956143706, -1.800331905, 0.0 ] ] ] ] } },
{ "type": "Feature", "properties": { "id": 7948, "pbph": null, "kph": "KPH Tepo Asa Aroa", "provinsi": "Sulawesi Tengah", "fungsi": "HPK" }, "geometry": { "type": "MultiPolygon", "coordinates": [ [ [ [ 120.938422008, -1.884167404, 0.0 ], [ 120.916768496, -1.860836887, 0.0 ], [ 120.899772644, -1.879005313, 0.0 ], [ 120.901489258, -1.857727051, 0.0 ], [ 120.954291838, -1.835616799, 0.0 ], [ 120.938422008, -1.884167404, 0.0 ] ] ] ] } },
{ "type": "Feature", "properties": { "id": 7952, "pbph": null, "kph": "KPH Sintuwu Maroso", "provinsi": "Sulawesi Tengah", "fungsi": "HPK" }, "geometry": { "type": "MultiPolygon", "coordinates": [ [ [ [ 120.461510877, -1.150455103, 0.0 ], [ 120.434890747, -1.177113056, 0.0 ], [ 120.444582707, -1.191472738, 0.0 ], [ 120.424850464, -1.226339698, 0.0 ], [ 120.361739689, -1.182814274, 0.0 ], [ 120.461510877, -1.150455103, 0.0 ] ] ] ] } },
{ "type": "Feature", "properties": { "id": 7953, "pbph": null, "kph": "KPH Sintuwu Maroso", "provinsi": "Sulawesi Tengah", "fungsi": "HPT" }, "geometry": { "type": "MultiPolygon", "coordinates": [ [ [ [ 120.465994879, -1.583342073, 0.0 ], [ 120.455592649, -1.642930791, 0.0 ], [ 120.40829, -1.65426, 0.0 ], [ 120.436032435, -1.587285981, 0.0 ], [ 120.460708705, -1.573435745, 0.0 ], [ 120.465994879, -1.583342073, 0.0 ] ] ] ] } },
{ "type": "Feature", "properties": { "id": 7956, "pbph": null, "kph": "KPH Sintuwu Maroso", "provinsi": "Sulawesi Tengah", "fungsi": "HPT" }, "geometry": { "type": "MultiPolygon", "coordinates": [ [ [ [ 120.541664678, -1.170915619, 0.0 ], [ 120.527023316, -1.192300796, 0.0 ], [ 120.50248, -1.19094, 0.0 ], [ 120.479557039, -1.224194109, 0.0 ], [ 120.454071045, -1.218709588, 0.0 ], [ 120.484759785, -1.221738182, 0.0 ], [ 120.5013, -1.28065, 0.0 ], [ 120.579350821, -1.326816683, 0.0 ], [ 120.574283474, -1.356959913, 0.0 ], [ 120.596067739, -1.412023207, 0.0 ], [ 120.574703654, -1.526132757, 0.0 ], [ 120.614768419, -1.50758735, 0.0 ], [ 120.625558247, -1.54447159, 0.0 ], [ 120.615199354, -1.558070211, 0.0 ], [ 120.590114483, -1.551747007, 0.0 ], [ 120.568883396, -1.591042117, 0.0 ], [ 120.514723463, -1.610194569, 0.0 ], [ 120.466251518, -1.582783875, 0.0 ], [ 120.481394882, -1.525417411, 0.0 ], [ 120.469194879, -1.476617411, 0.0 ], [ 120.496155267, -1.501321272, 0.0 ], [ 120.525624891, -1.481059567, 0.0 ], [ 120.547280001, -1.40047, 0.0 ], [ 120.538944, -1.371017, 0.0 ], [ 120.52076, -1.37022, 0.0 ], [ 120.496399907, -1.401523396, 0.0 ], [ 120.498294879, -1.383017411, 0.0 ], [ 120.464194879, -1.36211741, 0.0 ], [ 120.473494881, -1.31441741, 0.0 ], [ 120.348770437, -1.241708375, 0.0 ], [ 120.303398415, -1.196802811, 0.0 ], [ 120.348934595, -1.187372498, 0.0 ], [ 120.433726581, -1.248518089, 0.0 ], [ 120.456144066, -1.200923296, 0.0 ], [ 120.498849778, -1.168322135, 0.0 ], [ 120.497922115, -1.142423867, 0.0 ], [ 120.566009977, -1.118607296, 0.0 ], [ 120.571816304, -1.131919033, 0.0 ], [ 120.552885563, -1.151394439, 0.0 ], [ 120.538332829, -1.137308386, 0.0 ], [ 120.541664678, -1.170915619, 0.0 ] ] ] ] } },
{ "type": "Feature", "properties": { "id": 7957, "pbph": null, "kph": "KPH Sintuwu Maroso", "provinsi": "Sulawesi Tengah", "fungsi": "HPT" }, "geometry": { "type": "MultiPolygon", "coordinates": [ [ [ [ 120.608481185, -1.591838851, 0.0 ], [ 120.604268219, -1.658546207, 0.0 ], [ 120.589978667, -1.65776317, 0.0 ], [ 120.596627947, -1.62635358, 0.0 ], [ 120.583093378, -1.629560041, 0.0 ], [ 120.576477453, -1.608449099, 0.0 ], [ 120.565328839, -1.648629965, 0.0 ], [ 120.545467683, -1.636105686, 0.0 ], [ 120.498723752, -1.652384382, 0.0 ], [ 120.473016022, -1.630029835, 0.0 ], [ 120.455592649, -1.642930791, 0.0 ], [ 120.467082412, -1.581535499, 0.0 ], [ 120.514746684, -1.610654812, 0.0 ], [ 120.575583292, -1.579146882, 0.0 ], [ 120.598888996, -1.605618437, 0.0 ], [ 120.608481185, -1.591838851, 0.0 ] ] ] ] } },
{ "type": "Feature", "properties": { "id": 8287, "pbph": null, "kph": "KPH Toili Baturube", "provinsi": "Sulawesi Tengah", "fungsi": "HL" }, "geometry": { "type": "MultiPolygon", "coordinates": [ [ [ [ 122.051232995, -1.428254292, 0.0 ], [ 122.052762156, -1.487253728, 0.0 ], [ 122.011688232, -1.533028125, 0.0 ], [ 121.931045533, -1.563822149, 0.0 ], [ 121.872718811, -1.609736561, 0.0 ], [ 121.837312264, -1.603144687, 0.0 ], [ 121.835977996, -1.640767385, 0.0 ], [ 121.768615723, -1.665041447, 0.0 ], [ 121.745837302, -1.64330565, 0.0 ], [ 121.764363472, -1.60730779, 0.0 ], [ 121.835784912, -1.581036568, 0.0 ], [ 121.877800467, -1.538865711, 0.0 ], [ 121.910188546, -1.535670055, 0.0 ], [ 121.953306493, -1.498235244, 0.0 ], [ 121.931803935, -1.484036829, 0.0 ], [ 121.92658052, -1.457036644, 0.0 ], [ 121.886167041, -1.449586493, 0.0 ], [ 121.872157459, -1.427494391, 0.0 ], [ 121.87866411, -1.3513005, 0.0 ], [ 121.879624859, -1.408935614, 0.0 ], [ 121.993853359, -1.404980763, 0.0 ], [ 122.051232995, -1.428254292, 0.0 ] ] ] ] } },
{ "type": "Feature", "properties": { "id": 8289, "pbph": null, "kph": "KPH Toili Baturube", "provinsi": "Sulawesi Tengah", "fungsi": "HL" }, "geometry": { "type": "MultiPolygon", "coordinates": [ [ [ [ 121.840716421, -1.447863347, 0.0 ], [ 121.834471712, -1.519577723, 0.0 ], [ 121.793420257, -1.540086302, 0.0 ], [ 121.760661775, -1.525455517, 0.0 ], [ 121.766675336, -1.505521417, 0.0 ], [ 121.750923011, -1.506282998, 0.0 ], [ 121.735417213, -1.512729098, 0.0 ], [ 121.743125916, -1.524913073, 0.0 ], [ 121.680410317, -1.542720818, 0.0 ], [ 121.672080994, -1.486549853, 0.0 ], [ 121.693367004, -1.471340059, 0.0 ], [ 121.750259399, -1.465573788, 0.0 ], [ 121.814422607, -1.433434247, 0.0 ], [ 121.840716421, -1.447863347, 0.0 ] ], [ [ 121.817411647, -1.445958694, 0.0 ], [ 121.811380991, -1.456364101, 0.0 ], [ 121.829141979, -1.466722354, 0.0 ], [ 121.817411647, -1.445958694, 0.0 ] ] ] ] } },
{ "type": "Feature", "properties": { "id": 8291, "pbph": null, "kph": "KPH Tepo Asa Aroa", "provinsi": "Sulawesi Tengah", "fungsi": "HL" }, "geometry": { "type": "MultiPolygon", "coordinates": [ [ [ [ 121.281837142, -1.853909436, 0.0 ], [ 121.278339188, -1.865177764, 0.0 ], [ 121.256795777, -1.852454916, 0.0 ], [ 121.255113602, -1.818567275, 0.0 ], [ 121.222262, -1.819376991, 0.0 ], [ 121.186401367, -1.743129252, 0.0 ], [ 121.199583054, -1.723901749, 0.0 ], [ 121.262338638, -1.785707474, 0.0 ], [ 121.222527816, -1.630166642, 0.0 ], [ 121.231512336, -1.612266801, 0.0 ], [ 121.277046204, -1.695014118, 0.0 ], [ 121.281837142, -1.853909436, 0.0 ] ] ] ] } },
{ "type": "Feature", "properties": { "id": 8292, "pbph": null, "kph": "KPH Tepo Asa Aroa", "provinsi": "Sulawesi Tengah", "fungsi": "HL" }, "geometry": { "type": "MultiPolygon", "coordinates": [ [ [ [ 121.211631775, -1.924360545, 0.0 ], [ 121.207628307, -1.991782411, 0.0 ], [ 121.301191332, -2.064170836, 0.0 ], [ 121.257078048, -2.114311029, 0.0 ], [ 121.27065921, -2.153529327, 0.0 ], [ 121.199689553, -2.088463747, 0.0 ], [ 121.199043166, -2.051503799, 0.0 ], [ 121.171112061, -2.032297134, 0.0 ], [ 121.186431885, -2.015265942, 0.0 ], [ 121.158764, -2.007831, 0.0 ], [ 121.165777, -1.953598, 0.0 ], [ 121.187164308, -1.967330575, 0.0 ], [ 121.2056427, -1.958549379, 0.0 ], [ 121.206169128, -1.928022981, 0.0 ], [ 121.188858032, -1.938044786, 0.0 ], [ 121.183403015, -1.915004133, 0.0 ], [ 121.166397095, -1.926452159, 0.0 ], [ 121.173003086, -1.871358726, 0.0 ], [ 121.1887566, -1.889246106, 0.0 ], [ 121.20302042, -1.884570261, 0.0 ], [ 121.199071286, -1.864641951, 0.0 ], [ 121.2324352, -1.875476232, 0.0 ], [ 121.238467859, -1.901802985, 0.0 ], [ 121.214059418, -1.908651311, 0.0 ], [ 121.211631775, -1.924360545, 0.0 ] ] ] ] } },
{ "type": "Feature", "properties": { "id": 8342, "pbph": null, "kph": "KPH Sivia Patuju", "provinsi": "Sulawesi Tengah", "fungsi": "HPT" }, "geometry": { "type": "MultiPolygon", "coordinates": [ [ [ [ 121.129381314, -1.44855881, 0.0 ], [ 121.161560716, -1.514811029, 0.0 ], [ 121.15060495, -1.545783585, 0.0 ], [ 121.129381314, -1.44855881, 0.0 ] ] ] ] } },
{ "type": "Feature", "properties": { "id": 8298, "pbph": null, "kph": "KPH Tepo Asa Aroa", "provinsi": "Sulawesi Tengah", "fungsi": "HP" }, "geometry": { "type": "MultiPolygon", "coordinates": [ [ [ [ 121.366099188, -2.234493472, 0.0 ], [ 121.372003531, -2.285869137, 0.0 ], [ 121.335868835, -2.311081886, 0.0 ], [ 121.307003527, -2.308902984, 0.0 ], [ 121.298806763, -2.292841391, 0.0 ], [ 121.318211376, -2.281680204, 0.0 ], [ 121.293898091, -2.254970309, 0.0 ], [ 121.314226683, -2.239941794, 0.0 ], [ 121.349588748, -2.254311676, 0.0 ], [ 121.366099188, -2.234493472, 0.0 ] ] ] ] } },
{ "type": "Feature", "properties": { "id": 8329, "pbph": null, "kph": "KPH Tepo Asa Aroa", "provinsi": "Sulawesi Tengah", "fungsi": "HP" }, "geometry": { "type": "MultiPolygon", "coordinates": [ [ [ [ 121.133871396, -1.916655871, 0.0 ], [ 121.156270822, -1.903201268, 0.0 ], [ 121.15037346, -1.884421032, 0.0 ], [ 121.166704532, -1.861786684, 0.0 ], [ 121.16779744, -1.896541162, 0.0 ], [ 121.133871396, -1.916655871, 0.0 ] ] ], [ [ [ 121.168846681, -1.952649154, 0.0 ], [ 121.147298813, -2.065317154, 0.0 ], [ 121.128801346, -2.024324417, 0.0 ], [ 121.15222168, -1.992475033, 0.0 ], [ 121.151245117, -1.959569215, 0.0 ], [ 121.127403259, -1.974626659, 0.0 ], [ 121.122962991, -1.944032278, 0.0 ], [ 121.157864656, -1.921159164, 0.0 ], [ 121.168846681, -1.952649154, 0.0 ] ] ] ] } },
{ "type": "Feature", "properties": { "id": 8330, "pbph": null, "kph": "KPH Tepo Asa Aroa", "provinsi": "Sulawesi Tengah", "fungsi": "HP" }, "geometry": { "type": "MultiPolygon", "coordinates": [ [ [ [ 121.300476074, -1.919582725, 0.0 ], [ 121.327135086, -1.980352402, 0.0 ], [ 121.316663742, -2.023965836, 0.0 ], [ 121.299512863, -1.98884201, 0.0 ], [ 121.309099196, -1.974363327, 0.0 ], [ 121.278131857, -1.940889168, 0.0 ], [ 121.300476074, -1.919582725, 0.0 ] ] ] ] } },
{ "type": "Feature", "properties": { "id": 8350, "pbph": null, "kph": "KPH Pulau Peling", "provinsi": "Sulawesi Tengah", "fungsi": "HPT" }, "geometry": { "type": "MultiPolygon", "coordinates": [ [ [ [ 123.198977671, -1.366599948, 0.0 ], [ 123.188056945, -1.383211732, 0.0 ], [ 123.220588685, -1.423321605, 0.0 ], [ 123.214876184, -1.456952227, 0.0 ], [ 123.175005168, -1.400294709, 0.0 ], [ 123.188410072, -1.35238962, 0.0 ], [ 123.198977671, -1.366599948, 0.0 ] ] ] ] } },
{ "type": "Feature", "properties": { "id": 8331, "pbph": null, "kph": "KPH Tepo Asa Aroa", "provinsi": "Sulawesi Tengah", "fungsi": "HP" }, "geometry": { "type": "MultiPolygon", "coordinates": [ [ [ [ 121.241318368, -1.954418815, 0.0 ], [ 121.240766163, -1.969235344, 0.0 ], [ 121.23192355, -1.943537341, 0.0 ], [ 121.241318368, -1.954418815, 0.0 ] ] ] ] } },
{ "type": "Feature", "properties": { "id": 8332, "pbph": null, "kph": "KPH Tepo Asa Aroa", "provinsi": "Sulawesi Tengah", "fungsi": "HP" }, "geometry": { "type": "MultiPolygon", "coordinates": [ [ [ [ 121.220314881, -2.10209437, 0.0 ], [ 121.202680588, -2.136482239, 0.0 ], [ 121.155290604, -2.104473114, 0.0 ], [ 121.175799379, -2.08639509, 0.0 ], [ 121.175035204, -2.042028124, 0.0 ], [ 121.199043166, -2.051503799, 0.0 ], [ 121.194875999, -2.080266, 0.0 ], [ 121.220314881, -2.10209437, 0.0 ] ] ] ] } },
{ "type": "Feature", "properties": { "id": 8383, "pbph": null, "kph": "KPH Toili Baturube", "provinsi": "Sulawesi Tengah", "fungsi": "HPT" }, "geometry": { "type": "MultiPolygon", "coordinates": [ [ [ [ 121.754987884, -1.525077937, 0.0 ], [ 121.728935242, -1.533051133, 0.0 ], [ 121.711902596, -1.563594345, 0.0 ], [ 121.672180762, -1.554584651, 0.0 ], [ 121.754987884, -1.525077937, 0.0 ] ] ] ] } },
{ "type": "Feature", "properties": { "id": 8392, "pbph": null, "kph": "KPH Tepo Asa Aroa", "provinsi": "Sulawesi Tengah", "fungsi": "HPT" }, "geometry": { "type": "MultiPolygon", "coordinates": [ [ [ [ 121.230896234, -1.649704606, 0.0 ], [ 121.260297775, -1.787586212, 0.0 ], [ 121.198179245, -1.722723007, 0.0 ], [ 121.192342758, -1.666748047, 0.0 ], [ 121.214860916, -1.691749573, 0.0 ], [ 121.220055594, -1.648972221, 0.0 ], [ 121.230896234, -1.649704606, 0.0 ] ] ] ] } },
{ "type": "Feature", "properties": { "id": 8396, "pbph": null, "kph": "KPH Tepo Asa Aroa", "provinsi": "Sulawesi Tengah", "fungsi": "HPT" }, "geometry": { "type": "MultiPolygon", "coordinates": [ [ [ [ 121.237000811, -2.112350664, 0.0 ], [ 121.200771221, -2.156515063, 0.0 ], [ 121.192738479, -2.139009474, 0.0 ], [ 121.220422745, -2.101913452, 0.0 ], [ 121.237000811, -2.112350664, 0.0 ] ] ] ] } },
{ "type": "Feature", "properties": { "id": 8397, "pbph": null, "kph": "KPH Pulau Peling", "provinsi": "Sulawesi Tengah", "fungsi": "HPT" }, "geometry": { "type": "MultiPolygon", "coordinates": [ [ [ [ 122.929539325, -1.535904706, 0.0 ], [ 122.915446595, -1.592349028, 0.0 ], [ 122.897524439, -1.552101692, 0.0 ], [ 122.88955348, -1.569426181, 0.0 ], [ 122.881529095, -1.551755571, 0.0 ], [ 122.91619873, -1.543739676, 0.0 ], [ 122.920715332, -1.524615048, 0.0 ], [ 122.929539325, -1.535904706, 0.0 ] ] ] ] } },
{ "type": "Feature", "properties": { "id": 8398, "pbph": null, "kph": "KPH Sivia Patuju", "provinsi": "Sulawesi Tengah", "fungsi": "HPK" }, "geometry": { "type": "MultiPolygon", "coordinates": [ [ [ [ 121.209114966, -1.484195782, 0.0 ], [ 121.223447034, -1.501449391, 0.0 ], [ 121.212937017, -1.514275668, 0.0 ], [ 121.209114966, -1.484195782, 0.0 ] ] ] ] } },
{ "type": "Feature", "properties": { "id": 8400, "pbph": null, "kph": "KPH Sivia Patuju", "provinsi": "Sulawesi Tengah", "fungsi": "HPK" }, "geometry": { "type": "MultiPolygon", "coordinates": [ [ [ [ 121.194542597, -1.501461984, 0.0 ], [ 121.176501477, -1.555507003, 0.0 ], [ 121.158856846, -1.556500483, 0.0 ], [ 121.199152593, -1.489356753, 0.0 ], [ 121.194542597, -1.501461984, 0.0 ] ] ] ] } },
{ "type": "Feature", "properties": { "id": 8421, "pbph": null, "kph": "KPH Banawa Lalundu", "provinsi": "Sulawesi Tengah", "fungsi": "HL" }, "geometry": { "type": "MultiPolygon", "coordinates": [ [ [ [ 119.789392704, -0.821668377, 0.0 ], [ 119.757286976, -0.83983878, 0.0 ], [ 119.766890537, -0.910889295, 0.0 ], [ 119.738880569, -0.919475266, 0.0 ], [ 119.721567875, -0.898784485, 0.0 ], [ 119.686522132, -0.941609714, 0.0 ], [ 119.628044145, -0.970898374, 0.0 ], [ 119.608318506, -0.936860426, 0.0 ], [ 119.608467689, -0.915775194, 0.0 ], [ 119.621780438, -0.913733614, 0.0 ], [ 119.610628131, -0.893970663, 0.0 ], [ 119.635255253, -0.906129052, 0.0 ], [ 119.645585183, -0.881265507, 0.0 ], [ 119.663420139, -0.891282762, 0.0 ], [ 119.66122114, -0.862720424, 0.0 ], [ 119.680892139, -0.865076377, 0.0 ], [ 119.700189198, -0.8427517, 0.0 ], [ 119.706737671, -0.814245384, 0.0 ], [ 119.68852324, -0.810068633, 0.0 ], [ 119.740677821, -0.802067542, 0.0 ], [ 119.723377765, -0.739451432, 0.0 ], [ 119.734536859, -0.719297667, 0.0 ], [ 119.783786784, -0.786778472, 0.0 ], [ 119.789392704, -0.821668377, 0.0 ] ] ] ] } },
{ "type": "Feature", "properties": { "id": 8293, "pbph": null, "kph": "KPH Tepo Asa Aroa", "provinsi": "Sulawesi Tengah", "fungsi": "HL" }, "geometry": { "type": "MultiPolygon", "coordinates": [ [ [ [ 121.246633674, -1.965237601, 0.0 ], [ 121.248017856, -1.927142666, 0.0 ], [ 121.267613384, -1.980071642, 0.0 ], [ 121.246633674, -1.965237601, 0.0 ] ] ] ] } },
{ "type": "Feature", "properties": { "id": 8320, "pbph": null, "kph": "KPH Toili Baturube", "provinsi": "Sulawesi Tengah", "fungsi": "HP" }, "geometry": { "type": "MultiPolygon", "coordinates": [ [ [ [ 122.181154122, -1.405344554, 0.0 ], [ 122.161857757, -1.434069529, 0.0 ], [ 122.185927523, -1.438830779, 0.0 ], [ 122.151996867, -1.502038677, 0.0 ], [ 122.133683278, -1.500772708, 0.0 ], [ 122.129699899, -1.521797614, 0.0 ], [ 122.05163875, -1.522884798, 0.0 ], [ 122.043845606, -1.512876204, 0.0 ], [ 122.145011273, -1.438152451, 0.0 ], [ 122.167907715, -1.387794495, 0.0 ], [ 122.181154122, -1.405344554, 0.0 ] ] ], [ [ [ 122.091493813, -1.572918686, 0.0 ], [ 122.086846031, -1.609013095, 0.0 ], [ 122.066239249, -1.608800473, 0.0 ], [ 122.042448017, -1.59490568, 0.0 ], [ 122.032815909, -1.552246425, 0.0 ], [ 122.043371169, -1.535025469, 0.0 ], [ 122.079701447, -1.534020292, 0.0 ], [ 122.099977553, -1.558262279, 0.0 ], [ 122.082183763, -1.562931289, 0.0 ], [ 122.091493813, -1.572918686, 0.0 ] ] ] ] } },
{ "type": "Feature", "properties": { "id": 8324, "pbph": null, "kph": "KPH Toili Baturube", "provinsi": "Sulawesi Tengah", "fungsi": "HP" }, "geometry": { "type": "MultiPolygon", "coordinates": [ [ [ [ 122.05163875, -1.522884798, 0.0 ], [ 122.032779468, -1.552790491, 0.0 ], [ 122.052637859, -1.601186158, 0.0 ], [ 121.956707305, -1.599889554, 0.0 ], [ 121.965250894, -1.623233288, 0.0 ], [ 121.936898633, -1.63452502, 0.0 ], [ 121.918969691, -1.622275366, 0.0 ], [ 121.915038187, -1.649450211, 0.0 ], [ 121.890679581, -1.650512625, 0.0 ], [ 121.912896479, -1.66491806, 0.0 ], [ 121.872658842, -1.675358347, 0.0 ], [ 121.869297578, -1.610770692, 0.0 ], [ 121.893590938, -1.588890747, 0.0 ], [ 122.000419419, -1.559024022, 0.0 ], [ 122.036266147, -1.517775173, 0.0 ], [ 122.05163875, -1.522884798, 0.0 ] ] ] ] } },
{ "type": "Feature", "properties": { "id": 8325, "pbph": null, "kph": "KPH Toili Baturube", "provinsi": "Sulawesi Tengah", "fungsi": "HP" }, "geometry": { "type": "MultiPolygon", "coordinates": [ [ [ [ 121.835977996, -1.640767385, 0.0 ], [ 121.841828001, -1.663739004, 0.0 ], [ 121.765983455, -1.664994585, 0.0 ], [ 121.835977996, -1.640767385, 0.0 ] ] ] ] } },
{ "type": "Feature", "properties": { "id": 8326, "pbph": null, "kph": "KPH Tepo Asa Aroa", "provinsi": "Sulawesi Tengah", "fungsi": "HP" }, "geometry": { "type": "MultiPolygon", "coordinates": [ [ [ [ 121.217531461, -1.662401538, 0.0 ], [ 121.214860916, -1.691749573, 0.0 ], [ 121.192342758, -1.666748047, 0.0 ], [ 121.190889094, -1.727887898, 0.0 ], [ 121.162137985, -1.69772148, 0.0 ], [ 121.164388657, -1.658555984, 0.0 ], [ 121.182416916, -1.649776458, 0.0 ], [ 121.181055069, -1.631332397, 0.0 ], [ 121.217531461, -1.662401538, 0.0 ] ] ], [ [ [ 121.222262, -1.819376991, 0.0 ], [ 121.215797424, -1.83047986, 0.0 ], [ 121.206906256, -1.786746515, 0.0 ], [ 121.222262, -1.819376991, 0.0 ] ] ] ] } },
{ "type": "Feature", "properties": { "id": 8333, "pbph": null, "kph": "KPH Tepo Asa Aroa", "provinsi": "Sulawesi Tengah", "fungsi": "HPT" }, "geometry": { "type": "MultiPolygon", "coordinates": [ [ [ [ 121.087368778, -2.089749202, 0.0 ], [ 121.070398331, -2.091722488, 0.0 ], [ 121.062746742, -2.035909646, 0.0 ], [ 121.077638626, -2.035284042, 0.0 ], [ 121.087368778, -2.089749202, 0.0 ] ] ] ] } },
{ "type": "Feature", "properties": { "id": 8334, "pbph": null, "kph": "KPH Tepo Asa Aroa", "provinsi": "Sulawesi Tengah", "fungsi": "HPT" }, "geometry": { "type": "MultiPolygon", "coordinates": [ [ [ [ 121.195390701, -2.134597778, 0.0 ], [ 121.199547517, -2.157878005, 0.0 ], [ 121.192225383, -2.149002084, 0.0 ], [ 121.177422683, -2.161823573, 0.0 ], [ 121.188850197, -2.195618492, 0.0 ], [ 121.213957461, -2.179855648, 0.0 ], [ 121.212410827, -2.219226152, 0.0 ], [ 121.271095694, -2.246061478, 0.0 ], [ 121.251432339, -2.25236214, 0.0 ], [ 121.261568257, -2.272434687, 0.0 ], [ 121.244448471, -2.27613265, 0.0 ], [ 121.238691, -2.323265815, 0.0 ], [ 121.257076218, -2.328098687, 0.0 ], [ 121.272925332, -2.301231747, 0.0 ], [ 121.292257754, -2.334308692, 0.0 ], [ 121.288430025, -2.358512677, 0.0 ], [ 121.216147352, -2.32754801, 0.0 ], [ 121.201065791, -2.272392583, 0.0 ], [ 121.129606247, -2.193922043, 0.0 ], [ 121.072481155, -2.199539185, 0.0 ], [ 121.082242966, -2.180734634, 0.0 ], [ 121.059051514, -2.175526856, 0.0 ], [ 121.072862625, -2.144268036, 0.0 ], [ 121.119867326, -2.142133713, 0.0 ], [ 121.155038834, -2.100866318, 0.0 ], [ 121.195390701, -2.134597778, 0.0 ] ] ] ] } },
{ "type": "Feature", "properties": { "id": 8335, "pbph": null, "kph": "KPH Tepo Asa Aroa", "provinsi": "Sulawesi Tengah", "fungsi": "HPT" }, "geometry": { "type": "MultiPolygon", "coordinates": [ [ [ [ 121.440144815, -2.315901875, 0.0 ], [ 121.447113801, -2.353386221, 0.0 ], [ 121.416531914, -2.406135828, 0.0 ], [ 121.321171, -2.385495, 0.0 ], [ 121.31364426, -2.334466213, 0.0 ], [ 121.33270745, -2.321862093, 0.0 ], [ 121.340837479, -2.332000732, 0.0 ], [ 121.358301426, -2.298635385, 0.0 ], [ 121.397040959, -2.302888943, 0.0 ], [ 121.406843186, -2.278190613, 0.0 ], [ 121.440144815, -2.315901875, 0.0 ] ] ] ] } },
{ "type": "Feature", "properties": { "id": 8346, "pbph": null, "kph": "KPH Pulau Peling", "provinsi": "Sulawesi Tengah", "fungsi": "HPT" }, "geometry": { "type": "MultiPolygon", "coordinates": [ [ [ [ 123.116555016, -1.871670219, 0.0 ], [ 123.091714682, -1.871175608, 0.0 ], [ 123.114044189, -1.852701426, 0.0 ], [ 123.09903717, -1.817610741, 0.0 ], [ 123.083219508, -1.818949347, 0.0 ], [ 123.088474146, -1.799957378, 0.0 ], [ 123.1162478, -1.791552138, 0.0 ], [ 123.128528904, -1.854329467, 0.0 ], [ 123.116555016, -1.871670219, 0.0 ] ] ] ] } },
{ "type": "Feature", "properties": { "id": 8381, "pbph": null, "kph": "KPH Toili Baturube", "provinsi": "Sulawesi Tengah", "fungsi": "HPT" }, "geometry": { "type": "MultiPolygon", "coordinates": [ [ [ [ 122.043845606, -1.512876204, 0.0 ], [ 122.000419419, -1.559024022, 0.0 ], [ 121.893590938, -1.588890747, 0.0 ], [ 122.011688232, -1.533028125, 0.0 ], [ 122.052762156, -1.487253728, 0.0 ], [ 122.043845606, -1.512876204, 0.0 ] ] ] ] } },
{ "type": "Feature", "properties": { "id": 8395, "pbph": null, "kph": "KPH Tepo Asa Aroa", "provinsi": "Sulawesi Tengah", "fungsi": "HPT" }, "geometry": { "type": "MultiPolygon", "coordinates": [ [ [ [ 121.139554755, -1.739255472, 0.0 ], [ 121.178939819, -1.756823063, 0.0 ], [ 121.196221272, -1.835645847, 0.0 ], [ 121.205403119, -1.823473041, 0.0 ], [ 121.224117503, -1.844066978, 0.0 ], [ 121.222262, -1.819376991, 0.0 ], [ 121.255113602, -1.818567275, 0.0 ], [ 121.262760842, -1.858528778, 0.0 ], [ 121.328463287, -1.880890351, 0.0 ], [ 121.27809906, -1.940937281, 0.0 ], [ 121.244624406, -1.910029584, 0.0 ], [ 121.244921044, -1.951619691, 0.0 ], [ 121.218661564, -1.94388472, 0.0 ], [ 121.21372413, -1.909145212, 0.0 ], [ 121.238467859, -1.901802985, 0.0 ], [ 121.2324352, -1.875476232, 0.0 ], [ 121.199071286, -1.864641951, 0.0 ], [ 121.20302042, -1.884570261, 0.0 ], [ 121.1887566, -1.889246106, 0.0 ], [ 121.173003086, -1.871358726, 0.0 ], [ 121.185315661, -1.862640521, 0.0 ], [ 121.170766605, -1.781040849, 0.0 ], [ 121.155975343, -1.799517512, 0.0 ], [ 121.140060424, -1.786613464, 0.0 ], [ 121.156463622, -1.772427319, 0.0 ], [ 121.126107713, -1.741670279, 0.0 ], [ 121.139554755, -1.739255472, 0.0 ] ] ] ] } },
{ "type": "Feature", "properties": { "id": 8382, "pbph": null, "kph": "KPH Toili Baturube", "provinsi": "Sulawesi Tengah", "fungsi": "HPT" }, "geometry": { "type": "MultiPolygon", "coordinates": [ [ [ [ 121.877800467, -1.538865711, 0.0 ], [ 121.870571642, -1.547336962, 0.0 ], [ 121.876708984, -1.53758812, 0.0 ], [ 121.854972838, -1.531267048, 0.0 ], [ 121.871848132, -1.524299894, 0.0 ], [ 121.877800467, -1.538865711, 0.0 ] ] ] ] } },
{ "type": "Feature", "properties": { "id": 8433, "pbph": null, "kph": "KPH Kulawi", "provinsi": "Sulawesi Tengah", "fungsi": "HL" }, "geometry": { "type": "MultiPolygon", "coordinates": [ [ [ [ 119.805115471, -0.895591906, 0.0 ], [ 119.770602479, -0.905154282, 0.0 ], [ 119.800258961, -0.871938986, 0.0 ], [ 119.805115471, -0.895591906, 0.0 ] ] ] ] } },
{ "type": "Feature", "properties": { "id": 8587, "pbph": null, "kph": "KPH Dolago Tanggunung", "provinsi": "Sulawesi Tengah", "fungsi": "HL" }, "geometry": { "type": "MultiPolygon", "coordinates": [ [ [ [ 119.954170227, -0.649639129, 0.0 ], [ 119.92679596, -0.635326505, 0.0 ], [ 119.952041627, -0.628127813, 0.0 ], [ 119.954170227, -0.649639129, 0.0 ] ] ] ] } },
{ "type": "Feature", "properties": { "id": 8591, "pbph": null, "kph": "KPH Dolago Tanggunung", "provinsi": "Sulawesi Tengah", "fungsi": "HL" }, "geometry": { "type": "MultiPolygon", "coordinates": [ [ [ [ 119.975301409, -0.459200619, 0.0 ], [ 119.973360308, -0.510492529, 0.0 ], [ 120.023964561, -0.609156228, 0.0 ], [ 120.011691218, -0.639924573, 0.0 ], [ 120.0003781, -0.585498655, 0.0 ], [ 119.93842625, -0.512163303, 0.0 ], [ 119.941182074, -0.45992791, 0.0 ], [ 119.922392364, -0.442891907, 0.0 ], [ 119.910666945, -0.370248176, 0.0 ], [ 119.939324799, -0.391982491, 0.0 ], [ 119.959749026, -0.459244518, 0.0 ], [ 119.975301409, -0.459200619, 0.0 ] ] ] ] } },
{ "type": "Feature", "properties": { "id": 8664, "pbph": null, "kph": "KPH Dolago Tanggunung", "provinsi": "Sulawesi Tengah", "fungsi": "HL" }, "geometry": { "type": "MultiPolygon", "coordinates": [ [ [ [ 120.034190726, -0.855740104, 0.0 ], [ 120.031373797, -0.88070146, 0.0 ], [ 119.991002445, -0.894178586, 0.0 ], [ 119.997201602, -0.850372341, 0.0 ], [ 120.013487294, -0.852024572, 0.0 ], [ 120.004901992, -0.820984664, 0.0 ], [ 119.984549015, -0.811951533, 0.0 ], [ 120.018639639, -0.78160775, 0.0 ], [ 120.042051699, -0.834065575, 0.0 ], [ 120.034190726, -0.855740104, 0.0 ] ] ] ] } },
{ "type": "Feature", "properties": { "id": 8666, "pbph": null, "kph": "KPH Dolago Tanggunung", "provinsi": "Sulawesi Tengah", "fungsi": "HL" }, "geometry": { "type": "MultiPolygon", "coordinates": [ [ [ [ 120.033725943, -0.856673113, 0.0 ], [ 120.064734722, -0.912269721, 0.0 ], [ 120.052443488, -0.967582775, 0.0 ], [ 120.082180556, -1.012748055, 0.0 ], [ 120.111413889, -1.01629111, 0.0 ], [ 120.178331193, -1.062906151, 0.0 ], [ 120.216318314, -1.067623384, 0.0 ], [ 120.234082699, -1.130341183, 0.0 ], [ 120.195356266, -1.119423086, 0.0 ], [ 120.158517355, -1.139166503, 0.0 ], [ 120.126256839, -1.127268011, 0.0 ], [ 120.098863972, -1.106751952, 0.0 ], [ 120.112037661, -1.07624066, 0.0 ], [ 120.085393804, -1.105298119, 0.0 ], [ 120.048002805, -1.054607753, 0.0 ], [ 120.025511549, -1.052244013, 0.0 ], [ 120.050376407, -1.003861853, 0.0 ], [ 120.022172826, -0.994828434, 0.0 ], [ 120.052836597, -0.95258768, 0.0 ], [ 120.036147712, -0.940610284, 0.0 ], [ 120.05067953, -0.9292573, 0.0 ], [ 120.025759732, -0.921821095, 0.0 ], [ 119.9987718, -0.966172719, 0.0 ], [ 120.001719443, -0.916960787, 0.0 ], [ 119.990047625, -0.90899087, 0.0 ], [ 120.018910026, -0.876032901, 0.0 ], [ 120.031373797, -0.88070146, 0.0 ], [ 120.033725943, -0.856673113, 0.0 ] ] ] ] } },
{ "type": "Feature", "properties": { "id": 8675, "pbph": null, "kph": "KPH Banawa Lalundu", "provinsi": "Sulawesi Tengah", "fungsi": "HL" }, "geometry": { "type": "MultiPolygon", "coordinates": [ [ [ [ 119.609449039, -1.121752861, 0.0 ], [ 119.607172671, -1.144823905, 0.0 ], [ 119.590187881, -1.135651928, 0.0 ], [ 119.609449039, -1.121752861, 0.0 ] ] ] ] } },
{ "type": "Feature", "properties": { "id": 8759, "pbph": null, "kph": "KPH Dolago Tanggunung", "provinsi": "Sulawesi Tengah", "fungsi": "HPT" }, "geometry": { "type": "MultiPolygon", "coordinates": [ [ [ [ 120.110742912, -0.806008819, 0.0 ], [ 120.107866287, -0.821073532, 0.0 ], [ 120.153505325, -0.856575012, 0.0 ], [ 120.147882462, -0.869907379, 0.0 ], [ 120.186664121, -0.918291321, 0.0 ], [ 120.180479051, -0.971723557, 0.0 ], [ 120.230779648, -0.996910095, 0.0 ], [ 120.251184464, -1.040071487, 0.0 ], [ 120.286832359, -1.037115864, 0.0 ], [ 120.272119522, -1.052440643, 0.0 ], [ 120.322992325, -1.081516266, 0.0 ], [ 120.403875351, -1.087305069, 0.0 ], [ 120.376993252, -1.125440883, 0.0 ], [ 120.268832168, -1.150304289, 0.0 ], [ 120.236379298, -1.131865897, 0.0 ], [ 120.271336523, -1.135462611, 0.0 ], [ 120.276106897, -1.122556502, 0.0 ], [ 120.223424271, -1.044629464, 0.0 ], [ 120.225304423, -1.023600163, 0.0 ], [ 120.19140932, -0.987964464, 0.0 ], [ 120.131438413, -0.968549096, 0.0 ], [ 120.088675768, -0.91547724, 0.0 ], [ 120.07388063, -0.866189516, 0.0 ], [ 120.055911101, -0.85923662, 0.0 ], [ 120.065727367, -0.805039354, 0.0 ], [ 120.110742912, -0.806008819, 0.0 ] ] ] ] } },
{ "type": "Feature", "properties": { "id": 8760, "pbph": null, "kph": "KPH Dolago Tanggunung", "provinsi": "Sulawesi Tengah", "fungsi": "HPT" }, "geometry": { "type": "MultiPolygon", "coordinates": [ [ [ [ 120.5265427, -1.132875813, 0.0 ], [ 120.497694778, -1.142395475, 0.0 ], [ 120.505904775, -1.103566713, 0.0 ], [ 120.5265427, -1.132875813, 0.0 ] ] ] ] } },
{ "type": "Feature", "properties": { "id": 8584, "pbph": null, "kph": "KPH Banawa Lalundu", "provinsi": "Sulawesi Tengah", "fungsi": "HL" }, "geometry": { "type": "MultiPolygon", "coordinates": [ [ [ [ 119.590187881, -1.135651928, 0.0 ], [ 119.6075397, -1.151380905, 0.0 ], [ 119.576836251, -1.214870234, 0.0 ], [ 119.582097716, -1.237197203, 0.0 ], [ 119.537591235, -1.232337436, 0.0 ], [ 119.525099422, -1.190747752, 0.0 ], [ 119.54324564, -1.186709465, 0.0 ], [ 119.552262026, -1.217728103, 0.0 ], [ 119.545066455, -1.176219815, 0.0 ], [ 119.59108433, -1.185588027, 0.0 ], [ 119.590187881, -1.135651928, 0.0 ] ] ] ] } },
{ "type": "Feature", "properties": { "id": 8585, "pbph": null, "kph": "KPH Dolago Tanggunung", "provinsi": "Sulawesi Tengah", "fungsi": "HL" }, "geometry": { "type": "MultiPolygon", "coordinates": [ [ [ [ 119.873283386, -0.340407431, 0.0 ], [ 119.86430359, -0.370647788, 0.0 ], [ 119.857978822, -0.341622382, 0.0 ], [ 119.873283386, -0.340407431, 0.0 ] ] ] ] } },
{ "type": "Feature", "properties": { "id": 8586, "pbph": null, "kph": "KPH Dolago Tanggunung", "provinsi": "Sulawesi Tengah", "fungsi": "HL" }, "geometry": { "type": "MultiPolygon", "coordinates": [ [ [ [ 119.910141011, -0.369869706, 0.0 ], [ 119.922392364, -0.442891907, 0.0 ], [ 119.941182074, -0.45992791, 0.0 ], [ 119.93842625, -0.512163303, 0.0 ], [ 120.007613478, -0.611788172, 0.0 ], [ 120.012734542, -0.63955941, 0.0 ], [ 119.987221703, -0.665712202, 0.0 ], [ 119.962569984, -0.600946101, 0.0 ], [ 119.946654461, -0.597012924, 0.0 ], [ 119.932996281, -0.622839492, 0.0 ], [ 119.901161116, -0.624128751, 0.0 ], [ 119.887231105, -0.55610418, 0.0 ], [ 119.860925532, -0.54628035, 0.0 ], [ 119.868733154, -0.522740771, 0.0 ], [ 119.847929279, -0.517293786, 0.0 ], [ 119.832500355, -0.472455133, 0.0 ], [ 119.848884608, -0.412534645, 0.0 ], [ 119.87798171, -0.374575491, 0.0 ], [ 119.910141011, -0.369869706, 0.0 ] ] ] ] } },
{ "type": "Feature", "properties": { "id": 8621, "pbph": null, "kph": "KPH Banawa Lalundu", "provinsi": "Sulawesi Tengah", "fungsi": "HL" }, "geometry": { "type": "MultiPolygon", "coordinates": [ [ [ [ 119.789392704, -0.821668377, 0.0 ], [ 119.803192697, -0.856127832, 0.0 ], [ 119.763601959, -0.898069503, 0.0 ], [ 119.757286976, -0.83983878, 0.0 ], [ 119.789392704, -0.821668377, 0.0 ] ] ] ] } },
{ "type": "Feature", "properties": { "id": 8623, "pbph": null, "kph": "KPH Banawa Lalundu", "provinsi": "Sulawesi Tengah", "fungsi": "HL" }, "geometry": { "type": "MultiPolygon", "coordinates": [ [ [ [ 119.803327077, -0.858443175, 0.0 ], [ 119.767993877, -0.899100278, 0.0 ], [ 119.77059394, -0.878608016, 0.0 ], [ 119.803327077, -0.858443175, 0.0 ] ] ] ] } },
{ "type": "Feature", "properties": { "id": 8748, "pbph": null, "kph": "KPH Dolago Tanggunung", "provinsi": "Sulawesi Tengah", "fungsi": "HP" }, "geometry": { "type": "MultiPolygon", "coordinates": [ [ [ [ 120.418596125, -1.062650569, 0.0 ], [ 120.40539711, -1.088727912, 0.0 ], [ 120.343452455, -1.088947058, 0.0 ], [ 120.272119522, -1.052440643, 0.0 ], [ 120.283294873, -1.034431263, 0.0 ], [ 120.251184464, -1.040071487, 0.0 ], [ 120.230779648, -0.996910095, 0.0 ], [ 120.179964067, -0.970924377, 0.0 ], [ 120.186664121, -0.918291321, 0.0 ], [ 120.20908439, -0.931833375, 0.0 ], [ 120.204813642, -0.960460285, 0.0 ], [ 120.298547536, -1.004228345, 0.0 ], [ 120.342884853, -1.047518448, 0.0 ], [ 120.418596125, -1.062650569, 0.0 ] ] ] ] } },
{ "type": "Feature", "properties": { "id": 8749, "pbph": null, "kph": "KPH Dolago Tanggunung", "provinsi": "Sulawesi Tengah", "fungsi": "HP" }, "geometry": { "type": "MultiPolygon", "coordinates": [ [ [ [ 120.503050812, -1.118513333, 0.0 ], [ 120.497922115, -1.142423867, 0.0 ], [ 120.461510877, -1.150455103, 0.0 ], [ 120.457688029, -1.070135524, 0.0 ], [ 120.503050812, -1.118513333, 0.0 ] ] ] ] } },
{ "type": "Feature", "properties": { "id": 8762, "pbph": null, "kph": "KPH Banawa Lalundu", "provinsi": "Sulawesi Tengah", "fungsi": "HPT" }, "geometry": { "type": "MultiPolygon", "coordinates": [ [ [ [ 119.609449039, -1.121752861, 0.0 ], [ 119.593071387, -1.124277339, 0.0 ], [ 119.591292109, -1.102236847, 0.0 ], [ 119.609449039, -1.121752861, 0.0 ] ] ] ] } },
{ "type": "Feature", "properties": { "id": 8844, "pbph": null, "kph": "KPH Dolago Tanggunung", "provinsi": "Sulawesi Tengah", "fungsi": "HPT" }, "geometry": { "type": "MultiPolygon", "coordinates": [ [ [ [ 119.921903439, -0.651849099, 0.0 ], [ 119.906313182, -0.666677863, 0.0 ], [ 119.889168431, -0.657765113, 0.0 ], [ 119.921903439, -0.651849099, 0.0 ] ] ] ] } },
{ "type": "Feature", "properties": { "id": 8835, "pbph": null, "kph": "KPH Dolago Tanggunung", "provinsi": "Sulawesi Tengah", "fungsi": "HPT" }, "geometry": { "type": "MultiPolygon", "coordinates": [ [ [ [ 119.931823731, -0.722017615, 0.0 ], [ 119.915828501, -0.721264968, 0.0 ], [ 119.958537847, -0.687098754, 0.0 ], [ 119.940449208, -0.714880631, 0.0 ], [ 119.960411078, -0.709873787, 0.0 ], [ 119.931823731, -0.722017615, 0.0 ] ] ] ] } },
{ "type": "Feature", "properties": { "id": 8933, "pbph": null, "kph": "KPH Banawa Lalundu", "provinsi": "Sulawesi Tengah", "fungsi": "HPT" }, "geometry": { "type": "MultiPolygon", "coordinates": [ [ [ [ 119.606901046, -1.20017098, 0.0 ], [ 119.592414856, -1.203661918, 0.0 ], [ 119.584127426, -1.241662979, 0.0 ], [ 119.582278271, -1.202839721, 0.0 ], [ 119.606901046, -1.20017098, 0.0 ] ] ] ] } },
{ "type": "Feature", "properties": { "id": 8978, "pbph": null, "kph": "KPH Dolago Tanggunung", "provinsi": "Sulawesi Tengah", "fungsi": "HPT" }, "geometry": { "type": "MultiPolygon", "coordinates": [ [ [ [ 119.981903078, -0.721666615, 0.0 ], [ 119.936389617, -0.720724846, 0.0 ], [ 119.963894085, -0.748005295, 0.0 ], [ 119.965627133, -0.795498748, 0.0 ], [ 119.945970001, -0.804050003, 0.0 ], [ 119.956875332, -0.792331988, 0.0 ], [ 119.939252171, -0.785320421, 0.0 ], [ 119.946866185, -0.770411546, 0.0 ], [ 119.915800977, -0.772538305, 0.0 ], [ 119.904241518, -0.758339919, 0.0 ], [ 119.927795088, -0.749087961, 0.0 ], [ 119.924346925, -0.723820506, 0.0 ], [ 119.95691681, -0.712035476, 0.0 ], [ 119.981903078, -0.721666615, 0.0 ] ] ] ] } },
{ "type": "Feature", "properties": { "id": 8982, "pbph": null, "kph": "KPH Dolago Tanggunung", "provinsi": "Sulawesi Tengah", "fungsi": "HPT" }, "geometry": { "type": "MultiPolygon", "coordinates": [ [ [ [ 119.972148476, -0.812228904, 0.0 ], [ 120.008501885, -0.82965328, 0.0 ], [ 120.013487294, -0.852024572, 0.0 ], [ 119.997201602, -0.850372341, 0.0 ], [ 119.99333135, -0.882908866, 0.0 ], [ 119.966955872, -0.840231776, 0.0 ], [ 119.97591933, -0.828957791, 0.0 ], [ 119.959068647, -0.813710427, 0.0 ], [ 119.946540462, -0.830358342, 0.0 ], [ 119.938725277, -0.809142283, 0.0 ], [ 119.972148476, -0.812228904, 0.0 ] ] ] ] } },
{ "type": "Feature", "properties": { "id": 8983, "pbph": null, "kph": "KPH Dolago Tanggunung", "provinsi": "Sulawesi Tengah", "fungsi": "HPT" }, "geometry": { "type": "MultiPolygon", "coordinates": [ [ [ [ 120.077057912, -1.099892123, 0.0 ], [ 120.053548225, -1.132390259, 0.0 ], [ 120.027480029, -1.077195826, 0.0 ], [ 119.976479001, -1.067811, 0.0 ], [ 119.975488921, -1.007016068, 0.0 ], [ 120.04480176, -0.992770316, 0.0 ], [ 120.048819517, -1.010106359, 0.0 ], [ 120.023189247, -1.047401308, 0.0 ], [ 120.048002805, -1.054607753, 0.0 ], [ 120.077057912, -1.099892123, 0.0 ] ] ] ] } },
{ "type": "Feature", "properties": { "id": 9026, "pbph": null, "kph": "KPH Banawa Lalundu", "provinsi": "Sulawesi Tengah", "fungsi": "HPK" }, "geometry": { "type": "MultiPolygon", "coordinates": [ [ [ [ 119.606842042, -1.054904065, 0.0 ], [ 119.617226226, -1.027789495, 0.0 ], [ 119.63070159, -1.034166993, 0.0 ], [ 119.606842042, -1.054904065, 0.0 ] ] ] ] } },
{ "type": "Feature", "properties": { "id": 9027, "pbph": null, "kph": "KPH Banawa Lalundu", "provinsi": "Sulawesi Tengah", "fungsi": "HPK" }, "geometry": { "type": "MultiPolygon", "coordinates": [ [ [ [ 119.621252499, -1.129523389, 0.0 ], [ 119.606842043, -1.055024694, 0.0 ], [ 119.647252033, -1.036401527, 0.0 ], [ 119.644283982, -1.050144476, 0.0 ], [ 119.661307955, -1.046190272, 0.0 ], [ 119.648230037, -1.050645306, 0.0 ], [ 119.661888863, -1.056618904, 0.0 ], [ 119.656613426, -1.09887122, 0.0 ], [ 119.619152089, -1.114569367, 0.0 ], [ 119.635121196, -1.127349336, 0.0 ], [ 119.621252499, -1.129523389, 0.0 ] ] ] ] } },
{ "type": "Feature", "properties": { "id": 9018, "pbph": null, "kph": "KPH Banawa Lalundu", "provinsi": "Sulawesi Tengah", "fungsi": "HPK" }, "geometry": { "type": "MultiPolygon", "coordinates": [ [ [ [ 119.575841239, -1.279920589, 0.0 ], [ 119.570403766, -1.253023602, 0.0 ], [ 119.583027594, -1.252963311, 0.0 ], [ 119.575841239, -1.279920589, 0.0 ] ] ] ] } },
{ "type": "Feature", "properties": { "id": 9031, "pbph": null, "kph": "KPH Banawa Lalundu", "provinsi": "Sulawesi Tengah", "fungsi": "HPK" }, "geometry": { "type": "MultiPolygon", "coordinates": [ [ [ [ 119.625045778, -1.252737999, 0.0 ], [ 119.592460633, -1.254724502, 0.0 ], [ 119.575825827, -1.289131054, 0.0 ], [ 119.589172364, -1.217992306, 0.0 ], [ 119.605066, -1.233666, 0.0 ], [ 119.618738502, -1.216879609, 0.0 ], [ 119.625045778, -1.252737999, 0.0 ] ] ] ] } },
{ "type": "Feature", "properties": { "id": 9140, "pbph": null, "kph": "KPH Toili Baturube", "provinsi": "Sulawesi Tengah", "fungsi": "HL" }, "geometry": { "type": "MultiPolygon", "coordinates": [ [ [ [ 122.760443965, -0.95098235, 0.0 ], [ 122.774241305, -0.958643273, 0.0 ], [ 122.761142863, -0.983361864, 0.0 ], [ 122.658296585, -1.00066185, 0.0 ], [ 122.60682869, -1.025009155, 0.0 ], [ 122.548844475, -0.978311412, 0.0 ], [ 122.687894879, -0.915017411, 0.0 ], [ 122.760443965, -0.95098235, 0.0 ] ] ] ] } },
{ "type": "Feature", "properties": { "id": 9141, "pbph": null, "kph": "KPH Toili Baturube", "provinsi": "Sulawesi Tengah", "fungsi": "HL" }, "geometry": { "type": "MultiPolygon", "coordinates": [ [ [ [ 122.478578946, -1.003837863, 0.0 ], [ 122.498481177, -1.030115515, 0.0 ], [ 122.477064653, -1.061182086, 0.0 ], [ 122.328572172, -1.138988551, 0.0 ], [ 122.348694882, -1.083317411, 0.0 ], [ 122.338194879, -1.063517411, 0.0 ], [ 122.385194879, -1.01691741, 0.0 ], [ 122.412394879, -1.030017411, 0.0 ], [ 122.431894879, -1.004217411, 0.0 ], [ 122.478578946, -1.003837863, 0.0 ] ] ] ] } },
{ "type": "Feature", "properties": { "id": 9143, "pbph": null, "kph": "KPH Balantak", "provinsi": "Sulawesi Tengah", "fungsi": "HL" }, "geometry": { "type": "MultiPolygon", "coordinates": [ [ [ [ 122.84661693, -0.815910307, 0.0 ], [ 122.865512995, -0.818791995, 0.0 ], [ 122.875312632, -0.879389144, 0.0 ], [ 122.817050332, -0.867002131, 0.0 ], [ 122.781509339, -0.882714277, 0.0 ], [ 122.774126536, -0.911951797, 0.0 ], [ 122.74577617, -0.932091309, 0.0 ], [ 122.760443965, -0.95098235, 0.0 ], [ 122.687894879, -0.915017411, 0.0 ], [ 122.55279488, -0.977517411, 0.0 ], [ 122.528318405, -0.94950676, 0.0 ], [ 122.522889371, -0.867954514, 0.0 ], [ 122.547826767, -0.846078873, 0.0 ], [ 122.566823959, -0.871591568, 0.0 ], [ 122.581144333, -0.86353302, 0.0 ], [ 122.586198807, -0.884881973, 0.0 ], [ 122.608999514, -0.884363095, 0.0 ], [ 122.580537908, -0.915964128, 0.0 ], [ 122.60260146, -0.931217961, 0.0 ], [ 122.632654053, -0.910873569, 0.0 ], [ 122.698160614, -0.900499119, 0.0 ], [ 122.74916916, -0.850066649, 0.0 ], [ 122.819149357, -0.837873645, 0.0 ], [ 122.798871654, -0.8562925, 0.0 ], [ 122.810246321, -0.859280088, 0.0 ], [ 122.848575684, -0.830905209, 0.0 ], [ 122.84661693, -0.815910307, 0.0 ] ] ] ] } },
{ "type": "Feature", "properties": { "id": 8829, "pbph": null, "kph": "KPH Dolago Tanggunung", "provinsi": "Sulawesi Tengah", "fungsi": "HPT" }, "geometry": { "type": "MultiPolygon", "coordinates": [ [ [ [ 119.921903439, -0.651849099, 0.0 ], [ 119.884563436, -0.651199194, 0.0 ], [ 119.925064088, -0.634518503, 0.0 ], [ 119.891586096, -0.642903446, 0.0 ], [ 119.921903439, -0.651849099, 0.0 ] ] ] ] } },
{ "type": "Feature", "properties": { "id": 8950, "pbph": null, "kph": "KPH Banawa Lalundu", "provinsi": "Sulawesi Tengah", "fungsi": "HPT" }, "geometry": { "type": "MultiPolygon", "coordinates": [ [ [ [ 119.7113266, -0.907506942, 0.0 ], [ 119.711300362, -0.935961358, 0.0 ], [ 119.690787926, -0.942201472, 0.0 ], [ 119.709251934, -0.932917235, 0.0 ], [ 119.7113266, -0.907506942, 0.0 ] ] ] ] } },
{ "type": "Feature", "properties": { "id": 8973, "pbph": null, "kph": "KPH Kulawi", "provinsi": "Sulawesi Tengah", "fungsi": "HPT" }, "geometry": { "type": "MultiPolygon", "coordinates": [ [ [ [ 119.71577879, -0.919123078, 0.0 ], [ 119.713408559, -0.968593151, 0.0 ], [ 119.70446375, -0.98141175, 0.0 ], [ 119.691209793, -0.973791122, 0.0 ], [ 119.70403817, -0.981925693, 0.0 ], [ 119.695764817, -1.003493035, 0.0 ], [ 119.676963807, -1.005726428, 0.0 ], [ 119.683050874, -0.99202797, 0.0 ], [ 119.674159111, -1.00649336, 0.0 ], [ 119.669708643, -0.978510846, 0.0 ], [ 119.647689899, -0.984980824, 0.0 ], [ 119.647048325, -0.969975375, 0.0 ], [ 119.710881577, -0.936475321, 0.0 ], [ 119.71577879, -0.919123078, 0.0 ] ] ] ] } },
{ "type": "Feature", "properties": { "id": 8985, "pbph": null, "kph": "KPH Dolago Tanggunung", "provinsi": "Sulawesi Tengah", "fungsi": "HPT" }, "geometry": { "type": "MultiPolygon", "coordinates": [ [ [ [ 120.234082699, -1.130341183, 0.0 ], [ 120.253199541, -1.134381139, 0.0 ], [ 120.279394881, -1.173117411, 0.0 ], [ 120.272544526, -1.231977741, 0.0 ], [ 120.184366509, -1.216626032, 0.0 ], [ 120.179697037, -1.203687668, 0.0 ], [ 120.189451218, -1.176364899, 0.0 ], [ 120.221163293, -1.21255825, 0.0 ], [ 120.236764311, -1.193595045, 0.0 ], [ 120.274256192, -1.196494508, 0.0 ], [ 120.25988764, -1.160318697, 0.0 ], [ 120.221674209, -1.153007751, 0.0 ], [ 120.218196807, -1.176554306, 0.0 ], [ 120.1789608, -1.182832718, 0.0 ], [ 120.136121751, -1.12726593, 0.0 ], [ 120.115457535, -1.151006699, 0.0 ], [ 120.086398971, -1.13213066, 0.0 ], [ 120.10049068, -1.107322409, 0.0 ], [ 120.158517355, -1.139166503, 0.0 ], [ 120.195356266, -1.119423086, 0.0 ], [ 120.234082699, -1.130341183, 0.0 ] ] ] ] } },
{ "type": "Feature", "properties": { "id": 9018, "pbph": null, "kph": "KPH Banawa Lalundu", "provinsi": "Sulawesi Tengah", "fungsi": "HPK" }, "geometry": { "type": "MultiPolygon", "coordinates": [ [ [ [ 119.575841239, -1.279920589, 0.0 ], [ 119.570403766, -1.253023602, 0.0 ], [ 119.583027594, -1.252963311, 0.0 ], [ 119.575841239, -1.279920589, 0.0 ] ] ] ] } },
{ "type": "Feature", "properties": { "id": 9031, "pbph": null, "kph": "KPH Banawa Lalundu", "provinsi": "Sulawesi Tengah", "fungsi": "HPK" }, "geometry": { "type": "MultiPolygon", "coordinates": [ [ [ [ 119.625045778, -1.252737999, 0.0 ], [ 119.592460633, -1.254724502, 0.0 ], [ 119.575825827, -1.289131054, 0.0 ], [ 119.589172364, -1.217992306, 0.0 ], [ 119.605066, -1.233666, 0.0 ], [ 119.618738502, -1.216879609, 0.0 ], [ 119.625045778, -1.252737999, 0.0 ] ] ] ] } },
{ "type": "Feature", "properties": { "id": 9125, "pbph": null, "kph": "KPH Sivia Patuju", "provinsi": "Sulawesi Tengah", "fungsi": "HL" }, "geometry": { "type": "MultiPolygon", "coordinates": [ [ [ [ 121.796221802, -1.115551165, 0.0 ], [ 121.821044922, -1.115618944, 0.0 ], [ 121.848241095, -1.183054013, 0.0 ], [ 121.926020166, -1.133637244, 0.0 ], [ 121.928545577, -1.150270724, 0.0 ], [ 121.963078656, -1.152356203, 0.0 ], [ 121.961860658, -1.220036268, 0.0 ], [ 121.876310814, -1.27523007, 0.0 ], [ 121.809979261, -1.262042305, 0.0 ], [ 121.770077557, -1.271519153, 0.0 ], [ 121.778331799, -1.243892562, 0.0 ], [ 121.714447021, -1.231524228, 0.0 ], [ 121.699777431, -1.222254714, 0.0 ], [ 121.70744916, -1.212097706, 0.0 ], [ 121.680394002, -1.21146119, 0.0 ], [ 121.616863129, -1.152093075, 0.0 ], [ 121.590751171, -1.098469063, 0.0 ], [ 121.583645739, -1.01260161, 0.0 ], [ 121.60331753, -0.990717519, 0.0 ], [ 121.681782332, -1.034204286, 0.0 ], [ 121.694149023, -1.058830046, 0.0 ], [ 121.666859416, -1.065948405, 0.0 ], [ 121.674443034, -1.083364525, 0.0 ], [ 121.701435831, -1.117057123, 0.0 ], [ 121.766506937, -1.151156344, 0.0 ], [ 121.780361918, -1.152892508, 0.0 ], [ 121.796221802, -1.115551165, 0.0 ] ] ] ] } },
{ "type": "Feature", "properties": { "id": 9141, "pbph": null, "kph": "KPH Toili Baturube", "provinsi": "Sulawesi Tengah", "fungsi": "HL" }, "geometry": { "type": "MultiPolygon", "coordinates": [ [ [ [ 122.478578946, -1.003837863, 0.0 ], [ 122.498481177, -1.030115515, 0.0 ], [ 122.477064653, -1.061182086, 0.0 ], [ 122.328572172, -1.138988551, 0.0 ], [ 122.348694882, -1.083317411, 0.0 ], [ 122.338194879, -1.063517411, 0.0 ], [ 122.385194879, -1.01691741, 0.0 ], [ 122.412394879, -1.030017411, 0.0 ], [ 122.431894879, -1.004217411, 0.0 ], [ 122.478578946, -1.003837863, 0.0 ] ] ] ] } },
{ "type": "Feature", "properties": { "id": 9143, "pbph": null, "kph": "KPH Balantak", "provinsi": "Sulawesi Tengah", "fungsi": "HL" }, "geometry": { "type": "MultiPolygon", "coordinates": [ [ [ [ 122.84661693, -0.815910307, 0.0 ], [ 122.865512995, -0.818791995, 0.0 ], [ 122.875312632, -0.879389144, 0.0 ], [ 122.817050332, -0.867002131, 0.0 ], [ 122.781509339, -0.882714277, 0.0 ], [ 122.774126536, -0.911951797, 0.0 ], [ 122.74577617, -0.932091309, 0.0 ], [ 122.760443965, -0.95098235, 0.0 ], [ 122.687894879, -0.915017411, 0.0 ], [ 122.55279488, -0.977517411, 0.0 ], [ 122.528318405, -0.94950676, 0.0 ], [ 122.522889371, -0.867954514, 0.0 ], [ 122.547826767, -0.846078873, 0.0 ], [ 122.566823959, -0.871591568, 0.0 ], [ 122.581144333, -0.86353302, 0.0 ], [ 122.586198807, -0.884881973, 0.0 ], [ 122.608999514, -0.884363095, 0.0 ], [ 122.580537908, -0.915964128, 0.0 ], [ 122.60260146, -0.931217961, 0.0 ], [ 122.632654053, -0.910873569, 0.0 ], [ 122.698160614, -0.900499119, 0.0 ], [ 122.74916916, -0.850066649, 0.0 ], [ 122.819149357, -0.837873645, 0.0 ], [ 122.798871654, -0.8562925, 0.0 ], [ 122.810246321, -0.859280088, 0.0 ], [ 122.848575684, -0.830905209, 0.0 ], [ 122.84661693, -0.815910307, 0.0 ] ] ] ] } },
{ "type": "Feature", "properties": { "id": 9151, "pbph": null, "kph": "KPH Pulau Peling", "provinsi": "Sulawesi Tengah", "fungsi": "HL" }, "geometry": { "type": "MultiPolygon", "coordinates": [ [ [ [ 123.219531918, -1.268358932, 0.0 ], [ 123.187425963, -1.26399671, 0.0 ], [ 123.198117392, -1.283786978, 0.0 ], [ 123.183921814, -1.319452404, 0.0 ], [ 123.196655273, -1.287346363, 0.0 ], [ 123.186725081, -1.261252499, 0.0 ], [ 123.219531918, -1.268358932, 0.0 ] ] ] ] } },
{ "type": "Feature", "properties": { "id": 9153, "pbph": null, "kph": "KPH Sivia Patuju", "provinsi": "Sulawesi Tengah", "fungsi": "HP" }, "geometry": { "type": "MultiPolygon", "coordinates": [ [ [ [ 121.321176353, -1.147671418, 0.0 ], [ 121.311948639, -1.154178063, 0.0 ], [ 121.321166992, -1.135632751, 0.0 ], [ 121.321176353, -1.147671418, 0.0 ] ] ], [ [ [ 121.283432085, -1.180750764, 0.0 ], [ 121.272817959, -1.21569746, 0.0 ], [ 121.251300539, -1.20851822, 0.0 ], [ 121.283432085, -1.180750764, 0.0 ] ] ], [ [ [ 121.261650169, -1.218240914, 0.0 ], [ 121.26044187, -1.243517027, 0.0 ], [ 121.241771302, -1.233072335, 0.0 ], [ 121.228723826, -1.242847375, 0.0 ], [ 121.236557582, -1.219566583, 0.0 ], [ 121.260384793, -1.228855783, 0.0 ], [ 121.261650169, -1.218240914, 0.0 ] ] ] ] } },
{ "type": "Feature", "properties": { "id": 9154, "pbph": null, "kph": "KPH Sivia Patuju", "provinsi": "Sulawesi Tengah", "fungsi": "HP" }, "geometry": { "type": "MultiPolygon", "coordinates": [ [ [ [ 121.593631624, -1.210473688, 0.0 ], [ 121.631263733, -1.257317543, 0.0 ], [ 121.628621768, -1.302353453, 0.0 ], [ 121.562253482, -1.271186463, 0.0 ], [ 121.512053972, -1.212800401, 0.0 ], [ 121.564980386, -1.204603618, 0.0 ], [ 121.581635052, -1.187783699, 0.0 ], [ 121.593631624, -1.210473688, 0.0 ] ] ] ] } },
{ "type": "Feature", "properties": { "id": 9166, "pbph": null, "kph": "KPH Balantak", "provinsi": "Sulawesi Tengah", "fungsi": "HP" }, "geometry": { "type": "MultiPolygon", "coordinates": [ [ [ [ 123.005744087, -0.724209412, 0.0 ], [ 122.998501482, -0.738556857, 0.0 ], [ 122.972585678, -0.73497963, 0.0 ], [ 123.005744087, -0.724209412, 0.0 ] ] ] ] } },
{ "type": "Feature", "properties": { "id": 9158, "pbph": null, "kph": "KPH Sivia Patuju", "provinsi": "Sulawesi Tengah", "fungsi": "HP" }, "geometry": { "type": "MultiPolygon", "coordinates": [ [ [ [ 121.688316216, -0.95383267, 0.0 ], [ 121.697386538, -0.94597028, 0.0 ], [ 121.703906393, -0.967854739, 0.0 ], [ 121.681564331, -0.963168144, 0.0 ], [ 121.704124452, -1.010425805, 0.0 ], [ 121.684390413, -1.034280947, 0.0 ], [ 121.677410561, -0.991491478, 0.0 ], [ 121.6270091, -0.953587398, 0.0 ], [ 121.672308516, -0.93433651, 0.0 ], [ 121.688316216, -0.95383267, 0.0 ] ] ] ] } },
{ "type": "Feature", "properties": { "id": 9159, "pbph": null, "kph": "KPH Sivia Patuju", "provinsi": "Sulawesi Tengah", "fungsi": "HP" }, "geometry": { "type": "MultiPolygon", "coordinates": [ [ [ [ 121.512858092, -0.938081126, 0.0 ], [ 121.518016612, -0.951000362, 0.0 ], [ 121.528843773, -0.94242811, 0.0 ], [ 121.528900137, -0.989845843, 0.0 ], [ 121.531445174, -0.954770577, 0.0 ], [ 121.543220205, -0.957453381, 0.0 ], [ 121.531477924, -1.000391517, 0.0 ], [ 121.492076553, -0.999237793, 0.0 ], [ 121.489493568, -0.974332991, 0.0 ], [ 121.512858092, -0.938081126, 0.0 ] ] ] ] } },
{ "type": "Feature", "properties": { "id": 9186, "pbph": null, "kph": "KPH Sivia Patuju", "provinsi": "Sulawesi Tengah", "fungsi": "HPT" }, "geometry": { "type": "MultiPolygon", "coordinates": [ [ [ [ 121.6324951, -1.277728646, 0.0 ], [ 121.648048402, -1.327700733, 0.0 ], [ 121.630141809, -1.337872238, 0.0 ], [ 121.6324951, -1.277728646, 0.0 ] ] ] ] } },
{ "type": "Feature", "properties": { "id": 9227, "pbph": null, "kph": "KPH Sivia Patuju", "provinsi": "Sulawesi Tengah", "fungsi": "HPT" }, "geometry": { "type": "MultiPolygon", "coordinates": [ [ [ [ 121.478073569, -1.034563226, 0.0 ], [ 121.462949962, -1.059423356, 0.0 ], [ 121.470221534, -1.042492045, 0.0 ], [ 121.447110823, -1.041861951, 0.0 ], [ 121.435200012, -1.023031231, 0.0 ], [ 121.478073569, -1.034563226, 0.0 ] ] ] ] } },
{ "type": "Feature", "properties": { "id": 9256, "pbph": null, "kph": "KPH Sivia Patuju", "provinsi": "Sulawesi Tengah", "fungsi": "HPT" }, "geometry": { "type": "MultiPolygon", "coordinates": [ [ [ [ 121.94938156, -1.279025381, 0.0 ], [ 121.920036317, -1.298762202, 0.0 ], [ 121.883486433, -1.26804356, 0.0 ], [ 121.9402771, -1.243334054, 0.0 ], [ 121.964837099, -1.214412115, 0.0 ], [ 121.915283203, -1.260290742, 0.0 ], [ 121.923736572, -1.279369712, 0.0 ], [ 121.94938156, -1.279025381, 0.0 ] ] ] ] } },
{ "type": "Feature", "properties": { "id": 9252, "pbph": null, "kph": "KPH Sivia Patuju", "provinsi": "Sulawesi Tengah", "fungsi": "HPT" }, "geometry": { "type": "MultiPolygon", "coordinates": [ [ [ [ 121.63308341, -1.167659004, 0.0 ], [ 121.636074019, -1.199038075, 0.0 ], [ 121.620831762, -1.192219536, 0.0 ], [ 121.63308341, -1.167659004, 0.0 ] ] ] ] } },
{ "type": "Feature", "properties": { "id": 9257, "pbph": null, "kph": "KPH Sivia Patuju", "provinsi": "Sulawesi Tengah", "fungsi": "HPT" }, "geometry": { "type": "MultiPolygon", "coordinates": [ [ [ [ 121.671670971, -1.204547838, 0.0 ], [ 121.65229448, -1.201480285, 0.0 ], [ 121.646588735, -1.181373448, 0.0 ], [ 121.671670971, -1.204547838, 0.0 ] ] ] ] } },
{ "type": "Feature", "properties": { "id": 9259, "pbph": null, "kph": "KPH Sivia Patuju", "provinsi": "Sulawesi Tengah", "fungsi": "HPT" }, "geometry": { "type": "MultiPolygon", "coordinates": [ [ [ [ 121.699777431, -1.222254714, 0.0 ], [ 121.764117958, -1.25038467, 0.0 ], [ 121.737971393, -1.26491637, 0.0 ], [ 121.684273499, -1.256166034, 0.0 ], [ 121.667769855, -1.234584801, 0.0 ], [ 121.699777431, -1.222254714, 0.0 ] ] ] ] } },
{ "type": "Feature", "properties": { "id": 9260, "pbph": null, "kph": "KPH Sivia Patuju", "provinsi": "Sulawesi Tengah", "fungsi": "HPT" }, "geometry": { "type": "MultiPolygon", "coordinates": [ [ [ [ 121.793688521, -1.297520698, 0.0 ], [ 121.767837524, -1.284311414, 0.0 ], [ 121.715126641, -1.307894763, 0.0 ], [ 121.710944445, -1.278666666, 0.0 ], [ 121.735722222, -1.265166666, 0.0 ], [ 121.793688521, -1.297520698, 0.0 ] ] ] ] } },
{ "type": "Feature", "properties": { "id": 9321, "pbph": null, "kph": "KPH Balantak", "provinsi": "Sulawesi Tengah", "fungsi": "HPT" }, "geometry": { "type": "MultiPolygon", "coordinates": [ [ [ [ 122.821788544, -0.807546047, 0.0 ], [ 122.848575684, -0.830905209, 0.0 ], [ 122.810246321, -0.859280088, 0.0 ], [ 122.798871654, -0.8562925, 0.0 ], [ 122.819149357, -0.837873645, 0.0 ], [ 122.762275088, -0.846333741, 0.0 ], [ 122.691498124, -0.90349724, 0.0 ], [ 122.632654053, -0.910873569, 0.0 ], [ 122.60260146, -0.931217961, 0.0 ], [ 122.581275541, -0.923269074, 0.0 ], [ 122.627922585, -0.872717053, 0.0 ], [ 122.620498317, -0.822698544, 0.0 ], [ 122.640547096, -0.829616851, 0.0 ], [ 122.632841926, -0.847910623, 0.0 ], [ 122.68683815, -0.852518082, 0.0 ], [ 122.821788544, -0.807546047, 0.0 ] ] ] ] } },
{ "type": "Feature", "properties": { "id": 9400, "pbph": null, "kph": "KPH Balantak", "provinsi": "Sulawesi Tengah", "fungsi": "HPT" }, "geometry": { "type": "MultiPolygon", "coordinates": [ [ [ [ 122.875309922, -0.879391052, 0.0 ], [ 122.880226508, -0.914808772, 0.0 ], [ 122.838545676, -0.882010938, 0.0 ], [ 122.875309922, -0.879391052, 0.0 ] ] ] ] } },
{ "type": "Feature", "properties": { "id": 9427, "pbph": null, "kph": "KPH Balantak", "provinsi": "Sulawesi Tengah", "fungsi": "HPT" }, "geometry": { "type": "MultiPolygon", "coordinates": [ [ [ [ 123.075155978, -0.646661739, 0.0 ], [ 123.099643491, -0.636415848, 0.0 ], [ 123.103982276, -0.655584841, 0.0 ], [ 123.12090235, -0.647768543, 0.0 ], [ 123.126648236, -0.659076041, 0.0 ], [ 123.073743821, -0.664144516, 0.0 ], [ 123.066579819, -0.682682037, 0.0 ], [ 123.079942704, -0.692399979, 0.0 ], [ 123.044118882, -0.724752426, 0.0 ], [ 122.98225975, -0.726858139, 0.0 ], [ 122.971720833, -0.745842398, 0.0 ], [ 122.946039684, -0.729063553, 0.0 ], [ 122.94992112, -0.717268511, 0.0 ], [ 122.909389762, -0.738561905, 0.0 ], [ 122.870214216, -0.705876825, 0.0 ], [ 122.845103132, -0.707405744, 0.0 ], [ 122.842693357, -0.682402682, 0.0 ], [ 122.864916667, -0.662333333, 0.0 ], [ 122.885817151, -0.673732264, 0.0 ], [ 122.887590408, -0.701583862, 0.0 ], [ 122.93205452, -0.714315414, 0.0 ], [ 122.962652207, -0.689208984, 0.0 ], [ 123.000436783, -0.687473297, 0.0 ], [ 123.006706238, -0.671584605, 0.0 ], [ 123.018835977, -0.688326907, 0.0 ], [ 123.03752442, -0.683909819, 0.0 ], [ 123.051559448, -0.62814772, 0.0 ], [ 123.075155978, -0.646661739, 0.0 ] ] ] ] } },
{ "type": "Feature", "properties": { "id": 9428, "pbph": null, "kph": "KPH Balantak", "provinsi": "Sulawesi Tengah", "fungsi": "HPT" }, "geometry": { "type": "MultiPolygon", "coordinates": [ [ [ [ 123.383405792, -0.764313403, 0.0 ], [ 123.373220444, -0.749164581, 0.0 ], [ 123.336404801, -0.757940292, 0.0 ], [ 123.297536851, -0.729766846, 0.0 ], [ 123.218603134, -0.769899368, 0.0 ], [ 123.202226142, -0.753306195, 0.0 ], [ 123.213171005, -0.723049164, 0.0 ], [ 123.200790405, -0.664038659, 0.0 ], [ 123.241715492, -0.635750098, 0.0 ], [ 123.266264501, -0.644797505, 0.0 ], [ 123.27214577, -0.66874319, 0.0 ], [ 123.312955856, -0.67574501, 0.0 ], [ 123.305528641, -0.657649994, 0.0 ], [ 123.34472084, -0.658412933, 0.0 ], [ 123.358865738, -0.675928116, 0.0 ], [ 123.34378624, -0.692060471, 0.0 ], [ 123.391931534, -0.728834152, 0.0 ], [ 123.39150626, -0.756740835, 0.0 ], [ 123.431629633, -0.765875, 0.0 ], [ 123.383405792, -0.764313403, 0.0 ] ] ] ] } },
{ "type": "Feature", "properties": { "id": 9453, "pbph": null, "kph": "KPH Toili Baturube", "provinsi": "Sulawesi Tengah", "fungsi": "HPT" }, "geometry": { "type": "MultiPolygon", "coordinates": [ [ [ [ 122.696570896, -1.04427551, 0.0 ], [ 122.682609559, -1.062091471, 0.0 ], [ 122.675774551, -1.04782975, 0.0 ], [ 122.694384915, -1.030397292, 0.0 ], [ 122.696570896, -1.04427551, 0.0 ] ] ] ] } },
{ "type": "Feature", "properties": { "id": 9459, "pbph": null, "kph": "KPH Balantak", "provinsi": "Sulawesi Tengah", "fungsi": "HPT" }, "geometry": { "type": "MultiPolygon", "coordinates": [ [ [ [ 122.824232724, -0.657415828, 0.0 ], [ 122.829043311, -0.675229775, 0.0 ], [ 122.796534618, -0.680794687, 0.0 ], [ 122.824232724, -0.657415828, 0.0 ] ] ] ] } },
{ "type": "Feature", "properties": { "id": 9460, "pbph": null, "kph": "KPH Balantak", "provinsi": "Sulawesi Tengah", "fungsi": "HPT" }, "geometry": { "type": "MultiPolygon", "coordinates": [ [ [ [ 122.790995332, -0.674186385, 0.0 ], [ 122.793416667, -0.686, 0.0 ], [ 122.779556273, -0.680878281, 0.0 ], [ 122.790995332, -0.674186385, 0.0 ] ] ] ] } },
{ "type": "Feature", "properties": { "id": 9461, "pbph": null, "kph": "KPH Sivia Patuju", "provinsi": "Sulawesi Tengah", "fungsi": "HPK" }, "geometry": { "type": "MultiPolygon", "coordinates": [ [ [ [ 121.492076553, -0.999237793, 0.0 ], [ 121.528054295, -1.001050205, 0.0 ], [ 121.478073569, -1.034563226, 0.0 ], [ 121.443359527, -1.025357081, 0.0 ], [ 121.435791968, -1.006822073, 0.0 ], [ 121.455841588, -0.979469412, 0.0 ], [ 121.457735411, -1.010576292, 0.0 ], [ 121.492076553, -0.999237793, 0.0 ] ] ] ] } },
{ "type": "Feature", "properties": { "id": 9463, "pbph": null, "kph": "KPH Sivia Patuju", "provinsi": "Sulawesi Tengah", "fungsi": "HPK" }, "geometry": { "type": "MultiPolygon", "coordinates": [ [ [ [ 121.858142147, -1.274703023, 0.0 ], [ 121.835059133, -1.289411639, 0.0 ], [ 121.836421422, -1.26929324, 0.0 ], [ 121.858142147, -1.274703023, 0.0 ] ] ] ] } },
{ "type": "Feature", "properties": { "id": 9466, "pbph": null, "kph": "KPH Sivia Patuju", "provinsi": "Sulawesi Tengah", "fungsi": "HPK" }, "geometry": { "type": "MultiPolygon", "coordinates": [ [ [ [ 121.806008149, -1.31551126, 0.0 ], [ 121.798160795, -1.325042135, 0.0 ], [ 121.780044556, -1.312052727, 0.0 ], [ 121.806008149, -1.31551126, 0.0 ] ] ] ] } },
{ "type": "Feature", "properties": { "id": 9469, "pbph": null, "kph": "KPH Sivia Patuju", "provinsi": "Sulawesi Tengah", "fungsi": "HPK" }, "geometry": { "type": "MultiPolygon", "coordinates": [ [ [ [ 121.821372977, -1.333178929, 0.0 ], [ 121.798160795, -1.325042135, 0.0 ], [ 121.806008149, -1.31551126, 0.0 ], [ 121.821372977, -1.333178929, 0.0 ] ] ] ] } },
{ "type": "Feature", "properties": { "id": 9470, "pbph": null, "kph": "KPH Sivia Patuju", "provinsi": "Sulawesi Tengah", "fungsi": "HPK" }, "geometry": { "type": "MultiPolygon", "coordinates": [ [ [ [ 121.867777954, -1.333958338, 0.0 ], [ 121.824848657, -1.333295729, 0.0 ], [ 121.844453471, -1.31850581, 0.0 ], [ 121.867777954, -1.333958338, 0.0 ] ] ] ] } },
{ "type": "Feature", "properties": { "id": 9473, "pbph": null, "kph": "KPH Toili Baturube", "provinsi": "Sulawesi Tengah", "fungsi": "HPK" }, "geometry": { "type": "MultiPolygon", "coordinates": [ [ [ [ 122.624778367, -1.131681725, 0.0 ], [ 122.632752026, -1.095510896, 0.0 ], [ 122.696570896, -1.04427551, 0.0 ], [ 122.679706773, -1.105508313, 0.0 ], [ 122.63532089, -1.10663201, 0.0 ], [ 122.646441005, -1.113293248, 0.0 ], [ 122.624778367, -1.131681725, 0.0 ] ] ] ] } },
{ "type": "Feature", "properties": { "id": 9477, "pbph": null, "kph": "KPH Balantak", "provinsi": "Sulawesi Tengah", "fungsi": "HPK" }, "geometry": { "type": "MultiPolygon", "coordinates": [ [ [ [ 123.096426878, -0.628011072, 0.0 ], [ 123.084259034, -0.630056261, 0.0 ], [ 123.095649719, -0.600967288, 0.0 ], [ 123.096426878, -0.628011072, 0.0 ] ] ] ] } },
{ "type": "Feature", "properties": { "id": 9475, "pbph": null, "kph": "KPH Toili Baturube", "provinsi": "Sulawesi Tengah", "fungsi": "HPK" }, "geometry": { "type": "MultiPolygon", "coordinates": [ [ [ [ 122.382377626, -1.24157989, 0.0 ], [ 122.400843421, -1.248041529, 0.0 ], [ 122.355827332, -1.222259163, 0.0 ], [ 122.382377626, -1.24157989, 0.0 ] ] ] ] } },
{ "type": "Feature", "properties": { "id": 9478, "pbph": null, "kph": "KPH Balantak", "provinsi": "Sulawesi Tengah", "fungsi": "HPK" }, "geometry": { "type": "MultiPolygon", "coordinates": [ [ [ [ 123.036419718, -0.760228335, 0.0 ], [ 123.021800969, -0.782827152, 0.0 ], [ 122.999190044, -0.779460587, 0.0 ], [ 123.036419718, -0.760228335, 0.0 ] ] ] ] } },
{ "type": "Feature", "properties": { "id": 9481, "pbph": null, "kph": "KPH Banawa Lalundu", "provinsi": "Sulawesi Tengah", "fungsi": "HL" }, "geometry": { "type": "MultiPolygon", "coordinates": [ [ [ [ 119.733327103, -0.911499836, 0.0 ], [ 119.703199529, -0.908566861, 0.0 ], [ 119.721567875, -0.898784485, 0.0 ], [ 119.733327103, -0.911499836, 0.0 ] ] ] ] } },
{ "type": "Feature", "properties": { "id": 9488, "pbph": null, "kph": "KPH Kulawi", "provinsi": "Sulawesi Tengah", "fungsi": "HL" }, "geometry": { "type": "MultiPolygon", "coordinates": [ [ [ [ 119.805115471, -0.895591906, 0.0 ], [ 119.820302023, -0.948162812, 0.0 ], [ 119.772670128, -0.945791682, 0.0 ], [ 119.766900177, -0.923313766, 0.0 ], [ 119.753439686, -0.926347307, 0.0 ], [ 119.75846773, -0.951935638, 0.0 ], [ 119.774631676, -0.958103884, 0.0 ], [ 119.763413373, -1.002775057, 0.0 ], [ 119.797092204, -0.964061164, 0.0 ], [ 119.822023206, -0.962489966, 0.0 ], [ 119.783362987, -0.987949474, 0.0 ], [ 119.777469863, -1.010845958, 0.0 ], [ 119.812647562, -0.977855395, 0.0 ], [ 119.83781434, -0.976086946, 0.0 ], [ 119.854806281, -1.039398254, 0.0 ], [ 119.832973799, -1.04532149, 0.0 ], [ 119.859796888, -1.061347136, 0.0 ], [ 119.839994192, -1.078500025, 0.0 ], [ 119.861241339, -1.080614123, 0.0 ], [ 119.867361864, -1.100908355, 0.0 ], [ 119.853350952, -1.103583177, 0.0 ], [ 119.867425661, -1.10392084, 0.0 ], [ 119.875928957, -1.128408507, 0.0 ], [ 119.887707547, -1.21099405, 0.0 ], [ 119.903435288, -1.248509466, 0.0 ], [ 119.924668502, -1.259720758, 0.0 ], [ 119.909372876, -1.274279065, 0.0 ], [ 119.914557495, -1.30808383, 0.0 ], [ 119.894420475, -1.313493784, 0.0 ], [ 119.894667605, -1.337462847, 0.0 ], [ 119.876722045, -1.35241326, 0.0 ], [ 119.899979437, -1.350082577, 0.0 ], [ 119.901790513, -1.375007355, 0.0 ], [ 119.939628443, -1.370233732, 0.0 ], [ 119.954751014, -1.414940408, 0.0 ], [ 119.930531047, -1.45905489, 0.0 ], [ 119.94827038, -1.474896701, 0.0 ], [ 119.932375627, -1.506610398, 0.0 ], [ 119.950471473, -1.506973244, 0.0 ], [ 119.954362346, -1.528428588, 0.0 ], [ 119.925235783, -1.554962305, 0.0 ], [ 119.923874918, -1.599697384, 0.0 ], [ 119.916703554, -1.580746423, 0.0 ], [ 119.89053192, -1.577441272, 0.0 ], [ 119.911756665, -1.594667884, 0.0 ], [ 119.853400295, -1.566558605, 0.0 ], [ 119.771196482, -1.467809413, 0.0 ], [ 119.769892651, -1.442938491, 0.0 ], [ 119.833070278, -1.386674721, 0.0 ], [ 119.830969962, -1.284360106, 0.0 ], [ 119.775194737, -1.195634109, 0.0 ], [ 119.804140001, -1.139269998, 0.0 ], [ 119.80067, -1.087509999, 0.0 ], [ 119.757305414, -0.996729167, 0.0 ], [ 119.702931698, -0.98315542, 0.0 ], [ 119.728932168, -0.904503694, 0.0 ], [ 119.744016732, -0.929672681, 0.0 ], [ 119.779835549, -0.894425053, 0.0 ], [ 119.805115471, -0.895591906, 0.0 ] ], [ [ 119.831863168, -1.017439743, 0.0 ], [ 119.828987244, -1.033971413, 0.0 ], [ 119.842107167, -1.036722698, 0.0 ], [ 119.846820568, -1.023437485, 0.0 ], [ 119.831863168, -1.017439743, 0.0 ] ] ] ] } },
{ "type": "Feature", "properties": { "id": 9144, "pbph": null, "kph": "KPH Balantak", "provinsi": "Sulawesi Tengah", "fungsi": "HL" }, "geometry": { "type": "MultiPolygon", "coordinates": [ [ [ [ 122.405714003, -0.898123917, 0.0 ], [ 122.460372511, -0.891434839, 0.0 ], [ 122.464806462, -0.913149731, 0.0 ], [ 122.445687798, -0.913646179, 0.0 ], [ 122.403333329, -0.963055559, 0.0 ], [ 122.418354839, -0.9681436, 0.0 ], [ 122.410822124, -0.988653662, 0.0 ], [ 122.478578946, -1.003837863, 0.0 ], [ 122.431894879, -1.004217411, 0.0 ], [ 122.412394879, -1.030017411, 0.0 ], [ 122.385194879, -1.01691741, 0.0 ], [ 122.338194879, -1.063517411, 0.0 ], [ 122.348694882, -1.083317411, 0.0 ], [ 122.328572172, -1.138988551, 0.0 ], [ 122.280405968, -1.137220124, 0.0 ], [ 122.239795007, -1.075750147, 0.0 ], [ 122.289455952, -1.038756861, 0.0 ], [ 122.309163663, -0.987390733, 0.0 ], [ 122.353858284, -0.936504532, 0.0 ], [ 122.335439425, -0.877873094, 0.0 ], [ 122.405714003, -0.898123917, 0.0 ] ] ] ] } },
{ "type": "Feature", "properties": { "id": 9161, "pbph": null, "kph": "KPH Sivia Patuju", "provinsi": "Sulawesi Tengah", "fungsi": "HP" }, "geometry": { "type": "MultiPolygon", "coordinates": [ [ [ [ 121.615961799, -1.146699246, 0.0 ], [ 121.627044678, -1.185328006, 0.0 ], [ 121.596191406, -1.21292138, 0.0 ], [ 121.581635052, -1.187783699, 0.0 ], [ 121.598778492, -1.160460346, 0.0 ], [ 121.589622498, -1.143493652, 0.0 ], [ 121.615961799, -1.146699246, 0.0 ] ] ] ] } },
{ "type": "Feature", "properties": { "id": 9163, "pbph": null, "kph": "KPH Balantak", "provinsi": "Sulawesi Tengah", "fungsi": "HP" }, "geometry": { "type": "MultiPolygon", "coordinates": [ [ [ [ 123.198377664, -0.669479323, 0.0 ], [ 123.211618424, -0.737617493, 0.0 ], [ 123.168306351, -0.790182114, 0.0 ], [ 123.140275955, -0.735843658, 0.0 ], [ 123.151696823, -0.702052749, 0.0 ], [ 123.142450333, -0.660547256, 0.0 ], [ 123.162544254, -0.647270226, 0.0 ], [ 123.198377664, -0.669479323, 0.0 ] ] ] ] } },
{ "type": "Feature", "properties": { "id": 9164, "pbph": null, "kph": "KPH Balantak", "provinsi": "Sulawesi Tengah", "fungsi": "HP" }, "geometry": { "type": "MultiPolygon", "coordinates": [ [ [ [ 123.00276947, -0.673495889, 0.0 ], [ 123.000436783, -0.687473297, 0.0 ], [ 122.962652207, -0.689208984, 0.0 ], [ 122.935331345, -0.713850021, 0.0 ], [ 122.885076523, -0.69726944, 0.0 ], [ 122.885805556, -0.673722221, 0.0 ], [ 122.965052554, -0.674457627, 0.0 ], [ 122.990943909, -0.651994585, 0.0 ], [ 123.00276947, -0.673495889, 0.0 ] ] ] ] } },
{ "type": "Feature", "properties": { "id": 9165, "pbph": null, "kph": "KPH Balantak", "provinsi": "Sulawesi Tengah", "fungsi": "HP" }, "geometry": { "type": "MultiPolygon", "coordinates": [ [ [ [ 123.042904118, -0.725259279, 0.0 ], [ 123.063131625, -0.760220161, 0.0 ], [ 123.032345223, -0.771284242, 0.0 ], [ 123.033723311, -0.746194114, 0.0 ], [ 123.009957369, -0.740315436, 0.0 ], [ 123.006899456, -0.724790663, 0.0 ], [ 123.042904118, -0.725259279, 0.0 ] ] ] ] } },
{ "type": "Feature", "properties": { "id": 9185, "pbph": null, "kph": "KPH Sivia Patuju", "provinsi": "Sulawesi Tengah", "fungsi": "HPT" }, "geometry": { "type": "MultiPolygon", "coordinates": [ [ [ [ 121.41499802, -1.114797157, 0.0 ], [ 121.3806875, -1.150281844, 0.0 ], [ 121.351670882, -1.142388222, 0.0 ], [ 121.359062322, -1.163400636, 0.0 ], [ 121.333439771, -1.174970147, 0.0 ], [ 121.32051526, -1.135859187, 0.0 ], [ 121.371809681, -1.069499627, 0.0 ], [ 121.411015183, -1.09423662, 0.0 ], [ 121.41499802, -1.114797157, 0.0 ] ] ] ] } },
{ "type": "Feature", "properties": { "id": 9224, "pbph": null, "kph": "KPH Sivia Patuju", "provinsi": "Sulawesi Tengah", "fungsi": "HPT" }, "geometry": { "type": "MultiPolygon", "coordinates": [ [ [ [ 121.6270091, -0.953587398, 0.0 ], [ 121.677810669, -0.992067456, 0.0 ], [ 121.682510377, -1.034035563, 0.0 ], [ 121.704155282, -1.00888244, 0.0 ], [ 121.681564331, -0.963168144, 0.0 ], [ 121.720843972, -0.969894408, 0.0 ], [ 121.701499, -0.998921, 0.0 ], [ 121.740768546, -0.992256603, 0.0 ], [ 121.702682, -1.031652, 0.0 ], [ 121.746440913, -0.999623823, 0.0 ], [ 121.744781896, -1.025249721, 0.0 ], [ 121.764621928, -1.029563194, 0.0 ], [ 121.764743537, -1.048186712, 0.0 ], [ 121.775649664, -1.032783798, 0.0 ], [ 121.766598089, -0.995476467, 0.0 ], [ 121.780149756, -1.002251396, 0.0 ], [ 121.817951495, -0.97232211, 0.0 ], [ 121.849555454, -0.972892064, 0.0 ], [ 121.848346676, -1.03963213, 0.0 ], [ 121.859660361, -1.037172071, 0.0 ], [ 121.859539659, -1.05615891, 0.0 ], [ 121.891507059, -1.086789686, 0.0 ], [ 121.920569889, -1.096022004, 0.0 ], [ 121.931588291, -1.132869728, 0.0 ], [ 121.848241095, -1.183054013, 0.0 ], [ 121.81847703, -1.112843888, 0.0 ], [ 121.82628563, -1.05486847, 0.0 ], [ 121.803006719, -1.046675325, 0.0 ], [ 121.774595318, -1.080199263, 0.0 ], [ 121.79014147, -1.084197816, 0.0 ], [ 121.796221802, -1.115551165, 0.0 ], [ 121.769520548, -1.152521767, 0.0 ], [ 121.701435831, -1.117057123, 0.0 ], [ 121.674443034, -1.083364525, 0.0 ], [ 121.666319184, -1.067108543, 0.0 ], [ 121.694149023, -1.058830046, 0.0 ], [ 121.688389566, -1.039597907, 0.0 ], [ 121.602526342, -0.99060286, 0.0 ], [ 121.576644897, -1.031284809, 0.0 ], [ 121.615961799, -1.146699246, 0.0 ], [ 121.545937001, -1.140928595, 0.0 ], [ 121.558062824, -1.092390124, 0.0 ], [ 121.535419629, -1.126614555, 0.0 ], [ 121.498714, -1.101927, 0.0 ], [ 121.522531696, -1.083210647, 0.0 ], [ 121.504980115, -1.026733044, 0.0 ], [ 121.536879817, -0.996278781, 0.0 ], [ 121.547648882, -0.946866211, 0.0 ], [ 121.57930138, -0.946544572, 0.0 ], [ 121.602949907, -0.96829742, 0.0 ], [ 121.6270091, -0.953587398, 0.0 ] ] ] ] } },
{ "type": "Feature", "properties": { "id": 9429, "pbph": null, "kph": "KPH Balantak", "provinsi": "Sulawesi Tengah", "fungsi": "HPT" }, "geometry": { "type": "MultiPolygon", "coordinates": [ [ [ [ 123.160458361, -0.647401596, 0.0 ], [ 123.142450333, -0.660547256, 0.0 ], [ 123.14140892, -0.739778519, 0.0 ], [ 123.163125992, -0.787958144, 0.0 ], [ 123.212427139, -0.787094116, 0.0 ], [ 123.225685243, -0.811373738, 0.0 ], [ 123.122333295, -0.78755583, 0.0 ], [ 123.126558305, -0.701749802, 0.0 ], [ 123.147111893, -0.679916382, 0.0 ], [ 123.127168113, -0.661299544, 0.0 ], [ 123.160458361, -0.647401596, 0.0 ] ] ] ] } },
{ "type": "Feature", "properties": { "id": 9430, "pbph": null, "kph": "KPH Balantak", "provinsi": "Sulawesi Tengah", "fungsi": "HPT" }, "geometry": { "type": "MultiPolygon", "coordinates": [ [ [ [ 123.094034851, -0.769482356, 0.0 ], [ 123.02816275, -0.777111164, 0.0 ], [ 123.063131625, -0.760220161, 0.0 ], [ 123.094034851, -0.769482356, 0.0 ] ] ] ] } },
{ "type": "Feature", "properties": { "id": 9431, "pbph": null, "kph": "KPH Balantak", "provinsi": "Sulawesi Tengah", "fungsi": "HPT" }, "geometry": { "type": "MultiPolygon", "coordinates": [ [ [ [ 123.000584287, -0.774381768, 0.0 ], [ 123.014270056, -0.789893714, 0.0 ], [ 123.003339556, -0.79822564, 0.0 ], [ 123.000584287, -0.774381768, 0.0 ] ] ] ] } },
{ "type": "Feature", "properties": { "id": 9432, "pbph": null, "kph": "KPH Balantak", "provinsi": "Sulawesi Tengah", "fungsi": "HPT" }, "geometry": { "type": "MultiPolygon", "coordinates": [ [ [ [ 123.243661589, -0.825969704, 0.0 ], [ 123.25961113, -0.818315506, 0.0 ], [ 123.329278946, -0.83982849, 0.0 ], [ 123.381742477, -0.783267975, 0.0 ], [ 123.418382703, -0.787825689, 0.0 ], [ 123.38916294, -0.81584988, 0.0 ], [ 123.40132917, -0.845145573, 0.0 ], [ 123.37461622, -0.829645166, 0.0 ], [ 123.367163033, -0.856278343, 0.0 ], [ 123.360769704, -0.844448972, 0.0 ], [ 123.357555944, -0.857440766, 0.0 ], [ 123.32359494, -0.840830645, 0.0 ], [ 123.299882174, -0.847504942, 0.0 ], [ 123.295870673, -0.87181707, 0.0 ], [ 123.320681342, -0.898423556, 0.0 ], [ 123.296859915, -0.87691106, 0.0 ], [ 123.286666822, -0.885921531, 0.0 ], [ 123.248965694, -0.870433264, 0.0 ], [ 123.271957235, -0.875816796, 0.0 ], [ 123.239391931, -0.841258692, 0.0 ], [ 123.243661589, -0.825969704, 0.0 ] ] ] ] } },
{ "type": "Feature", "properties": { "id": 9440, "pbph": null, "kph": "KPH Balantak", "provinsi": "Sulawesi Tengah", "fungsi": "HPT" }, "geometry": { "type": "MultiPolygon", "coordinates": [ [ [ [ 123.001868105, -0.799312343, 0.0 ], [ 122.977877756, -0.794962732, 0.0 ], [ 122.980569432, -0.818466626, 0.0 ], [ 122.920385361, -0.818729401, 0.0 ], [ 122.944518354, -0.783589968, 0.0 ], [ 122.862873362, -0.787236314, 0.0 ], [ 122.867059649, -0.77497022, 0.0 ], [ 122.967539323, -0.763852483, 0.0 ], [ 122.99691513, -0.774847068, 0.0 ], [ 123.001868105, -0.799312343, 0.0 ] ] ] ] } },
{ "type": "Feature", "properties": { "id": 9455, "pbph": null, "kph": "KPH Toili Baturube", "provinsi": "Sulawesi Tengah", "fungsi": "HPT" }, "geometry": { "type": "MultiPolygon", "coordinates": [ [ [ [ 122.624778367, -1.131681725, 0.0 ], [ 122.606503766, -1.127262295, 0.0 ], [ 122.632752026, -1.095510896, 0.0 ], [ 122.624778367, -1.131681725, 0.0 ] ] ] ] } },
{ "type": "Feature", "properties": { "id": 9456, "pbph": null, "kph": "KPH Toili Baturube", "provinsi": "Sulawesi Tengah", "fungsi": "HPT" }, "geometry": { "type": "MultiPolygon", "coordinates": [ [ [ [ 122.496264115, -1.136319495, 0.0 ], [ 122.492822647, -1.169216156, 0.0 ], [ 122.424482346, -1.190719604, 0.0 ], [ 122.43670845, -1.207035065, 0.0 ], [ 122.426530839, -1.215356826, 0.0 ], [ 122.398167382, -1.207873005, 0.0 ], [ 122.399651785, -1.233847481, 0.0 ], [ 122.381630127, -1.222744636, 0.0 ], [ 122.382377626, -1.24157989, 0.0 ], [ 122.355827332, -1.222259163, 0.0 ], [ 122.403474009, -1.250159929, 0.0 ], [ 122.335568198, -1.268475268, 0.0 ], [ 122.367073382, -1.165446817, 0.0 ], [ 122.40017139, -1.167889479, 0.0 ], [ 122.397619709, -1.133484955, 0.0 ], [ 122.496264115, -1.136319495, 0.0 ] ] ] ] } },
{ "type": "Feature", "properties": { "id": 9457, "pbph": null, "kph": "KPH Toili Baturube", "provinsi": "Sulawesi Tengah", "fungsi": "HPT" }, "geometry": { "type": "MultiPolygon", "coordinates": [ [ [ [ 122.535624856, -1.184226526, 0.0 ], [ 122.569583301, -1.1876111, 0.0 ], [ 122.591655701, -1.1598442, 0.0 ], [ 122.600111892, -1.171060266, 0.0 ], [ 122.587535261, -1.209555686, 0.0 ], [ 122.572892283, -1.203294252, 0.0 ], [ 122.582915736, -1.225506461, 0.0 ], [ 122.555057253, -1.223042638, 0.0 ], [ 122.547720518, -1.250822535, 0.0 ], [ 122.535624856, -1.184226526, 0.0 ] ] ] ] } },
{ "type": "Feature", "properties": { "id": 9462, "pbph": null, "kph": "KPH Sivia Patuju", "provinsi": "Sulawesi Tengah", "fungsi": "HPK" }, "geometry": { "type": "MultiPolygon", "coordinates": [ [ [ [ 122.057616591, -1.255130414, 0.0 ], [ 122.082932325, -1.287705642, 0.0 ], [ 122.022401248, -1.267929189, 0.0 ], [ 122.057616591, -1.255130414, 0.0 ] ] ] ] } },
{ "type": "Feature", "properties": { "id": 9468, "pbph": null, "kph": "KPH Sivia Patuju", "provinsi": "Sulawesi Tengah", "fungsi": "HPK" }, "geometry": { "type": "MultiPolygon", "coordinates": [ [ [ [ 121.906756156, -1.292268333, 0.0 ], [ 121.919461808, -1.300144006, 0.0 ], [ 121.900695801, -1.326338649, 0.0 ], [ 121.870544434, -1.333974361, 0.0 ], [ 121.907780765, -1.303391395, 0.0 ], [ 121.832023399, -1.301322881, 0.0 ], [ 121.860629985, -1.310931873, 0.0 ], [ 121.906756156, -1.292268333, 0.0 ] ] ] ] } },
{ "type": "Feature", "properties": { "id": 9479, "pbph": null, "kph": "KPH Sivia Patuju", "provinsi": "Sulawesi Tengah", "fungsi": "HL" }, "geometry": { "type": "MultiPolygon", "coordinates": [ [ [ [ 121.113104838, -1.649844861, 0.0 ], [ 121.056843259, -1.672600008, 0.0 ], [ 121.070884705, -1.655318022, 0.0 ], [ 121.113104838, -1.649844861, 0.0 ] ] ] ] } },
{ "type": "Feature", "properties": { "id": 9480, "pbph": null, "kph": "KPH Sivia Patuju", "provinsi": "Sulawesi Tengah", "fungsi": "HL" }, "geometry": { "type": "MultiPolygon", "coordinates": [ [ [ [ 121.025869922, -1.671712142, 0.0 ], [ 121.046926125, -1.675754187, 0.0 ], [ 121.025594879, -1.709017411, 0.0 ], [ 120.95901219, -1.723040399, 0.0 ], [ 120.95762185, -1.710715864, 0.0 ], [ 121.025869922, -1.671712142, 0.0 ] ] ] ] } },
{ "type": "Feature", "properties": { "id": 9494, "pbph": null, "kph": "KPH Banawa Lalundu", "provinsi": "Sulawesi Tengah", "fungsi": "HPT" }, "geometry": { "type": "MultiPolygon", "coordinates": [ [ [ [ 119.758045872, -1.086972449, 0.0 ], [ 119.782684329, -1.160538672, 0.0 ], [ 119.713188174, -1.269254327, 0.0 ], [ 119.739462577, -1.288961625, 0.0 ], [ 119.724818717, -1.3013759, 0.0 ], [ 119.799907499, -1.283896137, 0.0 ], [ 119.798454419, -1.352863124, 0.0 ], [ 119.819021905, -1.387334387, 0.0 ], [ 119.7205826, -1.419572838, 0.0 ], [ 119.701110841, -1.412248313, 0.0 ], [ 119.708328248, -1.39661157, 0.0 ], [ 119.700764705, -1.412018546, 0.0 ], [ 119.61871338, -1.365441083, 0.0 ], [ 119.625175477, -1.244939327, 0.0 ], [ 119.609064371, -1.201532042, 0.0 ], [ 119.618867217, -1.176162769, 0.0 ], [ 119.602572331, -1.159699224, 0.0 ], [ 119.612589403, -1.118371376, 0.0 ], [ 119.629633709, -1.137323702, 0.0 ], [ 119.621119149, -1.16224052, 0.0 ], [ 119.630715396, -1.140453276, 0.0 ], [ 119.649910196, -1.136950235, 0.0 ], [ 119.662568844, -1.15444434, 0.0 ], [ 119.690985328, -1.155173025, 0.0 ], [ 119.696539913, -1.129903146, 0.0 ], [ 119.67773293, -1.138720656, 0.0 ], [ 119.664527611, -1.124304674, 0.0 ], [ 119.70198564, -1.108249694, 0.0 ], [ 119.710119039, -1.129358621, 0.0 ], [ 119.735545625, -1.111965764, 0.0 ], [ 119.725240172, -1.097769764, 0.0 ], [ 119.733507971, -1.105756502, 0.0 ], [ 119.758045872, -1.086972449, 0.0 ] ] ] ] } },
{ "type": "Feature", "properties": { "id": 9510, "pbph": null, "kph": "KPH Tepo Asa Aroa", "provinsi": "Sulawesi Tengah", "fungsi": "HPK" }, "geometry": { "type": "MultiPolygon", "coordinates": [ [ [ [ 121.076130228, -1.796891446, 0.0 ], [ 121.164117199, -1.870003258, 0.0 ], [ 121.154459722, -1.905147064, 0.0 ], [ 121.093399048, -1.929499149, 0.0 ], [ 121.063102722, -1.923018335, 0.0 ], [ 121.059850694, -1.887897491, 0.0 ], [ 121.050019858, -1.912603968, 0.0 ], [ 121.045333862, -1.901327848, 0.0 ], [ 121.042823792, -1.846461177, 0.0 ], [ 121.026234948, -1.869343091, 0.0 ], [ 120.99626724, -1.834348489, 0.0 ], [ 120.990827792, -1.865400455, 0.0 ], [ 120.960448262, -1.868888983, 0.0 ], [ 120.949804933, -1.896143331, 0.0 ], [ 120.958680382, -1.835097544, 0.0 ], [ 121.076130228, -1.796891446, 0.0 ] ], [ [ 121.065719109, -1.837346819, 0.0 ], [ 121.050498174, -1.853984011, 0.0 ], [ 121.063691808, -1.857410434, 0.0 ], [ 121.071248976, -1.895776863, 0.0 ], [ 121.065719109, -1.837346819, 0.0 ] ], [ [ 121.11148162, -1.876547712, 0.0 ], [ 121.127059208, -1.900353987, 0.0 ], [ 121.128668809, -1.881815758, 0.0 ], [ 121.117044978, -1.889436961, 0.0 ], [ 121.11148162, -1.876547712, 0.0 ] ] ] ] } },
{ "type": "Feature", "properties": { "id": 9490, "pbph": null, "kph": "KPH Sivia Patuju", "provinsi": "Sulawesi Tengah", "fungsi": "HPT" }, "geometry": { "type": "MultiPolygon", "coordinates": [ [ [ [ 121.126057005, -1.482186624, 0.0 ], [ 121.111294381, -1.49510407, 0.0 ], [ 121.11845347, -1.470789168, 0.0 ], [ 121.126057005, -1.482186624, 0.0 ] ] ] ] } },
{ "type": "Feature", "properties": { "id": 9492, "pbph": null, "kph": "KPH Banawa Lalundu", "provinsi": "Sulawesi Tengah", "fungsi": "HPT" }, "geometry": { "type": "MultiPolygon", "coordinates": [ [ [ [ 119.575119652, -0.966029559, 0.0 ], [ 119.618397798, -1.021181638, 0.0 ], [ 119.59652412, -1.074042598, 0.0 ], [ 119.609607076, -1.125342607, 0.0 ], [ 119.580604279, -1.078431675, 0.0 ], [ 119.574492981, -1.016176458, 0.0 ], [ 119.557219002, -1.009630083, 0.0 ], [ 119.5543901, -0.951453834, 0.0 ], [ 119.575119652, -0.966029559, 0.0 ] ] ] ] } },
{ "type": "Feature", "properties": { "id": 9496, "pbph": null, "kph": "KPH Banawa Lalundu", "provinsi": "Sulawesi Tengah", "fungsi": "HPT" }, "geometry": { "type": "MultiPolygon", "coordinates": [ [ [ [ 119.690787926, -0.942201472, 0.0 ], [ 119.706626625, -0.918635539, 0.0 ], [ 119.709251934, -0.932917235, 0.0 ], [ 119.690787926, -0.942201472, 0.0 ] ] ] ] } },
{ "type": "Feature", "properties": { "id": 9498, "pbph": null, "kph": "KPH Banawa Lalundu", "provinsi": "Sulawesi Tengah", "fungsi": "HPT" }, "geometry": { "type": "MultiPolygon", "coordinates": [ [ [ [ 119.62235253, -0.957148694, 0.0 ], [ 119.637268324, -0.974317618, 0.0 ], [ 119.648796199, -0.963039061, 0.0 ], [ 119.618822747, -1.025210786, 0.0 ], [ 119.58718862, -0.997172072, 0.0 ], [ 119.599377987, -0.969650082, 0.0 ], [ 119.616010421, -0.973504809, 0.0 ], [ 119.605950654, -0.954114779, 0.0 ], [ 119.62235253, -0.957148694, 0.0 ] ] ] ] } },
{ "type": "Feature", "properties": { "id": 9517, "pbph": null, "kph": "KPH Sivia Patuju", "provinsi": "Sulawesi Tengah", "fungsi": "HL" }, "geometry": { "type": "MultiPolygon", "coordinates": [ [ [ [ 121.747765781, -1.332082221, 0.0 ], [ 121.727486412, -1.357960793, 0.0 ], [ 121.703847243, -1.361436607, 0.0 ], [ 121.728485107, -1.323995946, 0.0 ], [ 121.747765781, -1.332082221, 0.0 ] ] ] ] } },
{ "type": "Feature", "properties": { "id": 9522, "pbph": null, "kph": "KPH Toili Baturube", "provinsi": "Sulawesi Tengah", "fungsi": "HL" }, "geometry": { "type": "MultiPolygon", "coordinates": [ [ [ [ 122.166297003, -1.279597333, 0.0 ], [ 122.165604026, -1.361914904, 0.0 ], [ 122.116779802, -1.432530276, 0.0 ], [ 122.050107463, -1.487236826, 0.0 ], [ 122.05840169, -1.431030946, 0.0 ], [ 121.984820472, -1.3918875, 0.0 ], [ 121.987768971, -1.379793431, 0.0 ], [ 122.013451849, -1.378947076, 0.0 ], [ 122.016570207, -1.351498108, 0.0 ], [ 122.038648328, -1.340432038, 0.0 ], [ 122.11022225, -1.376442751, 0.0 ], [ 122.130392702, -1.343960138, 0.0 ], [ 122.123935193, -1.286377765, 0.0 ], [ 122.166297003, -1.279597333, 0.0 ] ] ] ] } },
{ "type": "Feature", "properties": { "id": 9523, "pbph": null, "kph": "KPH Toili Baturube", "provinsi": "Sulawesi Tengah", "fungsi": "HL" }, "geometry": { "type": "MultiPolygon", "coordinates": [ [ [ [ 121.984820472, -1.3918875, 0.0 ], [ 121.922669864, -1.301440076, 0.0 ], [ 121.940398265, -1.296326456, 0.0 ], [ 121.966545035, -1.316410376, 0.0 ], [ 121.963236362, -1.329504232, 0.0 ], [ 121.974964472, -1.3198837, 0.0 ], [ 121.984118193, -1.357666395, 0.0 ], [ 122.008181475, -1.333588774, 0.0 ], [ 122.028498816, -1.345877991, 0.0 ], [ 122.015335393, -1.32298878, 0.0 ], [ 122.029940197, -1.316024931, 0.0 ], [ 122.043876648, -1.330312251, 0.0 ], [ 122.126621267, -1.28792229, 0.0 ], [ 122.131363196, -1.323500127, 0.0 ], [ 122.119440421, -1.331505313, 0.0 ], [ 122.130392702, -1.343960138, 0.0 ], [ 122.11022225, -1.376442751, 0.0 ], [ 122.038648328, -1.340432038, 0.0 ], [ 122.016570207, -1.351498108, 0.0 ], [ 122.013451849, -1.378947076, 0.0 ], [ 121.989717355, -1.376427518, 0.0 ], [ 121.984820472, -1.3918875, 0.0 ] ] ] ] } },
{ "type": "Feature", "properties": { "id": 9525, "pbph": null, "kph": "KPH Toili Baturube", "provinsi": "Sulawesi Tengah", "fungsi": "HL" }, "geometry": { "type": "MultiPolygon", "coordinates": [ [ [ [ 121.777066165, -1.350615061, 0.0 ], [ 121.757001942, -1.370701728, 0.0 ], [ 121.701563915, -1.373718706, 0.0 ], [ 121.746101252, -1.332402322, 0.0 ], [ 121.777066165, -1.350615061, 0.0 ] ] ] ] } },
{ "type": "Feature", "properties": { "id": 9526, "pbph": null, "kph": "KPH Pulau Peling", "provinsi": "Sulawesi Tengah", "fungsi": "HL" }, "geometry": { "type": "MultiPolygon", "coordinates": [ [ [ [ 123.03967763, -1.261726184, 0.0 ], [ 123.001106262, -1.352162002, 0.0 ], [ 123.012710572, -1.37585485, 0.0 ], [ 122.987678528, -1.408258676, 0.0 ], [ 122.998428345, -1.424501896, 0.0 ], [ 122.976036072, -1.467676878, 0.0 ], [ 122.935455322, -1.501194954, 0.0 ], [ 122.933955256, -1.532899708, 0.0 ], [ 122.919647217, -1.525089145, 0.0 ], [ 122.908462524, -1.54463601, 0.0 ], [ 122.908015286, -1.520148237, 0.0 ], [ 122.88522339, -1.497657061, 0.0 ], [ 122.951644898, -1.466605663, 0.0 ], [ 122.936431885, -1.453863144, 0.0 ], [ 122.936607362, -1.41327846, 0.0 ], [ 122.907546997, -1.437155365, 0.0 ], [ 122.89389801, -1.428008079, 0.0 ], [ 122.906700135, -1.402990103, 0.0 ], [ 122.893959045, -1.366624116, 0.0 ], [ 122.911453248, -1.338342547, 0.0 ], [ 122.944869995, -1.325725078, 0.0 ], [ 122.945526124, -1.29415357, 0.0 ], [ 122.966720582, -1.294643164, 0.0 ], [ 122.982330323, -1.258594274, 0.0 ], [ 123.03967763, -1.261726184, 0.0 ] ] ] ] } },
{ "type": "Feature", "properties": { "id": 9530, "pbph": null, "kph": "KPH Pulau Peling", "provinsi": "Sulawesi Tengah", "fungsi": "HP" }, "geometry": { "type": "MultiPolygon", "coordinates": [ [ [ [ 123.424076392, -1.404030248, 0.0 ], [ 123.405166622, -1.317988034, 0.0 ], [ 123.418136597, -1.325217485, 0.0 ], [ 123.436775208, -1.307372211, 0.0 ], [ 123.450737, -1.331644653, 0.0 ], [ 123.487586975, -1.314821243, 0.0 ], [ 123.489990234, -1.348971725, 0.0 ], [ 123.461326599, -1.342436433, 0.0 ], [ 123.453193665, -1.363248587, 0.0 ], [ 123.449283278, -1.442313823, 0.0 ], [ 123.424076392, -1.404030248, 0.0 ] ] ] ] } },
{ "type": "Feature", "properties": { "id": 9548, "pbph": null, "kph": "KPH Toili Baturube", "provinsi": "Sulawesi Tengah", "fungsi": "HPT" }, "geometry": { "type": "MultiPolygon", "coordinates": [ [ [ [ 121.738419477, -1.385536409, 0.0 ], [ 121.670815616, -1.413809819, 0.0 ], [ 121.635967867, -1.401928106, 0.0 ], [ 121.646261059, -1.38319389, 0.0 ], [ 121.646057129, -1.393763304, 0.0 ], [ 121.690086365, -1.398245573, 0.0 ], [ 121.738419477, -1.385536409, 0.0 ] ] ] ] } },
{ "type": "Feature", "properties": { "id": 9554, "pbph": null, "kph": "KPH Pulau Peling", "provinsi": "Sulawesi Tengah", "fungsi": "HPT" }, "geometry": { "type": "MultiPolygon", "coordinates": [ [ [ [ 123.124990767, -1.208619381, 0.0 ], [ 123.095805649, -1.224427144, 0.0 ], [ 123.104248995, -1.237852587, 0.0 ], [ 123.0887586, -1.231804977, 0.0 ], [ 123.111074071, -1.286702087, 0.0 ], [ 123.062303639, -1.318074045, 0.0 ], [ 123.061277004, -1.338928178, 0.0 ], [ 123.048490449, -1.327663681, 0.0 ], [ 123.042788305, -1.346307721, 0.0 ], [ 123.058939775, -1.357180034, 0.0 ], [ 123.035351457, -1.427834919, 0.0 ], [ 123.007475563, -1.449723074, 0.0 ], [ 123.00105828, -1.489447675, 0.0 ], [ 122.969893007, -1.523763815, 0.0 ], [ 122.93756365, -1.519506762, 0.0 ], [ 122.935455322, -1.501194954, 0.0 ], [ 122.976036072, -1.467676878, 0.0 ], [ 122.998855591, -1.423436642, 0.0 ], [ 122.986885071, -1.411649942, 0.0 ], [ 123.012084961, -1.380400181, 0.0 ], [ 123.003616333, -1.347007035, 0.0 ], [ 123.061857876, -1.318750393, 0.0 ], [ 123.045924512, -1.304636699, 0.0 ], [ 123.073265076, -1.230401397, 0.0 ], [ 123.104881288, -1.204079032, 0.0 ], [ 123.124990767, -1.208619381, 0.0 ] ] ] ] } },
{ "type": "Feature", "properties": { "id": 9555, "pbph": null, "kph": "KPH Pulau Peling", "provinsi": "Sulawesi Tengah", "fungsi": "HPT" }, "geometry": { "type": "MultiPolygon", "coordinates": [ [ [ [ 123.374916083, -1.331695437, 0.0 ], [ 123.374427804, -1.374753839, 0.0 ], [ 123.409187312, -1.354317783, 0.0 ], [ 123.430023193, -1.391743421, 0.0 ], [ 123.374665801, -1.459610972, 0.0 ], [ 123.376265851, -1.406994918, 0.0 ], [ 123.36213847, -1.416764832, 0.0 ], [ 123.328117372, -1.384561539, 0.0 ], [ 123.301396773, -1.384109487, 0.0 ], [ 123.28864989, -1.353355837, 0.0 ], [ 123.313212279, -1.319821353, 0.0 ], [ 123.374916083, -1.331695437, 0.0 ] ] ] ] } },
{ "type": "Feature", "properties": { "id": 9549, "pbph": null, "kph": "KPH Toili Baturube", "provinsi": "Sulawesi Tengah", "fungsi": "HPT" }, "geometry": { "type": "MultiPolygon", "coordinates": [ [ [ [ 121.801576366, -1.330298378, 0.0 ], [ 121.822273254, -1.348770499, 0.0 ], [ 121.858714717, -1.332955676, 0.0 ], [ 121.820404053, -1.352214932, 0.0 ], [ 121.801576366, -1.330298378, 0.0 ] ] ] ] } },
{ "type": "Feature", "properties": { "id": 9550, "pbph": null, "kph": "KPH Toili Baturube", "provinsi": "Sulawesi Tengah", "fungsi": "HPT" }, "geometry": { "type": "MultiPolygon", "coordinates": [ [ [ [ 121.750707193, -1.386835617, 0.0 ], [ 121.745193179, -1.401880562, 0.0 ], [ 121.715251598, -1.404555376, 0.0 ], [ 121.750707193, -1.386835617, 0.0 ] ] ] ] } },
{ "type": "Feature", "properties": { "id": 9551, "pbph": null, "kph": "KPH Toili Baturube", "provinsi": "Sulawesi Tengah", "fungsi": "HPT" }, "geometry": { "type": "MultiPolygon", "coordinates": [ [ [ [ 121.670815616, -1.413809819, 0.0 ], [ 121.6473553, -1.4267062, 0.0 ], [ 121.671993634, -1.488738702, 0.0 ], [ 121.639136644, -1.4473019, 0.0 ], [ 121.635798124, -1.40231797, 0.0 ], [ 121.670815616, -1.413809819, 0.0 ] ] ] ] } },
{ "type": "Feature", "properties": { "id": 9552, "pbph": null, "kph": "KPH Balantak", "provinsi": "Sulawesi Tengah", "fungsi": "HPT" }, "geometry": { "type": "MultiPolygon", "coordinates": [ [ [ [ 122.462312695, -0.773303948, 0.0 ], [ 122.472282411, -0.788592398, 0.0 ], [ 122.458764017, -0.817413018, 0.0 ], [ 122.473482275, -0.823701517, 0.0 ], [ 122.450741172, -0.838586322, 0.0 ], [ 122.449313496, -0.821602919, 0.0 ], [ 122.414458687, -0.815919517, 0.0 ], [ 122.400298174, -0.829071993, 0.0 ], [ 122.376106262, -0.814083337, 0.0 ], [ 122.462312695, -0.773303948, 0.0 ] ] ], [ [ [ 122.33165806, -0.803383847, 0.0 ], [ 122.347756456, -0.827012833, 0.0 ], [ 122.322700267, -0.831914317, 0.0 ], [ 122.302361686, -0.897964015, 0.0 ], [ 122.281810017, -0.901617354, 0.0 ], [ 122.269074743, -0.892029288, 0.0 ], [ 122.286208657, -0.885718427, 0.0 ], [ 122.308898977, -0.832986378, 0.0 ], [ 122.267035928, -0.833722869, 0.0 ], [ 122.261268346, -0.821366134, 0.0 ], [ 122.276722822, -0.811333507, 0.0 ], [ 122.306735786, -0.824048757, 0.0 ], [ 122.33165806, -0.803383847, 0.0 ] ] ], [ [ [ 122.365881868, -0.813223821, 0.0 ], [ 122.377773964, -0.839997704, 0.0 ], [ 122.356033325, -0.818055511, 0.0 ], [ 122.365881868, -0.813223821, 0.0 ] ] ], [ [ [ 122.48486075, -0.82770853, 0.0 ], [ 122.511480919, -0.828878968, 0.0 ], [ 122.536677948, -0.852774977, 0.0 ], [ 122.527263083, -0.861415429, 0.0 ], [ 122.48486075, -0.82770853, 0.0 ] ] ], [ [ [ 122.405714003, -0.898123917, 0.0 ], [ 122.391380705, -0.903892167, 0.0 ], [ 122.348376013, -0.869603041, 0.0 ], [ 122.405714003, -0.898123917, 0.0 ] ] ], [ [ [ 122.528254858, -0.881950268, 0.0 ], [ 122.523979187, -0.936766684, 0.0 ], [ 122.548844475, -0.978311412, 0.0 ], [ 122.498894881, -1.00601741, 0.0 ], [ 122.410003139, -0.988141621, 0.0 ], [ 122.418354839, -0.9681436, 0.0 ], [ 122.403863266, -0.962164953, 0.0 ], [ 122.445687798, -0.913646179, 0.0 ], [ 122.464990992, -0.911817484, 0.0 ], [ 122.459677694, -0.890616538, 0.0 ], [ 122.411180697, -0.889995617, 0.0 ], [ 122.528254858, -0.881950268, 0.0 ] ] ], [ [ [ 122.349997346, -0.941107202, 0.0 ], [ 122.317817679, -0.934611317, 0.0 ], [ 122.32196807, -0.896135565, 0.0 ], [ 122.340254243, -0.884323839, 0.0 ], [ 122.349997346, -0.941107202, 0.0 ] ] ], [ [ [ 122.236934264, -0.96643662, 0.0 ], [ 122.273311538, -0.948977859, 0.0 ], [ 122.294756123, -0.917409886, 0.0 ], [ 122.275932303, -0.947448906, 0.0 ], [ 122.236934264, -0.96643662, 0.0 ] ] ], [ [ [ 122.115652029, -0.977400447, 0.0 ], [ 122.037448035, -0.974398766, 0.0 ], [ 122.025597506, -0.941830289, 0.0 ], [ 122.115652029, -0.977400447, 0.0 ] ] ], [ [ [ 122.319260413, -0.977656351, 0.0 ], [ 122.289455952, -1.038756861, 0.0 ], [ 122.239795007, -1.075750147, 0.0 ], [ 122.274620056, -1.133135319, 0.0 ], [ 122.074557261, -1.113562617, 0.0 ], [ 122.02885437, -1.040136217, 0.0 ], [ 122.057623201, -1.030924935, 0.0 ], [ 122.073736808, -1.070274344, 0.0 ], [ 122.243171646, -1.018264931, 0.0 ], [ 122.238406963, -1.001488461, 0.0 ], [ 122.211883942, -0.9947503, 0.0 ], [ 122.234574127, -0.979792536, 0.0 ], [ 122.28960868, -0.996263165, 0.0 ], [ 122.303171578, -0.975752547, 0.0 ], [ 122.319260413, -0.977656351, 0.0 ] ] ], [ [ [ 122.018303919, -0.992897398, 0.0 ], [ 121.973581774, -1.012230833, 0.0 ], [ 121.977374501, -0.989310131, 0.0 ], [ 122.018303919, -0.992897398, 0.0 ] ] ], [ [ [ 121.969070726, -1.01412071, 0.0 ], [ 121.890374216, -1.009779555, 0.0 ], [ 121.884257258, -0.993703024, 0.0 ], [ 121.969070726, -1.01412071, 0.0 ] ] ], [ [ [ 122.035166696, -1.085505589, 0.0 ], [ 122.039398193, -1.102267623, 0.0 ], [ 121.97499221, -1.084641465, 0.0 ], [ 122.035166696, -1.085505589, 0.0 ] ] ] ] } },
{ "type": "Feature", "properties": { "id": 9511, "pbph": null, "kph": "KPH Sivia Patuju", "provinsi": "Sulawesi Tengah", "fungsi": "HL" }, "geometry": { "type": "MultiPolygon", "coordinates": [ [ [ [ 121.409107912, -1.123792643, 0.0 ], [ 121.411715473, -1.147597684, 0.0 ], [ 121.453778276, -1.149066446, 0.0 ], [ 121.461776661, -1.171846506, 0.0 ], [ 121.511521493, -1.194167926, 0.0 ], [ 121.51626052, -1.224592421, 0.0 ], [ 121.562253482, -1.271186463, 0.0 ], [ 121.620253317, -1.294616943, 0.0 ], [ 121.632281113, -1.321605741, 0.0 ], [ 121.595918704, -1.3483263, 0.0 ], [ 121.566212716, -1.345865082, 0.0 ], [ 121.558848849, -1.362299389, 0.0 ], [ 121.487999345, -1.332208973, 0.0 ], [ 121.441717916, -1.394673283, 0.0 ], [ 121.368777475, -1.451644584, 0.0 ], [ 121.314254761, -1.398233293, 0.0 ], [ 121.314438941, -1.386195753, 0.0 ], [ 121.329872132, -1.398727179, 0.0 ], [ 121.291275024, -1.336916566, 0.0 ], [ 121.265406791, -1.328588126, 0.0 ], [ 121.260667137, -1.240940054, 0.0 ], [ 121.283432085, -1.180750764, 0.0 ], [ 121.351933031, -1.170775958, 0.0 ], [ 121.351670882, -1.142388222, 0.0 ], [ 121.3806875, -1.150281844, 0.0 ], [ 121.396094703, -1.121359768, 0.0 ], [ 121.409107912, -1.123792643, 0.0 ] ] ] ] } },
{ "type": "Feature", "properties": { "id": 9512, "pbph": null, "kph": "KPH Sivia Patuju", "provinsi": "Sulawesi Tengah", "fungsi": "HL" }, "geometry": { "type": "MultiPolygon", "coordinates": [ [ [ [ 121.263931722, -1.327604363, 0.0 ], [ 121.284519268, -1.348492247, 0.0 ], [ 121.281948613, -1.378689344, 0.0 ], [ 121.255184353, -1.374373231, 0.0 ], [ 121.179351808, -1.418887257, 0.0 ], [ 121.163340359, -1.386549973, 0.0 ], [ 121.173991261, -1.369591633, 0.0 ], [ 121.196165792, -1.372943398, 0.0 ], [ 121.211903437, -1.349921685, 0.0 ], [ 121.263931722, -1.327604363, 0.0 ] ] ] ] } },
{ "type": "Feature", "properties": { "id": 9514, "pbph": null, "kph": "KPH Sivia Patuju", "provinsi": "Sulawesi Tengah", "fungsi": "HL" }, "geometry": { "type": "MultiPolygon", "coordinates": [ [ [ [ 121.558848849, -1.362299389, 0.0 ], [ 121.530897346, -1.360681008, 0.0 ], [ 121.513146351, -1.378773644, 0.0 ], [ 121.473606574, -1.373180514, 0.0 ], [ 121.463728332, -1.406639077, 0.0 ], [ 121.403184265, -1.454437024, 0.0 ], [ 121.350800195, -1.471240247, 0.0 ], [ 121.314415344, -1.464058102, 0.0 ], [ 121.357410776, -1.462750155, 0.0 ], [ 121.401743922, -1.436401155, 0.0 ], [ 121.487999345, -1.332208973, 0.0 ], [ 121.558848849, -1.362299389, 0.0 ] ] ] ] } },
{ "type": "Feature", "properties": { "id": 9544, "pbph": null, "kph": "KPH Sivia Patuju", "provinsi": "Sulawesi Tengah", "fungsi": "HPT" }, "geometry": { "type": "MultiPolygon", "coordinates": [ [ [ [ 121.946484654, -1.084642886, 0.0 ], [ 121.944833477, -1.127374506, 0.0 ], [ 121.954777554, -1.100155359, 0.0 ], [ 121.963967274, -1.116885726, 0.0 ], [ 122.118298636, -1.186135299, 0.0 ], [ 122.054962158, -1.161193371, 0.0 ], [ 122.044726478, -1.179073425, 0.0 ], [ 122.002014706, -1.129264611, 0.0 ], [ 121.954940796, -1.111279844, 0.0 ], [ 121.937235851, -1.129954676, 0.0 ], [ 121.920569889, -1.096022004, 0.0 ], [ 121.893347624, -1.087794756, 0.0 ], [ 121.946484654, -1.084642886, 0.0 ] ] ], [ [ [ 122.177288076, -1.188396505, 0.0 ], [ 122.18724823, -1.20191288, 0.0 ], [ 122.12922421, -1.185195075, 0.0 ], [ 122.169242859, -1.203643202, 0.0 ], [ 122.183586121, -1.201060056, 0.0 ], [ 122.177288076, -1.188396505, 0.0 ] ] ] ] } },
{ "type": "Feature", "properties": { "id": 9545, "pbph": null, "kph": "KPH Sivia Patuju", "provinsi": "Sulawesi Tengah", "fungsi": "HPT" }, "geometry": { "type": "MultiPolygon", "coordinates": [ [ [ [ 122.004328665, -1.094292996, 0.0 ], [ 121.957344449, -1.101320589, 0.0 ], [ 121.948265291, -1.088784467, 0.0 ], [ 122.004328665, -1.094292996, 0.0 ] ] ] ] } },
{ "type": "Feature", "properties": { "id": 9546, "pbph": null, "kph": "KPH Sivia Patuju", "provinsi": "Sulawesi Tengah", "fungsi": "HPT" }, "geometry": { "type": "MultiPolygon", "coordinates": [ [ [ [ 121.61000439, -1.211502338, 0.0 ], [ 121.635110859, -1.221032126, 0.0 ], [ 121.663270604, -1.26379627, 0.0 ], [ 121.674842187, -1.296617684, 0.0 ], [ 121.648705303, -1.293076304, 0.0 ], [ 121.65845374, -1.309896116, 0.0 ], [ 121.689166668, -1.317666666, 0.0 ], [ 121.644577026, -1.347851396, 0.0 ], [ 121.635455131, -1.390867666, 0.0 ], [ 121.626333298, -1.379071829, 0.0 ], [ 121.645439148, -1.303809761, 0.0 ], [ 121.631263733, -1.257317543, 0.0 ], [ 121.595046736, -1.212318976, 0.0 ], [ 121.61000439, -1.211502338, 0.0 ] ] ] ] } },
{ "type": "Feature", "properties": { "id": 9887, "pbph": null, "kph": "KPH Pogogul", "provinsi": "Sulawesi Tengah", "fungsi": "HL" }, "geometry": { "type": "MultiPolygon", "coordinates": [ [ [ [ 121.038749462, 0.991860826, 0.0 ], [ 121.046106973, 0.980166777, 0.0 ], [ 121.021699709, 0.972779882, 0.0 ], [ 121.024710351, 0.995206123, 0.0 ], [ 121.038749462, 0.991860826, 0.0 ] ] ] ] } },
{ "type": "Feature", "properties": { "id": 9892, "pbph": null, "kph": "KPH Gunung Dako", "provinsi": "Sulawesi Tengah", "fungsi": "HL" }, "geometry": { "type": "MultiPolygon", "coordinates": [ [ [ [ 120.39475707, 0.781237971, 0.0 ], [ 120.410940741, 0.753678853, 0.0 ], [ 120.402455364, 0.738254705, 0.0 ], [ 120.412492639, 0.747237033, 0.0 ], [ 120.458285001, 0.692983, 0.0 ], [ 120.52119028, 0.696688238, 0.0 ], [ 120.561822001, 0.62773, 0.0 ], [ 120.586234789, 0.61484076, 0.0 ], [ 120.651171971, 0.652614556, 0.0 ], [ 120.663625184, 0.648983229, 0.0 ], [ 120.655183877, 0.619327337, 0.0 ], [ 120.62522984, 0.58850105, 0.0 ], [ 120.57485356, 0.60932088, 0.0 ], [ 120.54741416, 0.59519502, 0.0 ], [ 120.5381539, 0.63511982, 0.0 ], [ 120.49546319, 0.63638764, 0.0 ], [ 120.46214465, 0.6678897, 0.0 ], [ 120.387486049, 0.670473319, 0.0 ], [ 120.352768261, 0.755250754, 0.0 ], [ 120.360153198, 0.773060262, 0.0 ], [ 120.39475707, 0.781237971, 0.0 ] ] ] ] } },
{ "type": "Feature", "properties": { "id": 9893, "pbph": null, "kph": "KPH Gunung Dako", "provinsi": "Sulawesi Tengah", "fungsi": "HL" }, "geometry": { "type": "MultiPolygon", "coordinates": [ [ [ [ 120.546585084, 0.674061955, 0.0 ], [ 120.540962219, 0.689578474, 0.0 ], [ 120.566810608, 0.703093767, 0.0 ], [ 120.546585084, 0.674061955, 0.0 ] ] ] ] } },
{ "type": "Feature", "properties": { "id": 9895, "pbph": null, "kph": "KPH Gunung Dako", "provinsi": "Sulawesi Tengah", "fungsi": "HL" }, "geometry": { "type": "MultiPolygon", "coordinates": [ [ [ [ 120.987735338, 0.775965804, 0.0 ], [ 120.957712646, 0.692655811, 0.0 ], [ 120.937354883, 0.689845053, 0.0 ], [ 120.940469542, 0.73830611, 0.0 ], [ 120.923704697, 0.7795055, 0.0 ], [ 120.987735338, 0.775965804, 0.0 ] ] ] ] } },
{ "type": "Feature", "properties": { "id": 9896, "pbph": null, "kph": "KPH Gunung Dako", "provinsi": "Sulawesi Tengah", "fungsi": "HL" }, "geometry": { "type": "MultiPolygon", "coordinates": [ [ [ [ 121.026744904, 1.036641102, 0.0 ], [ 120.976186893, 1.023224745, 0.0 ], [ 121.010348094, 1.002898057, 0.0 ], [ 120.980087613, 1.003572526, 0.0 ], [ 120.972137451, 0.961972237, 0.0 ], [ 121.014867279, 0.940122288, 0.0 ], [ 120.994720459, 0.936833441, 0.0 ], [ 120.998347323, 0.886023984, 0.0 ], [ 120.986481383, 0.872206238, 0.0 ], [ 120.945373535, 0.870658517, 0.0 ], [ 120.923069044, 0.90132319, 0.0 ], [ 120.901728711, 0.896998403, 0.0 ], [ 120.899119521, 0.940512703, 0.0 ], [ 120.854428929, 0.927524404, 0.0 ], [ 120.828729937, 0.941827111, 0.0 ], [ 120.850239435, 0.960356091, 0.0 ], [ 120.847835941, 0.979734145, 0.0 ], [ 120.931488034, 1.012602858, 0.0 ], [ 120.946143705, 1.041069887, 0.0 ], [ 121.026744904, 1.036641102, 0.0 ] ] ] ] } },
{ "type": "Feature", "properties": { "id": 9911, "pbph": null, "kph": "KPH Dampelas Tinombo", "provinsi": "Sulawesi Tengah", "fungsi": "HL" }, "geometry": { "type": "MultiPolygon", "coordinates": [ [ [ [ 120.199206038, 0.466841672, 0.0 ], [ 120.18946289, 0.445999152, 0.0 ], [ 120.226422945, 0.412274717, 0.0 ], [ 120.168624353, 0.45421865, 0.0 ], [ 120.188502933, 0.500051673, 0.0 ], [ 120.199206038, 0.466841672, 0.0 ] ] ] ] } },
{ "type": "Feature", "properties": { "id": 9918, "pbph": null, "kph": "KPH Pogogul", "provinsi": "Sulawesi Tengah", "fungsi": "HL" }, "geometry": { "type": "MultiPolygon", "coordinates": [ [ [ [ 121.420871024, 0.88487531, 0.0 ], [ 121.489438521, 0.886272063, 0.0 ], [ 121.536412619, 0.875491067, 0.0 ], [ 121.535614694, 0.860238267, 0.0 ], [ 121.480484865, 0.837649298, 0.0 ], [ 121.348849628, 0.85232625, 0.0 ], [ 121.36440801, 0.802643214, 0.0 ], [ 121.317011751, 0.785051832, 0.0 ], [ 121.226239751, 0.813744279, 0.0 ], [ 121.278614808, 0.838534226, 0.0 ], [ 121.270167364, 0.876229216, 0.0 ], [ 121.305048233, 0.896776268, 0.0 ], [ 121.337537992, 0.879412437, 0.0 ], [ 121.420871024, 0.88487531, 0.0 ] ] ] ] } },
{ "type": "Feature", "properties": { "id": 9914, "pbph": null, "kph": "KPH Pogogul", "provinsi": "Sulawesi Tengah", "fungsi": "HL" }, "geometry": { "type": "MultiPolygon", "coordinates": [ [ [ [ 121.846716575, 0.986343356, 0.0 ], [ 121.829162979, 0.960174904, 0.0 ], [ 121.828369428, 0.981569422, 0.0 ], [ 121.813937506, 0.983283598, 0.0 ], [ 121.846716575, 0.986343356, 0.0 ] ] ] ] } },
{ "type": "Feature", "properties": { "id": 9921, "pbph": null, "kph": "KPH Pogogul", "provinsi": "Sulawesi Tengah", "fungsi": "HL" }, "geometry": { "type": "MultiPolygon", "coordinates": [ [ [ [ 121.114833139, 0.774675434, 0.0 ], [ 121.111374825, 0.758606186, 0.0 ], [ 121.092140839, 0.784103112, 0.0 ], [ 121.097783745, 0.800000039, 0.0 ], [ 121.114330703, 0.794980145, 0.0 ], [ 121.114833139, 0.774675434, 0.0 ] ] ] ] } },
{ "type": "Feature", "properties": { "id": 9922, "pbph": null, "kph": "KPH Pogogul", "provinsi": "Sulawesi Tengah", "fungsi": "HL" }, "geometry": { "type": "MultiPolygon", "coordinates": [ [ [ [ 121.182656439, 0.7335968, 0.0 ], [ 121.16122922, 0.67864924, 0.0 ], [ 121.015000038, 0.7113645, 0.0 ], [ 120.957712646, 0.692655811, 0.0 ], [ 120.954894882, 0.70718259, 0.0 ], [ 120.983794882, 0.744282589, 0.0 ], [ 120.987944623, 0.776049814, 0.0 ], [ 121.122505597, 0.7358944, 0.0 ], [ 121.150062045, 0.745882229, 0.0 ], [ 121.182656439, 0.7335968, 0.0 ] ] ] ] } },
{ "type": "Feature", "properties": { "id": 9933, "pbph": null, "kph": "KPH Dampelas Tinombo", "provinsi": "Sulawesi Tengah", "fungsi": "HL" }, "geometry": { "type": "MultiPolygon", "coordinates": [ [ [ [ 120.226422945, 0.412274717, 0.0 ], [ 120.23737196, 0.399224545, 0.0 ], [ 120.195231341, 0.412830991, 0.0 ], [ 120.148233617, 0.390922377, 0.0 ], [ 120.172842288, 0.329295675, 0.0 ], [ 120.119079582, 0.364679854, 0.0 ], [ 120.168509014, 0.454204529, 0.0 ], [ 120.226422945, 0.412274717, 0.0 ] ] ] ] } },
{ "type": "Feature", "properties": { "id": 9934, "pbph": null, "kph": "KPH Dampelas Tinombo", "provinsi": "Sulawesi Tengah", "fungsi": "HL" }, "geometry": { "type": "MultiPolygon", "coordinates": [ [ [ [ 120.071256172, 0.080178948, 0.0 ], [ 120.060013407, 0.083252551, 0.0 ], [ 120.025686204, 0.025663003, 0.0 ], [ 119.972191525, 0.014249644, 0.0 ], [ 119.950276246, 0.046718929, 0.0 ], [ 119.961171456, 0.085712311, 0.0 ], [ 120.000050151, 0.123100083, 0.0 ], [ 120.045232309, 0.115539059, 0.0 ], [ 120.067536317, 0.133431917, 0.0 ], [ 120.071256172, 0.080178948, 0.0 ] ] ] ] } },
{ "type": "Feature", "properties": { "id": 9935, "pbph": null, "kph": "KPH Pogogul", "provinsi": "Sulawesi Tengah", "fungsi": "HP" }, "geometry": { "type": "MultiPolygon", "coordinates": [ [ [ [ 121.156203603, 1.21305622, 0.0 ], [ 121.134190216, 1.180067492, 0.0 ], [ 121.111370301, 1.190242513, 0.0 ], [ 121.156203603, 1.21305622, 0.0 ] ] ] ] } },
{ "type": "Feature", "properties": { "id": 9950, "pbph": null, "kph": "KPH Pogogul", "provinsi": "Sulawesi Tengah", "fungsi": "HP" }, "geometry": { "type": "MultiPolygon", "coordinates": [ [ [ [ 121.410660704, 0.911166316, 0.0 ], [ 121.386299133, 0.92022866, 0.0 ], [ 121.383071899, 0.942728758, 0.0 ], [ 121.428777657, 0.927529549, 0.0 ], [ 121.410660704, 0.911166316, 0.0 ] ] ] ] } },
{ "type": "Feature", "properties": { "id": 9951, "pbph": null, "kph": "KPH Pogogul", "provinsi": "Sulawesi Tengah", "fungsi": "HP" }, "geometry": { "type": "MultiPolygon", "coordinates": [ [ [ [ 121.450381805, 0.9199419, 0.0 ], [ 121.42849159, 0.911303162, 0.0 ], [ 121.435962193, 0.928806017, 0.0 ], [ 121.460718092, 0.932243924, 0.0 ], [ 121.450381805, 0.9199419, 0.0 ] ] ] ] } },
{ "type": "Feature", "properties": { "id": 9952, "pbph": null, "kph": "KPH Gunung Dako", "provinsi": "Sulawesi Tengah", "fungsi": "HP" }, "geometry": { "type": "MultiPolygon", "coordinates": [ [ [ [ 121.07001059, 1.293950959, 0.0 ], [ 121.126681704, 1.200038636, 0.0 ], [ 121.107931308, 1.192422253, 0.0 ], [ 121.086975226, 1.230898907, 0.0 ], [ 121.023121274, 1.267866093, 0.0 ], [ 120.962671815, 1.233957817, 0.0 ], [ 120.959742976, 1.267116652, 0.0 ], [ 120.926615135, 1.267077955, 0.0 ], [ 120.958746378, 1.184297863, 0.0 ], [ 120.978362591, 1.178191328, 0.0 ], [ 120.942575238, 1.137840155, 0.0 ], [ 120.924348626, 1.140574486, 0.0 ], [ 120.923218194, 1.200203062, 0.0 ], [ 120.89412442, 1.23178174, 0.0 ], [ 120.886349212, 1.2793311, 0.0 ], [ 120.91746561, 1.300584536, 0.0 ], [ 120.92278193, 1.276836584, 0.0 ], [ 120.929038388, 1.302181413, 0.0 ], [ 120.941943413, 1.292387494, 0.0 ], [ 120.943439622, 1.308476491, 0.0 ], [ 120.96268633, 1.30390067, 0.0 ], [ 120.989698354, 1.326052491, 0.0 ], [ 121.005367058, 1.311015178, 0.0 ], [ 121.03263, 1.319525, 0.0 ], [ 121.042336161, 1.269130407, 0.0 ], [ 121.07001059, 1.293950959, 0.0 ] ] ] ] } },
{ "type": "Feature", "properties": { "id": 9886, "pbph": null, "kph": "KPH Pogogul", "provinsi": "Sulawesi Tengah", "fungsi": "HL" }, "geometry": { "type": "MultiPolygon", "coordinates": [ [ [ [ 121.013778514, 1.023602008, 0.0 ], [ 121.02564124, 1.0364965, 0.0 ], [ 121.033369618, 1.027408025, 0.0 ], [ 121.013778514, 1.023602008, 0.0 ] ] ] ] } },
{ "type": "Feature", "properties": { "id": 10046, "pbph": null, "kph": "KPH Sintuwu Maroso", "provinsi": "Sulawesi Tengah", "fungsi": "HL" }, "geometry": { "type": "MultiPolygon", "coordinates": [ [ [ [ 120.583093378, -1.629560041, 0.0 ], [ 120.576018898, -1.686202799, 0.0 ], [ 120.549306395, -1.737211408, 0.0 ], [ 120.52932537, -1.74136945, 0.0 ], [ 120.522371177, -1.771642888, 0.0 ], [ 120.497216502, -1.797738124, 0.0 ], [ 120.41932189, -1.806996354, 0.0 ], [ 120.433794879, -1.711717411, 0.0 ], [ 120.416294881, -1.66281741, 0.0 ], [ 120.456794879, -1.666017411, 0.0 ], [ 120.455592649, -1.642930791, 0.0 ], [ 120.473016022, -1.630029835, 0.0 ], [ 120.498723752, -1.652384382, 0.0 ], [ 120.545467683, -1.636105686, 0.0 ], [ 120.565328839, -1.648629965, 0.0 ], [ 120.576133537, -1.608477758, 0.0 ], [ 120.583093378, -1.629560041, 0.0 ] ] ] ] } },
{ "type": "Feature", "properties": { "id": 10047, "pbph": null, "kph": "KPH Sintuwu Maroso", "provinsi": "Sulawesi Tengah", "fungsi": "HL" }, "geometry": { "type": "MultiPolygon", "coordinates": [ [ [ [ 120.717220319, -1.494411341, 0.0 ], [ 120.704379965, -1.450448555, 0.0 ], [ 120.685430624, -1.439662289, 0.0 ], [ 120.734435523, -1.424068692, 0.0 ], [ 120.716584787, -1.460119635, 0.0 ], [ 120.734211487, -1.446672456, 0.0 ], [ 120.725308753, -1.465663488, 0.0 ], [ 120.735646907, -1.457202539, 0.0 ], [ 120.74708189, -1.476131543, 0.0 ], [ 120.717220319, -1.494411341, 0.0 ] ] ] ] } },
{ "type": "Feature", "properties": { "id": 9898, "pbph": null, "kph": "KPH Gunung Dako", "provinsi": "Sulawesi Tengah", "fungsi": "HL" }, "geometry": { "type": "MultiPolygon", "coordinates": [ [ [ [ 120.919844639, 0.813989783, 0.0 ], [ 120.937322385, 0.78281437, 0.0 ], [ 120.923520949, 0.761090039, 0.0 ], [ 120.923322584, 0.799182198, 0.0 ], [ 120.90261939, 0.817814648, 0.0 ], [ 120.919844639, 0.813989783, 0.0 ] ] ] ] } },
{ "type": "Feature", "properties": { "id": 9899, "pbph": null, "kph": "KPH Gunung Dako", "provinsi": "Sulawesi Tengah", "fungsi": "HL" }, "geometry": { "type": "MultiPolygon", "coordinates": [ [ [ [ 120.663470917, 0.721760921, 0.0 ], [ 120.670715332, 0.697788358, 0.0 ], [ 120.653579713, 0.691723408, 0.0 ], [ 120.615492033, 0.72754206, 0.0 ], [ 120.636129495, 0.733070653, 0.0 ], [ 120.661072402, 0.708412689, 0.0 ], [ 120.663470917, 0.721760921, 0.0 ] ] ] ] } },
{ "type": "Feature", "properties": { "id": 9927, "pbph": null, "kph": "KPH Gunung Dako", "provinsi": "Sulawesi Tengah", "fungsi": "HL" }, "geometry": { "type": "MultiPolygon", "coordinates": [ [ [ [ 120.71987914, 0.963739095, 0.0 ], [ 120.695953369, 0.982545495, 0.0 ], [ 120.697387695, 0.958293259, 0.0 ], [ 120.681780791, 0.94971561, 0.0 ], [ 120.695869779, 0.965737031, 0.0 ], [ 120.678732768, 0.969765211, 0.0 ], [ 120.703826466, 0.986116096, 0.0 ], [ 120.71987914, 0.963739095, 0.0 ] ] ] ] } },
{ "type": "Feature", "properties": { "id": 9904, "pbph": null, "kph": "KPH Dolago Tanggunung", "provinsi": "Sulawesi Tengah", "fungsi": "HL" }, "geometry": { "type": "MultiPolygon", "coordinates": [ [ [ [ 119.920265015, -0.13091762, 0.0 ], [ 119.930762377, -0.193266496, 0.0 ], [ 119.906304875, -0.145986402, 0.0 ], [ 119.912688235, -0.123418414, 0.0 ], [ 119.909646383, -0.138882687, 0.0 ], [ 119.920265015, -0.13091762, 0.0 ] ] ] ] } },
{ "type": "Feature", "properties": { "id": 9910, "pbph": null, "kph": "KPH Dampelas Tinombo", "provinsi": "Sulawesi Tengah", "fungsi": "HL" }, "geometry": { "type": "MultiPolygon", "coordinates": [ [ [ [ 120.479887456, 0.65537496, 0.0 ], [ 120.49546319, 0.63638764, 0.0 ], [ 120.54015028, 0.63373591, 0.0 ], [ 120.54741416, 0.59519502, 0.0 ], [ 120.57485356, 0.60932088, 0.0 ], [ 120.62522984, 0.58850105, 0.0 ], [ 120.65022033, 0.61694856, 0.0 ], [ 120.656258651, 0.596356823, 0.0 ], [ 120.698040231, 0.58162847, 0.0 ], [ 120.648814507, 0.55650907, 0.0 ], [ 120.614599838, 0.572741642, 0.0 ], [ 120.595451696, 0.540218824, 0.0 ], [ 120.541983333, 0.555361111, 0.0 ], [ 120.495565629, 0.508725345, 0.0 ], [ 120.472081316, 0.50438409, 0.0 ], [ 120.44346, 0.543713, 0.0 ], [ 120.457426001, 0.562182, 0.0 ], [ 120.425758362, 0.574882746, 0.0 ], [ 120.454154968, 0.575409114, 0.0 ], [ 120.462010001, 0.590415, 0.0 ], [ 120.38726933, 0.641425264, 0.0 ], [ 120.398918582, 0.664391384, 0.0 ], [ 120.387312967, 0.669638636, 0.0 ], [ 120.479887456, 0.65537496, 0.0 ] ] ] ] } },
{ "type": "Feature", "properties": { "id": 9916, "pbph": null, "kph": "KPH Pogogul", "provinsi": "Sulawesi Tengah", "fungsi": "HL" }, "geometry": { "type": "MultiPolygon", "coordinates": [ [ [ [ 121.59545181, 0.962888342, 0.0 ], [ 121.642751668, 0.911073825, 0.0 ], [ 121.674238987, 0.910168438, 0.0 ], [ 121.680912018, 0.929651008, 0.0 ], [ 121.717261596, 0.940918035, 0.0 ], [ 121.723029479, 0.92333071, 0.0 ], [ 121.602783203, 0.872904897, 0.0 ], [ 121.552595776, 0.878305571, 0.0 ], [ 121.582732041, 0.894772499, 0.0 ], [ 121.564586663, 0.939643789, 0.0 ], [ 121.583465641, 0.968582613, 0.0 ], [ 121.59545181, 0.962888342, 0.0 ] ] ] ] } },
{ "type": "Feature", "properties": { "id": 9920, "pbph": null, "kph": "KPH Pogogul", "provinsi": "Sulawesi Tengah", "fungsi": "HL" }, "geometry": { "type": "MultiPolygon", "coordinates": [ [ [ [ 121.168041166, 0.819498794, 0.0 ], [ 121.181128202, 0.783925852, 0.0 ], [ 121.152359009, 0.796348929, 0.0 ], [ 121.168041166, 0.819498794, 0.0 ] ] ] ] } },
{ "type": "Feature", "properties": { "id": 9928, "pbph": null, "kph": "KPH Dampelas Tinombo", "provinsi": "Sulawesi Tengah", "fungsi": "HL" }, "geometry": { "type": "MultiPolygon", "coordinates": [ [ [ [ 120.074374134, 0.40547323, 0.0 ], [ 120.058189393, 0.429321946, 0.0 ], [ 120.076179504, 0.424601645, 0.0 ], [ 120.074374134, 0.40547323, 0.0 ] ] ] ] } },
{ "type": "Feature", "properties": { "id": 9932, "pbph": null, "kph": "KPH Dampelas Tinombo", "provinsi": "Sulawesi Tengah", "fungsi": "HL" }, "geometry": { "type": "MultiPolygon", "coordinates": [ [ [ [ 119.918913532, 0.04625723, 0.0 ], [ 119.905454334, 0.001185805, 0.0 ], [ 119.903916902, 0.04074001, 0.0 ], [ 119.918913532, 0.04625723, 0.0 ] ] ] ] } },
{ "type": "Feature", "properties": { "id": 9964, "pbph": null, "kph": "KPH Pogogul", "provinsi": "Sulawesi Tengah", "fungsi": "HPT" }, "geometry": { "type": "MultiPolygon", "coordinates": [ [ [ [ 121.038749462, 0.991860826, 0.0 ], [ 121.013778514, 1.023602008, 0.0 ], [ 121.03294787, 1.024606108, 0.0 ], [ 121.026744904, 1.036641102, 0.0 ], [ 121.04994588, 1.06664531, 0.0 ], [ 121.09433572, 1.08874083, 0.0 ], [ 121.127838737, 1.130467324, 0.0 ], [ 121.130023893, 1.094182054, 0.0 ], [ 121.038749462, 0.991860826, 0.0 ] ] ] ] } },
{ "type": "Feature", "properties": { "id": 9929, "pbph": null, "kph": "KPH Dampelas Tinombo", "provinsi": "Sulawesi Tengah", "fungsi": "HL" }, "geometry": { "type": "MultiPolygon", "coordinates": [ [ [ [ 119.974928169, 0.137519689, 0.0 ], [ 119.999476719, 0.113122364, 0.0 ], [ 119.961171456, 0.085712311, 0.0 ], [ 119.953938863, 0.028146062, 0.0 ], [ 119.935904012, 0.03720705, 0.0 ], [ 119.926765442, 0.076894864, 0.0 ], [ 119.951405649, 0.136802335, 0.0 ], [ 119.974928169, 0.137519689, 0.0 ] ] ] ] } },
{ "type": "Feature", "properties": { "id": 9948, "pbph": null, "kph": "KPH Pogogul", "provinsi": "Sulawesi Tengah", "fungsi": "HP" }, "geometry": { "type": "MultiPolygon", "coordinates": [ [ [ [ 122.134418761, 1.019570108, 0.0 ], [ 122.118539923, 1.022697494, 0.0 ], [ 122.124615418, 1.032914771, 0.0 ], [ 122.134418761, 1.019570108, 0.0 ] ] ] ] } },
{ "type": "Feature", "properties": { "id": 9975, "pbph": null, "kph": "KPH Gunung Dako", "provinsi": "Sulawesi Tengah", "fungsi": "HPT" }, "geometry": { "type": "MultiPolygon", "coordinates": [ [ [ [ 120.99838041, 0.816639502, 0.0 ], [ 120.99071328, 0.799748503, 0.0 ], [ 120.962347826, 0.798531101, 0.0 ], [ 120.992927564, 0.830289559, 0.0 ], [ 120.99838041, 0.816639502, 0.0 ] ] ] ] } },
{ "type": "Feature", "properties": { "id": 9945, "pbph": null, "kph": "KPH Pogogul", "provinsi": "Sulawesi Tengah", "fungsi": "HP" }, "geometry": { "type": "MultiPolygon", "coordinates": [ [ [ [ 121.883636475, 1.046767832, 0.0 ], [ 121.851486206, 1.044053078, 0.0 ], [ 121.835073466, 1.072363419, 0.0 ], [ 121.863019706, 1.074967609, 0.0 ], [ 121.866376746, 1.04575848, 0.0 ], [ 121.883636475, 1.046767832, 0.0 ] ] ] ] } },
{ "type": "Feature", "properties": { "id": 9946, "pbph": null, "kph": "KPH Pogogul", "provinsi": "Sulawesi Tengah", "fungsi": "HP" }, "geometry": { "type": "MultiPolygon", "coordinates": [ [ [ [ 121.770539342, 1.056351803, 0.0 ], [ 121.833117634, 1.03941276, 0.0 ], [ 121.800334179, 1.00768953, 0.0 ], [ 121.774421235, 1.027239273, 0.0 ], [ 121.73310389, 1.024264631, 0.0 ], [ 121.690816564, 1.003977251, 0.0 ], [ 121.659811938, 0.966148941, 0.0 ], [ 121.596107439, 1.018033666, 0.0 ], [ 121.614776283, 1.012203644, 0.0 ], [ 121.624499403, 1.029272199, 0.0 ], [ 121.617878881, 1.004635343, 0.0 ], [ 121.639481624, 1.029897378, 0.0 ], [ 121.647686149, 1.008478004, 0.0 ], [ 121.657139007, 1.026791173, 0.0 ], [ 121.683954696, 1.008594398, 0.0 ], [ 121.670448643, 1.022846843, 0.0 ], [ 121.681267499, 1.029953405, 0.0 ], [ 121.707416362, 1.012264484, 0.0 ], [ 121.753022207, 1.061357935, 0.0 ], [ 121.770539342, 1.056351803, 0.0 ] ] ] ] } },
{ "type": "Feature", "properties": { "id": 9947, "pbph": null, "kph": "KPH Pogogul", "provinsi": "Sulawesi Tengah", "fungsi": "HP" }, "geometry": { "type": "MultiPolygon", "coordinates": [ [ [ [ 122.055320976, 1.02293064, 0.0 ], [ 122.001362447, 0.966144649, 0.0 ], [ 121.953162805, 0.967531129, 0.0 ], [ 121.97174664, 1.005859515, 0.0 ], [ 121.985635812, 1.013267473, 0.0 ], [ 121.981015117, 0.997574167, 0.0 ], [ 121.996178303, 0.990802256, 0.0 ], [ 122.007876338, 1.028521687, 0.0 ], [ 122.055320976, 1.02293064, 0.0 ] ] ] ] } },
{ "type": "Feature", "properties": { "id": 9949, "pbph": null, "kph": "KPH Pogogul", "provinsi": "Sulawesi Tengah", "fungsi": "HP" }, "geometry": { "type": "MultiPolygon", "coordinates": [ [ [ [ 121.627066914, 0.988986546, 0.0 ], [ 121.618205643, 0.947222206, 0.0 ], [ 121.595638054, 0.961641318, 0.0 ], [ 121.590576501, 0.997127027, 0.0 ], [ 121.627066914, 0.988986546, 0.0 ] ] ] ] } },
{ "type": "Feature", "properties": { "id": 9953, "pbph": null, "kph": "KPH Dampelas Tinombo", "provinsi": "Sulawesi Tengah", "fungsi": "HP" }, "geometry": { "type": "MultiPolygon", "coordinates": [ [ [ [ 120.080376461, 0.265697517, 0.0 ], [ 120.083860397, 0.249910355, 0.0 ], [ 120.063201236, 0.269707634, 0.0 ], [ 120.080376461, 0.265697517, 0.0 ] ] ] ] } },
{ "type": "Feature", "properties": { "id": 9985, "pbph": null, "kph": "KPH Dampelas Tinombo", "provinsi": "Sulawesi Tengah", "fungsi": "HPT" }, "geometry": { "type": "MultiPolygon", "coordinates": [ [ [ [ 121.208793508, 0.504717685, 0.0 ], [ 121.161868726, 0.488725658, 0.0 ], [ 121.121314347, 0.520432487, 0.0 ], [ 121.088646208, 0.495878466, 0.0 ], [ 121.057951624, 0.510653865, 0.0 ], [ 121.061522044, 0.533329141, 0.0 ], [ 121.036684036, 0.52630806, 0.0 ], [ 121.017814416, 0.542436684, 0.0 ], [ 121.02183285, 0.560681174, 0.0 ], [ 120.980803108, 0.557548954, 0.0 ], [ 120.961148586, 0.586425809, 0.0 ], [ 120.943583531, 0.57765452, 0.0 ], [ 120.911415101, 0.591326416, 0.0 ], [ 120.90878296, 0.612665296, 0.0 ], [ 121.003601075, 0.61843592, 0.0 ], [ 121.071990967, 0.57749653, 0.0 ], [ 121.099380493, 0.532145619, 0.0 ], [ 121.156730652, 0.570816338, 0.0 ], [ 121.200469971, 0.538639129, 0.0 ], [ 121.208793508, 0.504717685, 0.0 ] ] ] ] } },
{ "type": "Feature", "properties": { "id": 9955, "pbph": null, "kph": "KPH Dampelas Tinombo", "provinsi": "Sulawesi Tengah", "fungsi": "HP" }, "geometry": { "type": "MultiPolygon", "coordinates": [ [ [ [ 120.223060033, 0.36845514, 0.0 ], [ 120.23966241, 0.350511651, 0.0 ], [ 120.216480065, 0.334643918, 0.0 ], [ 120.167893877, 0.375795855, 0.0 ], [ 120.181941559, 0.386007383, 0.0 ], [ 120.223060033, 0.36845514, 0.0 ] ] ] ] } },
{ "type": "Feature", "properties": { "id": 9945, "pbph": null, "kph": "KPH Pogogul", "provinsi": "Sulawesi Tengah", "fungsi": "HP" }, "geometry": { "type": "MultiPolygon", "coordinates": [ [ [ [ 121.883636475, 1.046767832, 0.0 ], [ 121.851486206, 1.044053078, 0.0 ], [ 121.835073466, 1.072363419, 0.0 ], [ 121.863019706, 1.074967609, 0.0 ], [ 121.866376746, 1.04575848, 0.0 ], [ 121.883636475, 1.046767832, 0.0 ] ] ] ] } },
{ "type": "Feature", "properties": { "id": 9946, "pbph": null, "kph": "KPH Pogogul", "provinsi": "Sulawesi Tengah", "fungsi": "HP" }, "geometry": { "type": "MultiPolygon", "coordinates": [ [ [ [ 121.770539342, 1.056351803, 0.0 ], [ 121.833117634, 1.03941276, 0.0 ], [ 121.800334179, 1.00768953, 0.0 ], [ 121.774421235, 1.027239273, 0.0 ], [ 121.73310389, 1.024264631, 0.0 ], [ 121.690816564, 1.003977251, 0.0 ], [ 121.659811938, 0.966148941, 0.0 ], [ 121.596107439, 1.018033666, 0.0 ], [ 121.614776283, 1.012203644, 0.0 ], [ 121.624499403, 1.029272199, 0.0 ], [ 121.617878881, 1.004635343, 0.0 ], [ 121.639481624, 1.029897378, 0.0 ], [ 121.647686149, 1.008478004, 0.0 ], [ 121.657139007, 1.026791173, 0.0 ], [ 121.683954696, 1.008594398, 0.0 ], [ 121.670448643, 1.022846843, 0.0 ], [ 121.681267499, 1.029953405, 0.0 ], [ 121.707416362, 1.012264484, 0.0 ], [ 121.753022207, 1.061357935, 0.0 ], [ 121.770539342, 1.056351803, 0.0 ] ] ] ] } },
{ "type": "Feature", "properties": { "id": 9947, "pbph": null, "kph": "KPH Pogogul", "provinsi": "Sulawesi Tengah", "fungsi": "HP" }, "geometry": { "type": "MultiPolygon", "coordinates": [ [ [ [ 122.055320976, 1.02293064, 0.0 ], [ 122.001362447, 0.966144649, 0.0 ], [ 121.953162805, 0.967531129, 0.0 ], [ 121.97174664, 1.005859515, 0.0 ], [ 121.985635812, 1.013267473, 0.0 ], [ 121.981015117, 0.997574167, 0.0 ], [ 121.996178303, 0.990802256, 0.0 ], [ 122.007876338, 1.028521687, 0.0 ], [ 122.055320976, 1.02293064, 0.0 ] ] ] ] } },
{ "type": "Feature", "properties": { "id": 9949, "pbph": null, "kph": "KPH Pogogul", "provinsi": "Sulawesi Tengah", "fungsi": "HP" }, "geometry": { "type": "MultiPolygon", "coordinates": [ [ [ [ 121.627066914, 0.988986546, 0.0 ], [ 121.618205643, 0.947222206, 0.0 ], [ 121.595638054, 0.961641318, 0.0 ], [ 121.590576501, 0.997127027, 0.0 ], [ 121.627066914, 0.988986546, 0.0 ] ] ] ] } },
{ "type": "Feature", "properties": { "id": 9953, "pbph": null, "kph": "KPH Dampelas Tinombo", "provinsi": "Sulawesi Tengah", "fungsi": "HP" }, "geometry": { "type": "MultiPolygon", "coordinates": [ [ [ [ 120.080376461, 0.265697517, 0.0 ], [ 120.083860397, 0.249910355, 0.0 ], [ 120.063201236, 0.269707634, 0.0 ], [ 120.080376461, 0.265697517, 0.0 ] ] ] ] } },
{ "type": "Feature", "properties": { "id": 9985, "pbph": null, "kph": "KPH Dampelas Tinombo", "provinsi": "Sulawesi Tengah", "fungsi": "HPT" }, "geometry": { "type": "MultiPolygon", "coordinates": [ [ [ [ 121.208793508, 0.504717685, 0.0 ], [ 121.161868726, 0.488725658, 0.0 ], [ 121.121314347, 0.520432487, 0.0 ], [ 121.088646208, 0.495878466, 0.0 ], [ 121.057951624, 0.510653865, 0.0 ], [ 121.061522044, 0.533329141, 0.0 ], [ 121.036684036, 0.52630806, 0.0 ], [ 121.017814416, 0.542436684, 0.0 ], [ 121.02183285, 0.560681174, 0.0 ], [ 120.980803108, 0.557548954, 0.0 ], [ 120.961148586, 0.586425809, 0.0 ], [ 120.943583531, 0.57765452, 0.0 ], [ 120.911415101, 0.591326416, 0.0 ], [ 120.90878296, 0.612665296, 0.0 ], [ 121.003601075, 0.61843592, 0.0 ], [ 121.071990967, 0.57749653, 0.0 ], [ 121.099380493, 0.532145619, 0.0 ], [ 121.156730652, 0.570816338, 0.0 ], [ 121.200469971, 0.538639129, 0.0 ], [ 121.208793508, 0.504717685, 0.0 ] ] ] ] } },
{ "type": "Feature", "properties": { "id": 9986, "pbph": null, "kph": "KPH Dampelas Tinombo", "provinsi": "Sulawesi Tengah", "fungsi": "HPT" }, "geometry": { "type": "MultiPolygon", "coordinates": [ [ [ [ 120.924943669, 0.58193012, 0.0 ], [ 120.946576708, 0.561606601, 0.0 ], [ 120.899441, 0.553232, 0.0 ], [ 120.889367063, 0.51751257, 0.0 ], [ 120.857248656, 0.503662559, 0.0 ], [ 120.823845511, 0.510074989, 0.0 ], [ 120.838778464, 0.524325607, 0.0 ], [ 120.819948196, 0.564447403, 0.0 ], [ 120.831380552, 0.585993494, 0.0 ], [ 120.85849042, 0.554264867, 0.0 ], [ 120.886299754, 0.570203216, 0.0 ], [ 120.911996557, 0.561898648, 0.0 ], [ 120.924943669, 0.58193012, 0.0 ] ] ] ] } },
{ "type": "Feature", "properties": { "id": 9987, "pbph": null, "kph": "KPH Dampelas Tinombo", "provinsi": "Sulawesi Tengah", "fungsi": "HPT" }, "geometry": { "type": "MultiPolygon", "coordinates": [ [ [ [ 120.444875083, 0.594739164, 0.0 ], [ 120.455108643, 0.576058626, 0.0 ], [ 120.425621033, 0.576143623, 0.0 ], [ 120.444306716, 0.56034197, 0.0 ], [ 120.38272681, 0.547681965, 0.0 ], [ 120.379885421, 0.517600463, 0.0 ], [ 120.346506834, 0.520351469, 0.0 ], [ 120.354494945, 0.49609468, 0.0 ], [ 120.324593344, 0.497337737, 0.0 ], [ 120.323656176, 0.467342802, 0.0 ], [ 120.312421678, 0.495121593, 0.0 ], [ 120.289075851, 0.497224808, 0.0 ], [ 120.281820297, 0.485593796, 0.0 ], [ 120.295846939, 0.480199814, 0.0 ], [ 120.275785446, 0.466619492, 0.0 ], [ 120.250674046, 0.460651088, 0.0 ], [ 120.25079, 0.476108, 0.0 ], [ 120.220491409, 0.4786129, 0.0 ], [ 120.199206038, 0.466841672, 0.0 ], [ 120.188369367, 0.500744794, 0.0 ], [ 120.19892941, 0.511056571, 0.0 ], [ 120.280341118, 0.537340137, 0.0 ], [ 120.296230003, 0.537155846, 0.0 ], [ 120.297189327, 0.516977597, 0.0 ], [ 120.332395779, 0.527907639, 0.0 ], [ 120.33002882, 0.573919968, 0.0 ], [ 120.347395441, 0.557113521, 0.0 ], [ 120.403703351, 0.609803095, 0.0 ], [ 120.409212, 0.599078, 0.0 ], [ 120.436416626, 0.609709144, 0.0 ], [ 120.444875083, 0.594739164, 0.0 ] ], [ [ 120.401335858, 0.584890138, 0.0 ], [ 120.393262863, 0.572248459, 0.0 ], [ 120.405359268, 0.571882248, 0.0 ], [ 120.401335858, 0.584890138, 0.0 ] ] ] ] } },
{ "type": "Feature", "properties": { "id": 9958, "pbph": null, "kph": "KPH Pogogul", "provinsi": "Sulawesi Tengah", "fungsi": "HPT" }, "geometry": { "type": "MultiPolygon", "coordinates": [ [ [ [ 121.218499097, 1.113698751, 0.0 ], [ 121.196650868, 1.096717479, 0.0 ], [ 121.166838467, 1.125422315, 0.0 ], [ 121.192900314, 1.190861425, 0.0 ], [ 121.212436543, 1.16744647, 0.0 ], [ 121.218499097, 1.113698751, 0.0 ] ] ] ] } },
{ "type": "Feature", "properties": { "id": 9970, "pbph": null, "kph": "KPH Gunung Dako", "provinsi": "Sulawesi Tengah", "fungsi": "HPT" }, "geometry": { "type": "MultiPolygon", "coordinates": [ [ [ [ 121.09964589, 0.902750439, 0.0 ], [ 121.096694879, 0.888082589, 0.0 ], [ 121.056361177, 0.87252151, 0.0 ], [ 121.09964589, 0.902750439, 0.0 ] ] ] ] } },
{ "type": "Feature", "properties": { "id": 9971, "pbph": null, "kph": "KPH Gunung Dako", "provinsi": "Sulawesi Tengah", "fungsi": "HPT" }, "geometry": { "type": "MultiPolygon", "coordinates": [ [ [ [ 120.975070182, 0.795639066, 0.0 ], [ 120.987735338, 0.775965804, 0.0 ], [ 120.947053804, 0.784283355, 0.0 ], [ 120.975070182, 0.795639066, 0.0 ] ] ] ] } },
{ "type": "Feature", "properties": { "id": 9972, "pbph": null, "kph": "KPH Gunung Dako", "provinsi": "Sulawesi Tengah", "fungsi": "HPT" }, "geometry": { "type": "MultiPolygon", "coordinates": [ [ [ [ 121.098002267, 1.104988795, 0.0 ], [ 121.02964579, 1.03702581, 0.0 ], [ 120.946143705, 1.041069887, 0.0 ], [ 120.931488034, 1.012602858, 0.0 ], [ 120.901443797, 1.000921705, 0.0 ], [ 120.936425408, 1.028076999, 0.0 ], [ 120.960179688, 1.083378767, 0.0 ], [ 121.087612544, 1.126439485, 0.0 ], [ 121.102584512, 1.14868727, 0.0 ], [ 121.098002267, 1.104988795, 0.0 ] ] ] ] } },
{ "type": "Feature", "properties": { "id": 9973, "pbph": null, "kph": "KPH Gunung Dako", "provinsi": "Sulawesi Tengah", "fungsi": "HPT" }, "geometry": { "type": "MultiPolygon", "coordinates": [ [ [ [ 121.013778514, 1.023602008, 0.0 ], [ 121.02932493, 0.99999434, 0.0 ], [ 121.017377509, 0.994372329, 0.0 ], [ 121.014867279, 0.940122288, 0.0 ], [ 120.983711243, 0.948404015, 0.0 ], [ 120.97128296, 0.971834362, 0.0 ], [ 120.986628182, 0.987669492, 0.0 ], [ 120.980087613, 1.003572526, 0.0 ], [ 121.010348094, 1.002898057, 0.0 ], [ 120.976186893, 1.023224745, 0.0 ], [ 121.013778514, 1.023602008, 0.0 ] ] ] ] } },
{ "type": "Feature", "properties": { "id": 9978, "pbph": null, "kph": "KPH Dolago Tanggunung", "provinsi": "Sulawesi Tengah", "fungsi": "HPT" }, "geometry": { "type": "MultiPolygon", "coordinates": [ [ [ [ 119.937030592, -0.086645411, 0.0 ], [ 119.942630711, -0.072066206, 0.0 ], [ 119.950153871, -0.094561862, 0.0 ], [ 119.937030592, -0.086645411, 0.0 ] ] ] ] } },
{ "type": "Feature", "properties": { "id": 9979, "pbph": null, "kph": "KPH Dolago Tanggunung", "provinsi": "Sulawesi Tengah", "fungsi": "HPT" }, "geometry": { "type": "MultiPolygon", "coordinates": [ [ [ [ 119.935172615, -0.087591226, 0.0 ], [ 119.898889091, -0.136631097, 0.0 ], [ 119.913224869, -0.207641028, 0.0 ], [ 119.878825564, -0.215281061, 0.0 ], [ 119.880678571, -0.166322239, 0.0 ], [ 119.861519502, -0.168106981, 0.0 ], [ 119.861240817, -0.199462246, 0.0 ], [ 119.828331252, -0.163556634, 0.0 ], [ 119.830308612, -0.149655723, 0.0 ], [ 119.856457305, -0.15015526, 0.0 ], [ 119.858466119, -0.120250162, 0.0 ], [ 119.87482287, -0.109725399, 0.0 ], [ 119.851958661, -0.090351702, 0.0 ], [ 119.869825363, -0.077192307, 0.0 ], [ 119.887712479, -0.094400406, 0.0 ], [ 119.913763444, -0.077817861, 0.0 ], [ 119.935172615, -0.087591226, 0.0 ] ] ] ] } },
{ "type": "Feature", "properties": { "id": 9981, "pbph": null, "kph": "KPH Dolago Tanggunung", "provinsi": "Sulawesi Tengah", "fungsi": "HPT" }, "geometry": { "type": "MultiPolygon", "coordinates": [ [ [ [ 119.925897623, -0.113971017, 0.0 ], [ 119.914466226, -0.117135704, 0.0 ], [ 119.939123184, -0.087601585, 0.0 ], [ 119.939394098, -0.110787522, 0.0 ], [ 119.925897623, -0.113971017, 0.0 ] ] ] ] } },
{ "type": "Feature", "properties": { "id": 9998, "pbph": null, "kph": "KPH Pogogul", "provinsi": "Sulawesi Tengah", "fungsi": "HPT" }, "geometry": { "type": "MultiPolygon", "coordinates": [ [ [ [ 121.420871024, 0.88487531, 0.0 ], [ 121.337537992, 0.879412437, 0.0 ], [ 121.310791738, 0.898090662, 0.0 ], [ 121.271026003, 0.877549555, 0.0 ], [ 121.279592902, 0.839638614, 0.0 ], [ 121.225999549, 0.817247927, 0.0 ], [ 121.239813904, 0.801419016, 0.0 ], [ 121.192035846, 0.767493031, 0.0 ], [ 121.182656439, 0.7335968, 0.0 ], [ 121.150062045, 0.745882229, 0.0 ], [ 121.122505597, 0.7358944, 0.0 ], [ 120.971694879, 0.789482589, 0.0 ], [ 120.996391456, 0.80625093, 0.0 ], [ 120.999140723, 0.83530254, 0.0 ], [ 121.029434204, 0.833439708, 0.0 ], [ 121.056361177, 0.87252151, 0.0 ], [ 121.122556686, 0.90817833, 0.0 ], [ 121.149709702, 0.894979477, 0.0 ], [ 121.151445389, 0.87780571, 0.0 ], [ 121.189561753, 0.867698841, 0.0 ], [ 121.314506001, 0.932858, 0.0 ], [ 121.372200013, 0.89426136, 0.0 ], [ 121.417241316, 0.898416781, 0.0 ], [ 121.420871024, 0.88487531, 0.0 ] ], [ [ 121.168041166, 0.819498794, 0.0 ], [ 121.152359009, 0.796348929, 0.0 ], [ 121.181128202, 0.783925852, 0.0 ], [ 121.168041166, 0.819498794, 0.0 ] ], [ [ 121.114833139, 0.774675434, 0.0 ], [ 121.114330703, 0.794980145, 0.0 ], [ 121.097783745, 0.800000039, 0.0 ], [ 121.092140839, 0.784103112, 0.0 ], [ 121.111374825, 0.758606186, 0.0 ], [ 121.114833139, 0.774675434, 0.0 ] ] ] ] } },
{ "type": "Feature", "properties": { "id": 10003, "pbph": null, "kph": "KPH Dampelas Tinombo", "provinsi": "Sulawesi Tengah", "fungsi": "HPT" }, "geometry": { "type": "MultiPolygon", "coordinates": [ [ [ [ 120.057526978, 0.336594124, 0.0 ], [ 120.056814048, 0.378587886, 0.0 ], [ 120.082260133, 0.408921392, 0.0 ], [ 120.064895631, 0.430996777, 0.0 ], [ 119.976420652, 0.348908756, 0.0 ], [ 119.965039823, 0.268467628, 0.0 ], [ 119.953996658, 0.274202347, 0.0 ], [ 119.925539017, 0.306913376, 0.0 ], [ 119.937307358, 0.318250656, 0.0 ], [ 119.927000046, 0.336500168, 0.0 ], [ 119.947694778, 0.340085983, 0.0 ], [ 119.930639267, 0.355833054, 0.0 ], [ 119.953584672, 0.37005806, 0.0 ], [ 119.926889421, 0.370527267, 0.0 ], [ 119.927373257, 0.411142238, 0.0 ], [ 119.975585938, 0.416190148, 0.0 ], [ 119.976226001, 0.396809001, 0.0 ], [ 120.018608, 0.39686, 0.0 ], [ 120.021576, 0.423666, 0.0 ], [ 120.063917, 0.43866, 0.0 ], [ 120.080960589, 0.46196202, 0.0 ], [ 120.092499623, 0.404875822, 0.0 ], [ 120.060763251, 0.383022196, 0.0 ], [ 120.057526978, 0.336594124, 0.0 ] ] ], [ [ [ 120.067351379, 0.191384722, 0.0 ], [ 120.074102035, 0.221335336, 0.0 ], [ 120.094413291, 0.227467035, 0.0 ], [ 120.082590067, 0.268072264, 0.0 ], [ 120.096959554, 0.224215635, 0.0 ], [ 120.088110002, 0.197653255, 0.0 ], [ 120.067351379, 0.191384722, 0.0 ] ] ], [ [ [ 119.955987086, 0.173279626, 0.0 ], [ 119.947149277, 0.182886124, 0.0 ], [ 119.970498206, 0.222367678, 0.0 ], [ 119.955987086, 0.173279626, 0.0 ] ] ], [ [ [ 119.974928169, 0.137519689, 0.0 ], [ 119.951301857, 0.136906801, 0.0 ], [ 119.956710157, 0.16826627, 0.0 ], [ 119.974928169, 0.137519689, 0.0 ] ] ], [ [ [ 120.031686202, 0.1275643, 0.0 ], [ 119.976602579, 0.13689942, 0.0 ], [ 120.00707915, 0.14916012, 0.0 ], [ 120.031686202, 0.1275643, 0.0 ] ] ] ] } },
{ "type": "Feature", "properties": { "id": 10011, "pbph": null, "kph": "KPH Dampelas Tinombo", "provinsi": "Sulawesi Tengah", "fungsi": "HPT" }, "geometry": { "type": "MultiPolygon", "coordinates": [ [ [ [ 119.979757201, -0.021356713, 0.0 ], [ 119.982901454, -0.045710601, 0.0 ], [ 119.947496475, -0.049070532, 0.0 ], [ 119.939977887, -0.065464614, 0.0 ], [ 119.940030062, -0.020648515, 0.0 ], [ 119.979757201, -0.021356713, 0.0 ] ] ] ] } },
{ "type": "Feature", "properties": { "id": 10083, "pbph": null, "kph": "KPH Sintuwu Maroso", "provinsi": "Sulawesi Tengah", "fungsi": "HL" }, "geometry": { "type": "MultiPolygon", "coordinates": [ [ [ [ 120.361128313, -1.988418295, 0.0 ], [ 120.346305643, -2.045327164, 0.0 ], [ 120.312686176, -2.047777521, 0.0 ], [ 120.343696256, -1.977207482, 0.0 ], [ 120.361128313, -1.988418295, 0.0 ] ] ] ] } },
{ "type": "Feature", "properties": { "id": 10085, "pbph": null, "kph": "KPH Tepo Asa Aroa", "provinsi": "Sulawesi Tengah", "fungsi": "HL" }, "geometry": { "type": "MultiPolygon", "coordinates": [ [ [ [ 120.823277456, -2.052188658, 0.0 ], [ 120.834127112, -2.123114883, 0.0 ], [ 120.807248043, -2.144514494, 0.0 ], [ 120.837505674, -2.158315743, 0.0 ], [ 120.837739982, -2.218591668, 0.0 ], [ 120.781759551, -2.213248467, 0.0 ], [ 120.776979545, -2.228349952, 0.0 ], [ 120.763788764, -2.209459257, 0.0 ], [ 120.773733417, -2.22872255, 0.0 ], [ 120.74798752, -2.231883594, 0.0 ], [ 120.716042514, -2.209049512, 0.0 ], [ 120.733828478, -2.198890802, 0.0 ], [ 120.744628587, -2.209164786, 0.0 ], [ 120.746635454, -2.187844135, 0.0 ], [ 120.759525444, -2.201530359, 0.0 ], [ 120.747721886, -2.18425183, 0.0 ], [ 120.765653272, -2.180464374, 0.0 ], [ 120.750434472, -2.111464119, 0.0 ], [ 120.764532866, -2.066954395, 0.0 ], [ 120.744842138, -2.050549003, 0.0 ], [ 120.810435028, -2.017230539, 0.0 ], [ 120.822872336, -2.020143105, 0.0 ], [ 120.823277456, -2.052188658, 0.0 ] ] ] ] } },
{ "type": "Feature", "properties": { "id": 10110, "pbph": null, "kph": "KPH Tepo Asa Aroa", "provinsi": "Sulawesi Tengah", "fungsi": "HP" }, "geometry": { "type": "MultiPolygon", "coordinates": [ [ [ [ 120.836356206, -2.133478898, 0.0 ], [ 120.830425, -2.162365, 0.0 ], [ 120.828789673, -2.146275682, 0.0 ], [ 120.807446431, -2.145633773, 0.0 ], [ 120.834127112, -2.123114883, 0.0 ], [ 120.836356206, -2.133478898, 0.0 ] ] ] ] } },
{ "type": "Feature", "properties": { "id": 10115, "pbph": null, "kph": "KPH Sintuwu Maroso", "provinsi": "Sulawesi Tengah", "fungsi": "HPT" }, "geometry": { "type": "MultiPolygon", "coordinates": [ [ [ [ 120.865723706, -1.513222924, 0.0 ], [ 120.829439861, -1.513186717, 0.0 ], [ 120.79161119, -1.565772805, 0.0 ], [ 120.783816466, -1.61744637, 0.0 ], [ 120.753318492, -1.651180972, 0.0 ], [ 120.759390072, -1.701075827, 0.0 ], [ 120.732727051, -1.734375, 0.0 ], [ 120.755512176, -1.768646516, 0.0 ], [ 120.745052682, -1.775567609, 0.0 ], [ 120.759045489, -1.773789747, 0.0 ], [ 120.822692871, -1.864990234, 0.0 ], [ 120.896449785, -1.867921771, 0.0 ], [ 120.894358817, -1.884210336, 0.0 ], [ 120.876013778, -1.872704356, 0.0 ], [ 120.872762373, -1.897150149, 0.0 ], [ 120.886394872, -1.898136923, 0.0 ], [ 120.903039368, -1.941944752, 0.0 ], [ 120.885040296, -1.9414072, 0.0 ], [ 120.878156744, -1.918001964, 0.0 ], [ 120.806589282, -1.857987941, 0.0 ], [ 120.802845607, -1.868897034, 0.0 ], [ 120.74193573, -1.802438259, 0.0 ], [ 120.68947, -1.81877, 0.0 ], [ 120.70119945, -1.818459178, 0.0 ], [ 120.70384323, -1.771412659, 0.0 ], [ 120.721932906, -1.768948788, 0.0 ], [ 120.733039856, -1.700300216, 0.0 ], [ 120.720832825, -1.68535924, 0.0 ], [ 120.735908508, -1.664893149, 0.0 ], [ 120.703326086, -1.64890816, 0.0 ], [ 120.718426517, -1.634570855, 0.0 ], [ 120.703275142, -1.62228685, 0.0 ], [ 120.717039674, -1.62446725, 0.0 ], [ 120.729898131, -1.57043553, 0.0 ], [ 120.749163396, -1.558153405, 0.0 ], [ 120.741195194, -1.532961489, 0.0 ], [ 120.76727944, -1.513036829, 0.0 ], [ 120.762237, -1.555823, 0.0 ], [ 120.81107645, -1.540809596, 0.0 ], [ 120.836429922, -1.505140867, 0.0 ], [ 120.865723706, -1.513222924, 0.0 ] ], [ [ 120.768714684, -1.799600426, 0.0 ], [ 120.750076294, -1.798640728, 0.0 ], [ 120.749351502, -1.813457846, 0.0 ], [ 120.766721674, -1.804719711, 0.0 ], [ 120.792725967, -1.841761507, 0.0 ], [ 120.768714684, -1.799600426, 0.0 ] ] ], [ [ [ 120.854855764, -1.720263078, 0.0 ], [ 120.853611564, -1.734488701, 0.0 ], [ 120.76764023, -1.709650314, 0.0 ], [ 120.777276974, -1.693039878, 0.0 ], [ 120.854855764, -1.720263078, 0.0 ] ] ], [ [ [ 120.729120669, -1.926137485, 0.0 ], [ 120.69786, -1.86523, 0.0 ], [ 120.701044585, -1.827787095, 0.0 ], [ 120.729120669, -1.926137485, 0.0 ] ] ], [ [ [ 120.775767453, -1.879789509, 0.0 ], [ 120.784510228, -1.854682948, 0.0 ], [ 120.805833011, -1.877808901, 0.0 ], [ 120.775767453, -1.879789509, 0.0 ] ] ] ] } },
{ "type": "Feature", "properties": { "id": 10118, "pbph": null, "kph": "KPH Sintuwu Maroso", "provinsi": "Sulawesi Tengah", "fungsi": "HPT" }, "geometry": { "type": "MultiPolygon", "coordinates": [ [ [ [ 120.428240763, -1.545689865, 0.0 ], [ 120.418950963, -1.560223562, 0.0 ], [ 120.422078895, -1.537759529, 0.0 ], [ 120.428240763, -1.545689865, 0.0 ] ] ] ] } },
{ "type": "Feature", "properties": { "id": 10147, "pbph": null, "kph": "KPH Sintuwu Maroso", "provinsi": "Sulawesi Tengah", "fungsi": "HP" }, "geometry": { "type": "MultiPolygon", "coordinates": [ [ [ [ 120.539871216, -1.179795741, 0.0 ], [ 120.55233262, -1.196098277, 0.0 ], [ 120.515797255, -1.212827139, 0.0 ], [ 120.539142055, -1.227505403, 0.0 ], [ 120.540945848, -1.248765476, 0.0 ], [ 120.501189116, -1.26439608, 0.0 ], [ 120.504158495, -1.275664671, 0.0 ], [ 120.527563234, -1.254304541, 0.0 ], [ 120.546004624, -1.266010592, 0.0 ], [ 120.530405779, -1.27188481, 0.0 ], [ 120.55832, -1.31414, 0.0 ], [ 120.5013, -1.28065, 0.0 ], [ 120.48334, -1.2398, 0.0 ], [ 120.50034, -1.19297, 0.0 ], [ 120.539871216, -1.179795741, 0.0 ] ] ] ] } },
{ "type": "Feature", "properties": { "id": 10148, "pbph": null, "kph": "KPH Sintuwu Maroso", "provinsi": "Sulawesi Tengah", "fungsi": "HP" }, "geometry": { "type": "MultiPolygon", "coordinates": [ [ [ [ 120.391681518, -1.20736591, 0.0 ], [ 120.404290269, -1.201864467, 0.0 ], [ 120.424850464, -1.226339698, 0.0 ], [ 120.443883645, -1.194619095, 0.0 ], [ 120.438053966, -1.171359864, 0.0 ], [ 120.499134427, -1.142575275, 0.0 ], [ 120.498849778, -1.168322135, 0.0 ], [ 120.456144066, -1.200923296, 0.0 ], [ 120.437752912, -1.246604333, 0.0 ], [ 120.391681518, -1.20736591, 0.0 ] ] ] ] } },
{ "type": "Feature", "properties": { "id": 10176, "pbph": null, "kph": "KPH Sintuwu Maroso", "provinsi": "Sulawesi Tengah", "fungsi": "HL" }, "geometry": { "type": "MultiPolygon", "coordinates": [ [ [ [ 120.346305643, -2.045327164, 0.0 ], [ 120.362830272, -1.992558583, 0.0 ], [ 120.36269835, -2.032505282, 0.0 ], [ 120.346305643, -2.045327164, 0.0 ] ] ] ] } },
{ "type": "Feature", "properties": { "id": 10179, "pbph": null, "kph": "KPH Sintuwu Maroso", "provinsi": "Sulawesi Tengah", "fungsi": "HL" }, "geometry": { "type": "MultiPolygon", "coordinates": [ [ [ [ 120.483870083, -1.991664756, 0.0 ], [ 120.464007941, -1.986460683, 0.0 ], [ 120.46071105, -1.952379665, 0.0 ], [ 120.483870083, -1.991664756, 0.0 ] ] ] ] } },
{ "type": "Feature", "properties": { "id": 10216, "pbph": null, "kph": "KPH UNIT III KEP. SANGIHE, KEP. TALAUD, DAN KEP. SIAU TAGULANDANG BIARO", "provinsi": "Sulawesi Utara", "fungsi": "HL" }, "geometry": { "type": "MultiPolygon", "coordinates": [ [ [ [ 126.834214379, 4.439162578, 0.0 ], [ 126.834208321, 4.378337376, 0.0 ], [ 126.884421465, 4.28536036, 0.0 ], [ 126.875042318, 4.266536912, 0.0 ], [ 126.814942363, 4.244388405, 0.0 ], [ 126.737943005, 4.296272552, 0.0 ], [ 126.804066041, 4.265670006, 0.0 ], [ 126.846515625, 4.285124479, 0.0 ], [ 126.873142596, 4.278922118, 0.0 ], [ 126.859293033, 4.320384582, 0.0 ], [ 126.837021279, 4.320574939, 0.0 ], [ 126.845349392, 4.337992593, 0.0 ], [ 126.804018154, 4.387217692, 0.0 ], [ 126.810335623, 4.429280615, 0.0 ], [ 126.834214379, 4.439162578, 0.0 ] ] ] ] } },
{ "type": "Feature", "properties": { "id": 10218, "pbph": null, "kph": "KPH UNIT III KEP. SANGIHE, KEP. TALAUD, DAN KEP. SIAU TAGULANDANG BIARO", "provinsi": "Sulawesi Utara", "fungsi": "HL" }, "geometry": { "type": "MultiPolygon", "coordinates": [ [ [ [ 125.543929118, 3.540554182, 0.0 ], [ 125.567550871, 3.530206249, 0.0 ], [ 125.564757277, 3.499058063, 0.0 ], [ 125.584491365, 3.492018653, 0.0 ], [ 125.542775739, 3.465977806, 0.0 ], [ 125.545248012, 3.511406297, 0.0 ], [ 125.517011342, 3.509360772, 0.0 ], [ 125.501840532, 3.487340967, 0.0 ], [ 125.500277634, 3.504284816, 0.0 ], [ 125.520272202, 3.53875637, 0.0 ], [ 125.543929118, 3.540554182, 0.0 ] ] ] ] } },
{ "type": "Feature", "properties": { "id": 10219, "pbph": null, "kph": "KPH UNIT III KEP. SANGIHE, KEP. TALAUD, DAN KEP. SIAU TAGULANDANG BIARO", "provinsi": "Sulawesi Utara", "fungsi": "HL" }, "geometry": { "type": "MultiPolygon", "coordinates": [ [ [ [ 125.377982785, 2.307525591, 0.0 ], [ 125.366217265, 2.293300892, 0.0 ], [ 125.351901884, 2.306573749, 0.0 ], [ 125.365640555, 2.3219722, 0.0 ], [ 125.377982785, 2.307525591, 0.0 ] ] ] ] } },
{ "type": "Feature", "properties": { "id": 10220, "pbph": null, "kph": "KPH UNIT III KEP. SANGIHE, KEP. TALAUD, DAN KEP. SIAU TAGULANDANG BIARO", "provinsi": "Sulawesi Utara", "fungsi": "HL" }, "geometry": { "type": "MultiPolygon", "coordinates": [ [ [ [ 126.801044792, 4.121415662, 0.0 ], [ 126.77138105, 4.142570864, 0.0 ], [ 126.770447111, 4.180109443, 0.0 ], [ 126.817103245, 4.225507288, 0.0 ], [ 126.848738632, 4.230906127, 0.0 ], [ 126.778680937, 4.149314955, 0.0 ], [ 126.801044792, 4.121415662, 0.0 ] ] ] ] } },
{ "type": "Feature", "properties": { "id": 10227, "pbph": null, "kph": "KPH UNIT III KEP. SANGIHE, KEP. TALAUD, DAN KEP. SIAU TAGULANDANG BIARO", "provinsi": "Sulawesi Utara", "fungsi": "HL" }, "geometry": { "type": "MultiPolygon", "coordinates": [ [ [ [ 125.431177819, 2.349966945, 0.0 ], [ 125.446206886, 2.348747243, 0.0 ], [ 125.422850045, 2.333123292, 0.0 ], [ 125.397668077, 2.345214536, 0.0 ], [ 125.431177819, 2.349966945, 0.0 ] ] ] ] } },
{ "type": "Feature", "properties": { "id": 10228, "pbph": null, "kph": "KPH UNIT III KEP. SANGIHE, KEP. TALAUD, DAN KEP. SIAU TAGULANDANG BIARO", "provinsi": "Sulawesi Utara", "fungsi": "HL" }, "geometry": { "type": "MultiPolygon", "coordinates": [ [ [ [ 125.521219239, 3.627293377, 0.0 ], [ 125.536090123, 3.614688593, 0.0 ], [ 125.523069753, 3.603598785, 0.0 ], [ 125.521219239, 3.627293377, 0.0 ] ] ] ] } },
{ "type": "Feature", "properties": { "id": 10000, "pbph": null, "kph": "KPH Pogogul", "provinsi": "Sulawesi Tengah", "fungsi": "HPT" }, "geometry": { "type": "MultiPolygon", "coordinates": [ [ [ [ 121.552595776, 0.878305571, 0.0 ], [ 121.493240356, 0.883466303, 0.0 ], [ 121.522743225, 0.905843617, 0.0 ], [ 121.583331509, 0.910269036, 0.0 ], [ 121.582732041, 0.894772499, 0.0 ], [ 121.552595776, 0.878305571, 0.0 ] ] ] ] } },
{ "type": "Feature", "properties": { "id": 10001, "pbph": null, "kph": "KPH Gunung Dako", "provinsi": "Sulawesi Tengah", "fungsi": "HPT" }, "geometry": { "type": "MultiPolygon", "coordinates": [ [ [ [ 121.093178211, 1.214473072, 0.0 ], [ 121.069336857, 1.192940096, 0.0 ], [ 121.045800672, 1.20400061, 0.0 ], [ 121.038427617, 1.192602981, 0.0 ], [ 121.059380113, 1.168565876, 0.0 ], [ 121.005695375, 1.146647556, 0.0 ], [ 120.98440966, 1.117806531, 0.0 ], [ 120.928275959, 1.133376016, 0.0 ], [ 120.908709291, 1.107832228, 0.0 ], [ 120.863761902, 1.168085337, 0.0 ], [ 120.877866001, 1.193105, 0.0 ], [ 120.873670975, 1.222380257, 0.0 ], [ 120.859077303, 1.214553144, 0.0 ], [ 120.856163378, 1.225149133, 0.0 ], [ 120.872686128, 1.246735092, 0.0 ], [ 120.864254144, 1.267275402, 0.0 ], [ 120.885860517, 1.278019602, 0.0 ], [ 120.89412442, 1.23178174, 0.0 ], [ 120.923218194, 1.200203062, 0.0 ], [ 120.921032946, 1.144801256, 0.0 ], [ 120.933735223, 1.136535628, 0.0 ], [ 120.978362591, 1.178191328, 0.0 ], [ 120.958746378, 1.184297863, 0.0 ], [ 120.926615135, 1.267077955, 0.0 ], [ 120.959742976, 1.267116652, 0.0 ], [ 120.962671815, 1.233957817, 0.0 ], [ 121.01590397, 1.270196735, 0.0 ], [ 121.059795409, 1.252357151, 0.0 ], [ 121.093178211, 1.214473072, 0.0 ] ] ] ] } },
{ "type": "Feature", "properties": { "id": 10004, "pbph": null, "kph": "KPH Dampelas Tinombo", "provinsi": "Sulawesi Tengah", "fungsi": "HPT" }, "geometry": { "type": "MultiPolygon", "coordinates": [ [ [ [ 119.93520889, 0.095742716, 0.0 ], [ 119.934155577, 0.041653697, 0.0 ], [ 119.913514017, 0.081872388, 0.0 ], [ 119.93520889, 0.095742716, 0.0 ] ] ] ] } },
{ "type": "Feature", "properties": { "id": 10005, "pbph": null, "kph": "KPH Dampelas Tinombo", "provinsi": "Sulawesi Tengah", "fungsi": "HPT" }, "geometry": { "type": "MultiPolygon", "coordinates": [ [ [ [ 120.23737196, 0.399224545, 0.0 ], [ 120.223060033, 0.36845514, 0.0 ], [ 120.181941559, 0.386007383, 0.0 ], [ 120.168310284, 0.377342505, 0.0 ], [ 120.201960594, 0.318989444, 0.0 ], [ 120.124809208, 0.314960864, 0.0 ], [ 120.125225614, 0.288429874, 0.0 ], [ 120.165933609, 0.258611679, 0.0 ], [ 120.124513626, 0.235376358, 0.0 ], [ 120.06056925, 0.149638854, 0.0 ], [ 120.067351379, 0.191384722, 0.0 ], [ 120.092202675, 0.204886816, 0.0 ], [ 120.082590067, 0.268072264, 0.0 ], [ 120.119079582, 0.364679854, 0.0 ], [ 120.172842288, 0.329295675, 0.0 ], [ 120.148233617, 0.390922377, 0.0 ], [ 120.195231341, 0.412830991, 0.0 ], [ 120.23737196, 0.399224545, 0.0 ] ] ] ] } },
{ "type": "Feature", "properties": { "id": 10008, "pbph": null, "kph": "KPH Dampelas Tinombo", "provinsi": "Sulawesi Tengah", "fungsi": "HPT" }, "geometry": { "type": "MultiPolygon", "coordinates": [ [ [ [ 120.028420479, 0.116429498, 0.0 ], [ 120.003014566, 0.123834629, 0.0 ], [ 120.03152791, 0.12728729, 0.0 ], [ 120.028420479, 0.116429498, 0.0 ] ] ] ] } },
{ "type": "Feature", "properties": { "id": 10015, "pbph": null, "kph": "KPH Pogogul", "provinsi": "Sulawesi Tengah", "fungsi": "HPK" }, "geometry": { "type": "MultiPolygon", "coordinates": [ [ [ [ 121.851486206, 1.044053078, 0.0 ], [ 121.80216624, 1.038141259, 0.0 ], [ 121.769864568, 1.059722056, 0.0 ], [ 121.839950562, 1.06925428, 0.0 ], [ 121.851486206, 1.044053078, 0.0 ] ] ] ] } },
{ "type": "Feature", "properties": { "id": 10017, "pbph": null, "kph": "KPH Pogogul", "provinsi": "Sulawesi Tengah", "fungsi": "HPK" }, "geometry": { "type": "MultiPolygon", "coordinates": [ [ [ [ 121.585294742, 0.968887748, 0.0 ], [ 121.56408367, 0.934580332, 0.0 ], [ 121.584004289, 0.905625575, 0.0 ], [ 121.523773193, 0.906054081, 0.0 ], [ 121.496066919, 0.887967565, 0.0 ], [ 121.497208044, 0.9266165, 0.0 ], [ 121.563287195, 0.945764754, 0.0 ], [ 121.560348459, 0.972602912, 0.0 ], [ 121.585294742, 0.968887748, 0.0 ] ] ] ] } },
{ "type": "Feature", "properties": { "id": 10018, "pbph": null, "kph": "KPH Pogogul", "provinsi": "Sulawesi Tengah", "fungsi": "HPK" }, "geometry": { "type": "MultiPolygon", "coordinates": [ [ [ [ 121.383071899, 0.942728758, 0.0 ], [ 121.387962341, 0.918580831, 0.0 ], [ 121.424593434, 0.904976703, 0.0 ], [ 121.449723321, 0.922357999, 0.0 ], [ 121.415683503, 0.90494118, 0.0 ], [ 121.427544337, 0.885069678, 0.0 ], [ 121.417241316, 0.898416781, 0.0 ], [ 121.373443604, 0.893717826, 0.0 ], [ 121.314506001, 0.932858, 0.0 ], [ 121.219589052, 0.877670163, 0.0 ], [ 121.180903993, 0.881105337, 0.0 ], [ 121.274957902, 0.919172471, 0.0 ], [ 121.300342013, 0.951662653, 0.0 ], [ 121.351428764, 0.924042312, 0.0 ], [ 121.370787356, 0.923723586, 0.0 ], [ 121.374984346, 0.961292279, 0.0 ], [ 121.389494542, 0.956434454, 0.0 ], [ 121.383071899, 0.942728758, 0.0 ] ] ] ] } },
{ "type": "Feature", "properties": { "id": 10038, "pbph": null, "kph": "KPH Dolago Tanggunung", "provinsi": "Sulawesi Tengah", "fungsi": "HL" }, "geometry": { "type": "MultiPolygon", "coordinates": [ [ [ [ 119.946383505, -0.245981169, 0.0 ], [ 119.955816277, -0.274084149, 0.0 ], [ 119.969289564, -0.255821584, 0.0 ], [ 119.977350493, -0.264214971, 0.0 ], [ 119.985264274, -0.304288811, 0.0 ], [ 119.971735321, -0.281138221, 0.0 ], [ 119.952149821, -0.300805589, 0.0 ], [ 119.917334787, -0.297527768, 0.0 ], [ 119.912449476, -0.237911833, 0.0 ], [ 119.924295883, -0.226015788, 0.0 ], [ 119.946383505, -0.245981169, 0.0 ] ] ] ] } },
{ "type": "Feature", "properties": { "id": 10039, "pbph": null, "kph": "KPH Dolago Tanggunung", "provinsi": "Sulawesi Tengah", "fungsi": "HPT" }, "geometry": { "type": "MultiPolygon", "coordinates": [ [ [ [ 119.905802156, -0.215282136, 0.0 ], [ 119.887431222, -0.270165865, 0.0 ], [ 119.903532709, -0.303932091, 0.0 ], [ 119.92657472, -0.303325177, 0.0 ], [ 119.927507685, -0.333737948, 0.0 ], [ 119.910141011, -0.369869706, 0.0 ], [ 119.87798171, -0.374575491, 0.0 ], [ 119.848884608, -0.412534645, 0.0 ], [ 119.832500355, -0.472455133, 0.0 ], [ 119.847929279, -0.517293786, 0.0 ], [ 119.868733154, -0.522740771, 0.0 ], [ 119.860925532, -0.54628035, 0.0 ], [ 119.887231105, -0.55610418, 0.0 ], [ 119.901161116, -0.624128751, 0.0 ], [ 119.932996281, -0.622839492, 0.0 ], [ 119.946654461, -0.597012924, 0.0 ], [ 119.97296099, -0.608800579, 0.0 ], [ 119.971313305, -0.649351024, 0.0 ], [ 119.987221703, -0.665712202, 0.0 ], [ 120.019635562, -0.642095338, 0.0 ], [ 120.031146027, -0.695807267, 0.0 ], [ 119.98698139, -0.728416387, 0.0 ], [ 119.95691681, -0.712035476, 0.0 ], [ 119.931823731, -0.722017615, 0.0 ], [ 119.960411078, -0.709873787, 0.0 ], [ 119.940449208, -0.714880631, 0.0 ], [ 119.959215597, -0.688107703, 0.0 ], [ 119.925674151, -0.698885028, 0.0 ], [ 119.902437608, -0.67190941, 0.0 ], [ 119.92498951, -0.642873933, 0.0 ], [ 119.891586096, -0.642903446, 0.0 ], [ 119.925399782, -0.634717107, 0.0 ], [ 119.887810218, -0.644248569, 0.0 ], [ 119.866663777, -0.633254202, 0.0 ], [ 119.870330805, -0.613584031, 0.0 ], [ 119.848245709, -0.604222376, 0.0 ], [ 119.846889892, -0.586804423, 0.0 ], [ 119.866355896, -0.579936325, 0.0 ], [ 119.843465634, -0.576931423, 0.0 ], [ 119.832056338, -0.556845833, 0.0 ], [ 119.843963288, -0.513348319, 0.0 ], [ 119.82792453, -0.506460365, 0.0 ], [ 119.839614869, -0.495775014, 0.0 ], [ 119.804147247, -0.486316962, 0.0 ], [ 119.841016179, -0.431703172, 0.0 ], [ 119.806603187, -0.394881909, 0.0 ], [ 119.805962348, -0.371340283, 0.0 ], [ 119.859085083, -0.380428492, 0.0 ], [ 119.809748321, -0.369736119, 0.0 ], [ 119.822761536, -0.360407173, 0.0 ], [ 119.811561651, -0.361413909, 0.0 ], [ 119.822134421, -0.313242414, 0.0 ], [ 119.866169776, -0.292337476, 0.0 ], [ 119.875368397, -0.340407584, 0.0 ], [ 119.86076355, -0.278262347, 0.0 ], [ 119.880298304, -0.229574751, 0.0 ], [ 119.905802156, -0.215282136, 0.0 ] ], [ [ 119.873283386, -0.340407431, 0.0 ], [ 119.857978822, -0.341622382, 0.0 ], [ 119.86430359, -0.370647788, 0.0 ], [ 119.873283386, -0.340407431, 0.0 ] ], [ [ 119.954170227, -0.649639129, 0.0 ], [ 119.952041627, -0.628127813, 0.0 ], [ 119.92679596, -0.635326505, 0.0 ], [ 119.954170227, -0.649639129, 0.0 ] ] ] ] } },
{ "type": "Feature", "properties": { "id": 10040, "pbph": null, "kph": "KPH Dolago Tanggunung", "provinsi": "Sulawesi Tengah", "fungsi": "HPT" }, "geometry": { "type": "MultiPolygon", "coordinates": [ [ [ [ 119.865333557, -0.2624574, 0.0 ], [ 119.868370056, -0.290540277, 0.0 ], [ 119.846722496, -0.306049873, 0.0 ], [ 119.834391295, -0.285533547, 0.0 ], [ 119.842810856, -0.262276718, 0.0 ], [ 119.865333557, -0.2624574, 0.0 ] ] ] ] } },
{ "type": "Feature", "properties": { "id": 10090, "pbph": null, "kph": "KPH Tepo Asa Aroa", "provinsi": "Sulawesi Tengah", "fungsi": "HL" }, "geometry": { "type": "MultiPolygon", "coordinates": [ [ [ [ 120.812194248, -2.223821198, 0.0 ], [ 120.779864252, -2.22812993, 0.0 ], [ 120.779916461, -2.213575051, 0.0 ], [ 120.812194248, -2.223821198, 0.0 ] ] ] ] } },
{ "type": "Feature", "properties": { "id": 10131, "pbph": null, "kph": "KPH Sintuwu Maroso", "provinsi": "Sulawesi Tengah", "fungsi": "HPT" }, "geometry": { "type": "MultiPolygon", "coordinates": [ [ [ [ 120.434909811, -1.538883985, 0.0 ], [ 120.446563732, -1.559785381, 0.0 ], [ 120.435080642, -1.588520369, 0.0 ], [ 120.405583616, -1.587098781, 0.0 ], [ 120.434909811, -1.538883985, 0.0 ] ] ] ] } },
{ "type": "Feature", "properties": { "id": 10132, "pbph": null, "kph": "KPH Sintuwu Maroso", "provinsi": "Sulawesi Tengah", "fungsi": "HPK" }, "geometry": { "type": "MultiPolygon", "coordinates": [ [ [ [ 120.402961735, -1.592692974, 0.0 ], [ 120.433892486, -1.589968577, 0.0 ], [ 120.42599, -1.62181, 0.0 ], [ 120.408834144, -1.654590788, 0.0 ], [ 120.368776763, -1.672739007, 0.0 ], [ 120.343287434, -1.642539861, 0.0 ], [ 120.36465388, -1.626316741, 0.0 ], [ 120.355139106, -1.607186962, 0.0 ], [ 120.391288752, -1.599736574, 0.0 ], [ 120.397355438, -1.578712094, 0.0 ], [ 120.402961735, -1.592692974, 0.0 ] ] ] ] } },
{ "type": "Feature", "properties": { "id": 10125, "pbph": null, "kph": "KPH Sintuwu Maroso", "provinsi": "Sulawesi Tengah", "fungsi": "HPT" }, "geometry": { "type": "MultiPolygon", "coordinates": [ [ [ [ 120.419666366, -1.59111992, 0.0 ], [ 120.40327454, -1.592955475, 0.0 ], [ 120.403431001, -1.580125, 0.0 ], [ 120.419666366, -1.59111992, 0.0 ] ] ] ] } },
{ "type": "Feature", "properties": { "id": 10152, "pbph": null, "kph": "KPH Sintuwu Maroso", "provinsi": "Sulawesi Tengah", "fungsi": "HPT" }, "geometry": { "type": "MultiPolygon", "coordinates": [ [ [ [ 120.285639315, -1.248070318, 0.0 ], [ 120.272875039, -1.2260191, 0.0 ], [ 120.289800309, -1.204338897, 0.0 ], [ 120.298321077, -1.227786361, 0.0 ], [ 120.285639315, -1.248070318, 0.0 ] ] ] ] } },
{ "type": "Feature", "properties": { "id": 10171, "pbph": null, "kph": "KPH Sintuwu Maroso", "provinsi": "Sulawesi Tengah", "fungsi": "HL" }, "geometry": { "type": "MultiPolygon", "coordinates": [ [ [ [ 120.385243979, -1.264073881, 0.0 ], [ 120.30589488, -1.272717411, 0.0 ], [ 120.285639315, -1.248070318, 0.0 ], [ 120.298321077, -1.227786361, 0.0 ], [ 120.289800309, -1.204338897, 0.0 ], [ 120.303452128, -1.196820644, 0.0 ], [ 120.385243979, -1.264073881, 0.0 ] ] ] ] } },
{ "type": "Feature", "properties": { "id": 10172, "pbph": null, "kph": "KPH Sintuwu Maroso", "provinsi": "Sulawesi Tengah", "fungsi": "HPT" }, "geometry": { "type": "MultiPolygon", "coordinates": [ [ [ [ 120.496399907, -1.401523396, 0.0 ], [ 120.47251, -1.428129, 0.0 ], [ 120.479194879, -1.549417411, 0.0 ], [ 120.465994879, -1.581063511, 0.0 ], [ 120.454490489, -1.573939022, 0.0 ], [ 120.441621417, -1.58857503, 0.0 ], [ 120.446563732, -1.559785381, 0.0 ], [ 120.436164424, -1.529720948, 0.0 ], [ 120.425498964, -1.537227628, 0.0 ], [ 120.433143621, -1.524203894, 0.0 ], [ 120.413678708, -1.485453056, 0.0 ], [ 120.431965464, -1.471325721, 0.0 ], [ 120.421942499, -1.437778644, 0.0 ], [ 120.374885761, -1.43430605, 0.0 ], [ 120.352798653, -1.410421872, 0.0 ], [ 120.387486554, -1.38466019, 0.0 ], [ 120.410360997, -1.3378528, 0.0 ], [ 120.393999042, -1.270821574, 0.0 ], [ 120.473494881, -1.31441741, 0.0 ], [ 120.464194879, -1.36211741, 0.0 ], [ 120.498294879, -1.383017411, 0.0 ], [ 120.496399907, -1.401523396, 0.0 ] ] ] ] } },
{ "type": "Feature", "properties": { "id": 10156, "pbph": null, "kph": "KPH Sintuwu Maroso", "provinsi": "Sulawesi Tengah", "fungsi": "HPT" }, "geometry": { "type": "MultiPolygon", "coordinates": [ [ [ [ 120.39148155, -1.203919246, 0.0 ], [ 120.37955475, -1.214608072, 0.0 ], [ 120.348934595, -1.187372498, 0.0 ], [ 120.39148155, -1.203919246, 0.0 ] ] ] ] } },
{ "type": "Feature", "properties": { "id": 10165, "pbph": null, "kph": "KPH Tepo Asa Aroa", "provinsi": "Sulawesi Tengah", "fungsi": "HL" }, "geometry": { "type": "MultiPolygon", "coordinates": [ [ [ [ 121.050761945, -2.265765887, 0.0 ], [ 121.034699904, -2.275545739, 0.0 ], [ 121.010147585, -2.262068709, 0.0 ], [ 121.04314873, -2.24885298, 0.0 ], [ 121.050761945, -2.265765887, 0.0 ] ] ] ] } },
{ "type": "Feature", "properties": { "id": 10166, "pbph": null, "kph": "KPH Sintuwu Maroso", "provinsi": "Sulawesi Tengah", "fungsi": "HL" }, "geometry": { "type": "MultiPolygon", "coordinates": [ [ [ [ 120.386839138, -1.265525632, 0.0 ], [ 120.409302494, -1.298544639, 0.0 ], [ 120.409733071, -1.339413644, 0.0 ], [ 120.385513072, -1.386454264, 0.0 ], [ 120.330134175, -1.39689994, 0.0 ], [ 120.319444276, -1.377732574, 0.0 ], [ 120.346319836, -1.350127367, 0.0 ], [ 120.359476108, -1.355305243, 0.0 ], [ 120.370088738, -1.313220148, 0.0 ], [ 120.296788061, -1.265681275, 0.0 ], [ 120.386839138, -1.265525632, 0.0 ] ] ] ] } },
{ "type": "Feature", "properties": { "id": 10222, "pbph": null, "kph": "KPH UNIT III KEP. SANGIHE, KEP. TALAUD, DAN KEP. SIAU TAGULANDANG BIARO", "provinsi": "Sulawesi Utara", "fungsi": "HL" }, "geometry": { "type": "MultiPolygon", "coordinates": [ [ [ [ 125.385911711, 2.73742261, 0.0 ], [ 125.400830528, 2.719907518, 0.0 ], [ 125.368882285, 2.70998227, 0.0 ], [ 125.364897112, 2.739706672, 0.0 ], [ 125.385911711, 2.73742261, 0.0 ] ] ] ] } },
{ "type": "Feature", "properties": { "id": 10223, "pbph": null, "kph": "KPH UNIT III KEP. SANGIHE, KEP. TALAUD, DAN KEP. SIAU TAGULANDANG BIARO", "provinsi": "Sulawesi Utara", "fungsi": "HL" }, "geometry": { "type": "MultiPolygon", "coordinates": [ [ [ [ 126.756826796, 4.034761252, 0.0 ], [ 126.753928488, 4.012147734, 0.0 ], [ 126.741139097, 4.021481781, 0.0 ], [ 126.756826796, 4.034761252, 0.0 ] ] ] ] } },
{ "type": "Feature", "properties": { "id": 10224, "pbph": null, "kph": "KPH UNIT III KEP. SANGIHE, KEP. TALAUD, DAN KEP. SIAU TAGULANDANG BIARO", "provinsi": "Sulawesi Utara", "fungsi": "HL" }, "geometry": { "type": "MultiPolygon", "coordinates": [ [ [ [ 126.785340679, 4.085153104, 0.0 ], [ 126.789286614, 4.050369241, 0.0 ], [ 126.750334479, 4.042354595, 0.0 ], [ 126.768438888, 4.087271458, 0.0 ], [ 126.785340679, 4.085153104, 0.0 ] ] ] ] } },
{ "type": "Feature", "properties": { "id": 10226, "pbph": null, "kph": "KPH UNIT III KEP. SANGIHE, KEP. TALAUD, DAN KEP. SIAU TAGULANDANG BIARO", "provinsi": "Sulawesi Utara", "fungsi": "HL" }, "geometry": { "type": "MultiPolygon", "coordinates": [ [ [ [ 126.748607942, 4.006016226, 0.0 ], [ 126.715970814, 4.016957997, 0.0 ], [ 126.714646182, 4.03263888, 0.0 ], [ 126.729309299, 4.035247683, 0.0 ], [ 126.748607942, 4.006016226, 0.0 ] ] ] ] } },
{ "type": "Feature", "properties": { "id": 10233, "pbph": null, "kph": "KPH UNIT III KEP. SANGIHE, KEP. TALAUD, DAN KEP. SIAU TAGULANDANG BIARO", "provinsi": "Sulawesi Utara", "fungsi": "HL" }, "geometry": { "type": "MultiPolygon", "coordinates": [ [ [ [ 125.570038979, 3.434686094, 0.0 ], [ 125.584298703, 3.441527584, 0.0 ], [ 125.589076875, 3.427793633, 0.0 ], [ 125.570038979, 3.434686094, 0.0 ] ] ] ] } },
{ "type": "Feature", "properties": { "id": 10323, "pbph": null, "kph": "KPH UNIT III KEP. SANGIHE, KEP. TALAUD, DAN KEP. SIAU TAGULANDANG BIARO", "provinsi": "Sulawesi Utara", "fungsi": "HPT" }, "geometry": { "type": "MultiPolygon", "coordinates": [ [ [ [ 126.68622636, 3.931458903, 0.0 ], [ 126.688853802, 3.916169082, 0.0 ], [ 126.674714966, 3.914062717, 0.0 ], [ 126.672901625, 3.941813386, 0.0 ], [ 126.68622636, 3.931458903, 0.0 ] ] ] ] } },
{ "type": "Feature", "properties": { "id": 10324, "pbph": null, "kph": "KPH UNIT III KEP. SANGIHE, KEP. TALAUD, DAN KEP. SIAU TAGULANDANG BIARO", "provinsi": "Sulawesi Utara", "fungsi": "HPT" }, "geometry": { "type": "MultiPolygon", "coordinates": [ [ [ [ 126.632311883, 4.017263152, 0.0 ], [ 126.639573829, 3.98412623, 0.0 ], [ 126.62330045, 4.00313943, 0.0 ], [ 126.632311883, 4.017263152, 0.0 ] ] ] ] } },
{ "type": "Feature", "properties": { "id": 10452, "pbph": null, "kph": "KPH UNIT III KEP. SANGIHE, KEP. TALAUD, DAN KEP. SIAU TAGULANDANG BIARO", "provinsi": "Sulawesi Utara", "fungsi": "HL" }, "geometry": { "type": "MultiPolygon", "coordinates": [ [ [ [ 125.562351075, 3.58940689, 0.0 ], [ 125.568780275, 3.576832881, 0.0 ], [ 125.554272036, 3.575571923, 0.0 ], [ 125.562351075, 3.58940689, 0.0 ] ] ] ] } },
{ "type": "Feature", "properties": { "id": 10322, "pbph": null, "kph": "KPH UNIT III KEP. SANGIHE, KEP. TALAUD, DAN KEP. SIAU TAGULANDANG BIARO", "provinsi": "Sulawesi Utara", "fungsi": "HPT" }, "geometry": { "type": "MultiPolygon", "coordinates": [ [ [ [ 126.79655665, 3.808879918, 0.0 ], [ 126.806247631, 3.757845832, 0.0 ], [ 126.775768253, 3.78733114, 0.0 ], [ 126.778303922, 3.804439226, 0.0 ], [ 126.79655665, 3.808879918, 0.0 ] ] ] ] } },
{ "type": "Feature", "properties": { "id": 10382, "pbph": null, "kph": "KPH UNIT III KEP. SANGIHE, KEP. TALAUD, DAN KEP. SIAU TAGULANDANG BIARO", "provinsi": "Sulawesi Utara", "fungsi": "HL" }, "geometry": { "type": "MultiPolygon", "coordinates": [ [ [ [ 125.426469944, 3.721377295, 0.0 ], [ 125.46913166, 3.696831734, 0.0 ], [ 125.481332247, 3.718440031, 0.0 ], [ 125.495662095, 3.671623193, 0.0 ], [ 125.468593561, 3.652651077, 0.0 ], [ 125.422264693, 3.652448882, 0.0 ], [ 125.401840072, 3.703414592, 0.0 ], [ 125.426469944, 3.721377295, 0.0 ] ] ] ] } },
{ "type": "Feature", "properties": { "id": 10383, "pbph": null, "kph": "KPH UNIT III KEP. SANGIHE, KEP. TALAUD, DAN KEP. SIAU TAGULANDANG BIARO", "provinsi": "Sulawesi Utara", "fungsi": "HL" }, "geometry": { "type": "MultiPolygon", "coordinates": [ [ [ [ 125.373935251, 2.679932222, 0.0 ], [ 125.370317502, 2.691146678, 0.0 ], [ 125.388428993, 2.694579017, 0.0 ], [ 125.398060454, 2.66373799, 0.0 ], [ 125.383658398, 2.656561263, 0.0 ], [ 125.373935251, 2.679932222, 0.0 ] ] ] ] } },
{ "type": "Feature", "properties": { "id": 10477, "pbph": null, "kph": "KPH Tepe Asa Moroso", "provinsi": "Sulawesi Tengah", "fungsi": "HPT" }, "geometry": { "type": "MultiPolygon", "coordinates": [ [ [ [ 122.511445511, -3.088857581, 0.0 ], [ 122.497173836, -3.087267675, 0.0 ], [ 122.498938798, -3.07321282, 0.0 ], [ 122.511445511, -3.088857581, 0.0 ] ] ] ] } },
{ "type": "Feature", "properties": { "id": 10478, "pbph": null, "kph": "KPH Tepe Asa Moroso", "provinsi": "Sulawesi Tengah", "fungsi": "HPT" }, "geometry": { "type": "MultiPolygon", "coordinates": [ [ [ [ 122.406051401, -3.042543914, 0.0 ], [ 122.395301819, -3.030455589, 0.0 ], [ 122.41694641, -3.048242092, 0.0 ], [ 122.406051401, -3.042543914, 0.0 ] ] ] ] } },
{ "type": "Feature", "properties": { "id": 10491, "pbph": null, "kph": "KPH Tepe Asa Moroso", "provinsi": "Sulawesi Tengah", "fungsi": "HPT" }, "geometry": { "type": "MultiPolygon", "coordinates": [ [ [ [ 123.156731624, -3.620371015, 0.0 ], [ 123.123348569, -3.611258251, 0.0 ], [ 123.118198123, -3.639738538, 0.0 ], [ 123.10567077, -3.639308224, 0.0 ], [ 123.071985196, -3.623346963, 0.0 ], [ 123.054336281, -3.591324144, 0.0 ], [ 123.126003743, -3.584630612, 0.0 ], [ 123.168912652, -3.607801116, 0.0 ], [ 123.145487489, -3.609366121, 0.0 ], [ 123.156731624, -3.620371015, 0.0 ] ] ] ] } },
{ "type": "Feature", "properties": { "id": 10496, "pbph": null, "kph": "KPH Tepe Asa Moroso", "provinsi": "Sulawesi Tengah", "fungsi": "HPT" }, "geometry": { "type": "MultiPolygon", "coordinates": [ [ [ [ 121.938862047, -2.659641537, 0.0 ], [ 121.907475406, -2.684225049, 0.0 ], [ 121.911645889, -2.707128525, 0.0 ], [ 121.964712143, -2.776510239, 0.0 ], [ 122.027864456, -2.808204651, 0.0 ], [ 122.072273902, -2.806311958, 0.0 ], [ 122.052545547, -2.851629257, 0.0 ], [ 122.090024948, -2.863342285, 0.0 ], [ 122.095977783, -2.882252931, 0.0 ], [ 122.065811157, -2.924688815, 0.0 ], [ 122.069389343, -2.94216895, 0.0 ], [ 122.122756958, -2.927378177, 0.0 ], [ 122.121009827, -2.885411263, 0.0 ], [ 122.138442993, -2.886349201, 0.0 ], [ 122.141136169, -2.917420148, 0.0 ], [ 122.160118103, -2.895247936, 0.0 ], [ 122.213559593, -2.914898052, 0.0 ], [ 122.265351591, -2.893045613, 0.0 ], [ 122.297786114, -2.910080192, 0.0 ], [ 122.241871305, -2.993598666, 0.0 ], [ 122.187530518, -2.968294858, 0.0 ], [ 122.138961793, -2.986974715, 0.0 ], [ 122.178283691, -3.014069319, 0.0 ], [ 122.191754916, -3.00246759, 0.0 ], [ 122.203095149, -3.03338813, 0.0 ], [ 122.229586521, -3.038704876, 0.0 ], [ 122.236821818, -3.02537317, 0.0 ], [ 122.26984961, -3.063358481, 0.0 ], [ 122.301926357, -3.061574477, 0.0 ], [ 122.332316279, -3.127238568, 0.0 ], [ 122.376491492, -3.14580853, 0.0 ], [ 122.322182805, -3.182445074, 0.0 ], [ 122.317498357, -3.200862622, 0.0 ], [ 122.307090001, -3.14798, 0.0 ], [ 122.266184697, -3.142977353, 0.0 ], [ 122.264783986, -3.100993721, 0.0 ], [ 122.191015131, -3.068641691, 0.0 ], [ 122.176545259, -3.030011067, 0.0 ], [ 122.132388634, -3.022120972, 0.0 ], [ 122.137946446, -3.061887312, 0.0 ], [ 122.09595, -3.08941, 0.0 ], [ 122.035268311, -3.071831421, 0.0 ], [ 122.038655395, -3.052309846, 0.0 ], [ 122.002235119, -3.043301215, 0.0 ], [ 122.008520126, -3.01842308, 0.0 ], [ 121.969766617, -3.03427124, 0.0 ], [ 121.962869439, -3.013864595, 0.0 ], [ 122.01307106, -2.994140625, 0.0 ], [ 122.015748978, -2.95993042, 0.0 ], [ 122.051549911, -2.953464508, 0.0 ], [ 122.043985367, -2.920314789, 0.0 ], [ 121.958322525, -2.933637619, 0.0 ], [ 121.941148758, -2.917749405, 0.0 ], [ 121.935731888, -2.874403, 0.0 ], [ 121.91201973, -2.860174179, 0.0 ], [ 121.892077653, -2.871733878, 0.0 ], [ 121.855199814, -2.805322647, 0.0 ], [ 121.818446662, -2.807941448, 0.0 ], [ 121.813047409, -2.785188675, 0.0 ], [ 121.744732968, -2.75194207, 0.0 ], [ 121.756657038, -2.70974083, 0.0 ], [ 121.800691605, -2.700229645, 0.0 ], [ 121.846788406, -2.654363632, 0.0 ], [ 121.938862047, -2.659641537, 0.0 ] ] ] ] } },
{ "type": "Feature", "properties": { "id": 10497, "pbph": null, "kph": "KPH Tepe Asa Moroso", "provinsi": "Sulawesi Tengah", "fungsi": "HPT" }, "geometry": { "type": "MultiPolygon", "coordinates": [ [ [ [ 121.931434632, -2.637719153, 0.0 ], [ 121.92822327, -2.617206472, 0.0 ], [ 121.943405151, -2.61020875, 0.0 ], [ 121.95855713, -2.634404898, 0.0 ], [ 121.931434632, -2.637719153, 0.0 ] ] ] ] } },
{ "type": "Feature", "properties": { "id": 10504, "pbph": null, "kph": "KPH Tepe Asa Moroso", "provinsi": "Sulawesi Tengah", "fungsi": "HL" }, "geometry": { "type": "MultiPolygon", "coordinates": [ [ [ [ 122.276718618, -2.886873869, 0.0 ], [ 122.246948242, -2.882809638, 0.0 ], [ 122.218752847, -2.902635388, 0.0 ], [ 122.250386711, -2.878054561, 0.0 ], [ 122.276718618, -2.886873869, 0.0 ] ] ] ] } },
{ "type": "Feature", "properties": { "id": 10498, "pbph": null, "kph": "KPH Tepe Asa Moroso", "provinsi": "Sulawesi Tengah", "fungsi": "HPK" }, "geometry": { "type": "MultiPolygon", "coordinates": [ [ [ [ 122.203601971, -2.984289796, 0.0 ], [ 122.191132256, -2.991541456, 0.0 ], [ 122.184275471, -2.973110213, 0.0 ], [ 122.178283691, -3.014069319, 0.0 ], [ 122.138961793, -2.986974715, 0.0 ], [ 122.187530518, -2.968294858, 0.0 ], [ 122.203601971, -2.984289796, 0.0 ] ] ] ] } },
{ "type": "Feature", "properties": { "id": 10499, "pbph": null, "kph": "KPH Tepe Asa Moroso", "provinsi": "Sulawesi Tengah", "fungsi": "HPK" }, "geometry": { "type": "MultiPolygon", "coordinates": [ [ [ [ 122.077086673, -2.817542764, 0.0 ], [ 122.084379, -2.826575, 0.0 ], [ 122.063512381, -2.845893488, 0.0 ], [ 122.078115331, -2.853851965, 0.0 ], [ 122.11576526, -2.81821423, 0.0 ], [ 122.133330601, -2.817783036, 0.0 ], [ 122.100198525, -2.836541469, 0.0 ], [ 122.145135173, -2.82660426, 0.0 ], [ 122.16133565, -2.841053863, 0.0 ], [ 122.145629884, -2.862710953, 0.0 ], [ 122.144668579, -2.916495322, 0.0 ], [ 122.137245178, -2.885090112, 0.0 ], [ 122.099411011, -2.886488913, 0.0 ], [ 122.090024948, -2.863342285, 0.0 ], [ 122.058492661, -2.863594055, 0.0 ], [ 122.055507103, -2.836862494, 0.0 ], [ 122.077086673, -2.817542764, 0.0 ] ] ] ] } },
{ "type": "Feature", "properties": { "id": 10500, "pbph": null, "kph": "KPH Tepe Asa Moroso", "provinsi": "Sulawesi Tengah", "fungsi": "HPK" }, "geometry": { "type": "MultiPolygon", "coordinates": [ [ [ [ 121.88538861, -2.863943626, 0.0 ], [ 121.845158629, -2.878936835, 0.0 ], [ 121.834640504, -2.863023281, 0.0 ], [ 121.739570618, -2.859955788, 0.0 ], [ 121.742607117, -2.894638062, 0.0 ], [ 121.718330383, -2.892109155, 0.0 ], [ 121.703016281, -2.914474487, 0.0 ], [ 121.683501852, -2.903090463, 0.0 ], [ 121.691245968, -2.882319291, 0.0 ], [ 121.685422071, -2.865741171, 0.0 ], [ 121.672587329, -2.868974936, 0.0 ], [ 121.669813143, -2.842639446, 0.0 ], [ 121.693792709, -2.816836392, 0.0 ], [ 121.719775736, -2.814146089, 0.0 ], [ 121.72216166, -2.768347459, 0.0 ], [ 121.744732968, -2.75194207, 0.0 ], [ 121.813047409, -2.785188675, 0.0 ], [ 121.818446662, -2.807941448, 0.0 ], [ 121.855199814, -2.805322647, 0.0 ], [ 121.88538861, -2.863943626, 0.0 ] ] ] ] } },
{ "type": "Feature", "properties": { "id": 10501, "pbph": null, "kph": "KPH Tepe Asa Moroso", "provinsi": "Sulawesi Tengah", "fungsi": "HPK" }, "geometry": { "type": "MultiPolygon", "coordinates": [ [ [ [ 122.072273902, -2.806311958, 0.0 ], [ 122.027864456, -2.808204651, 0.0 ], [ 121.965402436, -2.777254434, 0.0 ], [ 121.912565231, -2.708726883, 0.0 ], [ 121.910521938, -2.684895501, 0.0 ], [ 121.977760315, -2.714734077, 0.0 ], [ 121.977312373, -2.747649473, 0.0 ], [ 122.003575114, -2.771389554, 0.0 ], [ 121.987130473, -2.778544655, 0.0 ], [ 121.99495697, -2.787057161, 0.0 ], [ 122.067131054, -2.773459439, 0.0 ], [ 122.072273902, -2.806311958, 0.0 ] ] ] ] } },
{ "type": "Feature", "properties": { "id": 10502, "pbph": null, "kph": "KPH Tepe Asa Moroso", "provinsi": "Sulawesi Tengah", "fungsi": "HPK" }, "geometry": { "type": "MultiPolygon", "coordinates": [ [ [ [ 121.980669359, -2.674572822, 0.0 ], [ 121.936809771, -2.6651956, 0.0 ], [ 121.9542272, -2.65412008, 0.0 ], [ 121.980669359, -2.674572822, 0.0 ] ] ] ] } },
{ "type": "Feature", "properties": { "id": 10577, "pbph": null, "kph": "KPH Tepe Asa Moroso", "provinsi": "Sulawesi Tengah", "fungsi": "HP" }, "geometry": { "type": "MultiPolygon", "coordinates": [ [ [ [ 122.177690606, -3.056243221, 0.0 ], [ 122.150594188, -3.039353419, 0.0 ], [ 122.137946446, -3.061887312, 0.0 ], [ 122.132388634, -3.022120972, 0.0 ], [ 122.176545259, -3.030011067, 0.0 ], [ 122.177690606, -3.056243221, 0.0 ] ] ] ] } },
{ "type": "Feature", "properties": { "id": 10578, "pbph": null, "kph": "KPH Tepe Asa Moroso", "provinsi": "Sulawesi Tengah", "fungsi": "HP" }, "geometry": { "type": "MultiPolygon", "coordinates": [ [ [ [ 121.940994975, -2.917249016, 0.0 ], [ 121.889164103, -2.929403158, 0.0 ], [ 121.88833639, -2.959022792, 0.0 ], [ 121.938831741, -2.958614677, 0.0 ], [ 121.898925381, -2.983075221, 0.0 ], [ 121.922418352, -2.989789242, 0.0 ], [ 122.051776975, -2.951347577, 0.0 ], [ 122.015748978, -2.95993042, 0.0 ], [ 122.01307106, -2.994140625, 0.0 ], [ 121.960615158, -3.017938614, 0.0 ], [ 121.975709915, -3.036426544, 0.0 ], [ 122.009412766, -3.018945694, 0.0 ], [ 122.002235119, -3.043301215, 0.0 ], [ 121.953558017, -3.050669492, 0.0 ], [ 121.941244891, -3.028318979, 0.0 ], [ 121.88042683, -2.999248415, 0.0 ], [ 121.871530935, -2.974845012, 0.0 ], [ 121.887453079, -2.973150253, 0.0 ], [ 121.867040634, -2.954105377, 0.0 ], [ 121.844981834, -2.878597509, 0.0 ], [ 121.913011551, -2.860397339, 0.0 ], [ 121.938180923, -2.878866196, 0.0 ], [ 121.940994975, -2.917249016, 0.0 ] ] ] ] } },
{ "type": "Feature", "properties": { "id": 10579, "pbph": null, "kph": "KPH Tepe Asa Moroso", "provinsi": "Sulawesi Tengah", "fungsi": "HP" }, "geometry": { "type": "MultiPolygon", "coordinates": [ [ [ [ 121.750917435, -2.551795959, 0.0 ], [ 121.737657547, -2.541742325, 0.0 ], [ 121.753782272, -2.532073975, 0.0 ], [ 121.750917435, -2.551795959, 0.0 ] ] ] ] } },
{ "type": "Feature", "properties": { "id": 10606, "pbph": null, "kph": "KPH Tepo Asa Aroa", "provinsi": "Sulawesi Tengah", "fungsi": "HP" }, "geometry": { "type": "MultiPolygon", "coordinates": [ [ [ [ 121.62215788, -2.485071156, 0.0 ], [ 121.549942017, -2.446306943, 0.0 ], [ 121.550498962, -2.432957411, 0.0 ], [ 121.581962585, -2.4414227, 0.0 ], [ 121.591062779, -2.423385311, 0.0 ], [ 121.62215788, -2.485071156, 0.0 ] ] ] ] } },
{ "type": "Feature", "properties": { "id": 10618, "pbph": null, "kph": "KPH Tepo Asa Aroa", "provinsi": "Sulawesi Tengah", "fungsi": "HP" }, "geometry": { "type": "MultiPolygon", "coordinates": [ [ [ [ 121.463627853, -2.29983453, 0.0 ], [ 121.50116539, -2.302303314, 0.0 ], [ 121.513422012, -2.319925308, 0.0 ], [ 121.465105057, -2.331418991, 0.0 ], [ 121.463627853, -2.29983453, 0.0 ] ] ] ] } },
{ "type": "Feature", "properties": { "id": 10733, "pbph": null, "kph": "KPH Tepe Asa Moroso", "provinsi": "Sulawesi Tengah", "fungsi": "HP" }, "geometry": { "type": "MultiPolygon", "coordinates": [ [ [ [ 121.555036117, -2.300399398, 0.0 ], [ 121.530294879, -2.256317411, 0.0 ], [ 121.534578323, -2.225269317, 0.0 ], [ 121.558925237, -2.269988205, 0.0 ], [ 121.555036117, -2.300399398, 0.0 ] ] ] ] } },
{ "type": "Feature", "properties": { "id": 10759, "pbph": null, "kph": "KPH Tepo Asa Aroa", "provinsi": "Sulawesi Tengah", "fungsi": "HL" }, "geometry": { "type": "MultiPolygon", "coordinates": [ [ [ [ 121.531664883, -2.258896243, 0.0 ], [ 121.517994879, -2.352417411, 0.0 ], [ 121.548894879, -2.387817411, 0.0 ], [ 121.577894879, -2.39531741, 0.0 ], [ 121.591062779, -2.423385311, 0.0 ], [ 121.582641603, -2.441125153, 0.0 ], [ 121.555610657, -2.430582047, 0.0 ], [ 121.547683716, -2.443481922, 0.0 ], [ 121.621152578, -2.487256209, 0.0 ], [ 121.57001811, -2.491032446, 0.0 ], [ 121.438019161, -2.396058508, 0.0 ], [ 121.461605608, -2.326984435, 0.0 ], [ 121.513715744, -2.31905365, 0.0 ], [ 121.50116539, -2.302303314, 0.0 ], [ 121.463627853, -2.29983453, 0.0 ], [ 121.492556698, -2.253592754, 0.0 ], [ 121.488166257, -2.227698793, 0.0 ], [ 121.531664883, -2.258896243, 0.0 ] ] ] ] } },
{ "type": "Feature", "properties": { "id": 10802, "pbph": "PT SENTRAL PITULEMPA", "kph": null, "provinsi": null, "fungsi": "CA" }, "geometry": { "type": "MultiPolygon", "coordinates": [ [ [ [ 120.199245752, 0.670218366, 0.0 ], [ 120.196066925, 0.653673817, 0.0 ], [ 120.173110962, 0.665812016, 0.0 ], [ 120.199245752, 0.670218366, 0.0 ] ] ] ] } },
{ "type": "Feature", "properties": { "id": 10803, "pbph": "PT SENTRAL PITULEMPA", "kph": null, "provinsi": null, "fungsi": "CA" }, "geometry": { "type": "MultiPolygon", "coordinates": [ [ [ [ 120.269216837, 0.630444753, 0.0 ], [ 120.306539683, 0.635223769, 0.0 ], [ 120.321140004, 0.653428209, 0.0 ], [ 120.305534363, 0.631628871, 0.0 ], [ 120.269216837, 0.630444753, 0.0 ] ] ] ] } },
{ "type": "Feature", "properties": { "id": 10804, "pbph": "PT SENTRAL PITULEMPA", "kph": null, "provinsi": null, "fungsi": "CA" }, "geometry": { "type": "MultiPolygon", "coordinates": [ [ [ [ 120.350169999, 0.744868301, 0.0 ], [ 120.30292511, 0.698358834, 0.0 ], [ 120.31852192, 0.66472141, 0.0 ], [ 120.297733689, 0.702441194, 0.0 ], [ 120.350169999, 0.744868301, 0.0 ] ] ], [ [ [ 120.226940966, 0.65070929, 0.0 ], [ 120.260849648, 0.648196862, 0.0 ], [ 120.256314372, 0.638062784, 0.0 ], [ 120.201705933, 0.650155067, 0.0 ], [ 120.199245752, 0.670218366, 0.0 ], [ 120.226940966, 0.65070929, 0.0 ] ] ] ] } },
{ "type": "Feature", "properties": { "id": 10813, "pbph": "PT SENTRAL PITULEMPA", "kph": "KPH Pogogul", "provinsi": "Sulawesi Tengah", "fungsi": "HPT" }, "geometry": { "type": "MultiPolygon", "coordinates": [ [ [ [ 121.033310462, 0.926816637, 0.0 ], [ 121.018994881, 0.92058259, 0.0 ], [ 121.017841856, 0.9367627, 0.0 ], [ 121.033310462, 0.926816637, 0.0 ] ] ] ] } },
{ "type": "Feature", "properties": { "id": 10809, "pbph": "PT SENTRAL PITULEMPA", "kph": "KPH Gunung Dako", "provinsi": "Sulawesi Tengah", "fungsi": "HP" }, "geometry": { "type": "MultiPolygon", "coordinates": [ [ [ [ 120.874313902, 0.848390608, 0.0 ], [ 120.882152813, 0.839913319, 0.0 ], [ 120.854804993, 0.840809166, 0.0 ], [ 120.830070496, 0.815832853, 0.0 ], [ 120.857627869, 0.819898903, 0.0 ], [ 120.84236145, 0.80593437, 0.0 ], [ 120.797943303, 0.785359251, 0.0 ], [ 120.795238848, 0.818948215, 0.0 ], [ 120.831514359, 0.821210861, 0.0 ], [ 120.825964503, 0.835110844, 0.0 ], [ 120.836985437, 0.824900331, 0.0 ], [ 120.856378, 0.857806, 0.0 ], [ 120.874313902, 0.848390608, 0.0 ] ] ], [ [ [ 120.924899871, 0.815133026, 0.0 ], [ 120.898205161, 0.82183777, 0.0 ], [ 120.914421082, 0.837206721, 0.0 ], [ 120.888581319, 0.846830046, 0.0 ], [ 120.93081665, 0.84956509, 0.0 ], [ 120.924899871, 0.815133026, 0.0 ] ] ] ] } },
{ "type": "Feature", "properties": { "id": 10810, "pbph": "PT SENTRAL PITULEMPA", "kph": "KPH Gunung Dako", "provinsi": "Sulawesi Tengah", "fungsi": "HP" }, "geometry": { "type": "MultiPolygon", "coordinates": [ [ [ [ 120.768857151, 0.79309197, 0.0 ], [ 120.724779709, 0.68143362, 0.0 ], [ 120.66695697, 0.647429599, 0.0 ], [ 120.665934164, 0.728707649, 0.0 ], [ 120.680998763, 0.722911613, 0.0 ], [ 120.689110157, 0.687319054, 0.0 ], [ 120.720947161, 0.721336769, 0.0 ], [ 120.722259166, 0.746061539, 0.0 ], [ 120.683016001, 0.769601284, 0.0 ], [ 120.707080021, 0.784355125, 0.0 ], [ 120.721460204, 0.766570195, 0.0 ], [ 120.762431692, 0.802117602, 0.0 ], [ 120.768857151, 0.79309197, 0.0 ] ] ] ] } },
{ "type": "Feature", "properties": { "id": 10814, "pbph": "PT SENTRAL PITULEMPA", "kph": "KPH Gunung Dako", "provinsi": "Sulawesi Tengah", "fungsi": "HPT" }, "geometry": { "type": "MultiPolygon", "coordinates": [ [ [ [ 121.033648069, 0.890271774, 0.0 ], [ 121.00400703, 0.87980655, 0.0 ], [ 121.019678317, 0.924261723, 0.0 ], [ 121.033310462, 0.926816637, 0.0 ], [ 121.033648069, 0.890271774, 0.0 ] ] ] ] } },
{ "type": "Feature", "properties": { "id": 10815, "pbph": "PT SENTRAL PITULEMPA", "kph": "KPH Gunung Dako", "provinsi": "Sulawesi Tengah", "fungsi": "HPT" }, "geometry": { "type": "MultiPolygon", "coordinates": [ [ [ [ 121.042971127, 0.883773514, 0.0 ], [ 121.056361177, 0.87252151, 0.0 ], [ 121.023094879, 0.870282589, 0.0 ], [ 120.984955732, 0.828496558, 0.0 ], [ 121.005912304, 0.87808845, 0.0 ], [ 121.042971127, 0.883773514, 0.0 ] ] ] ] } },
{ "type": "Feature", "properties": { "id": 10838, "pbph": "PT BINA BALANTAK RAYA", "kph": "KPH Toili Baturube", "provinsi": "Sulawesi Tengah", "fungsi": "HL" }, "geometry": { "type": "MultiPolygon", "coordinates": [ [ [ [ 121.886167041, -1.449586493, 0.0 ], [ 121.870150789, -1.44693764, 0.0 ], [ 121.872157459, -1.427494391, 0.0 ], [ 121.886167041, -1.449586493, 0.0 ] ] ] ] } },
{ "type": "Feature", "properties": { "id": 10871, "pbph": "PT BINA BALANTAK RAYA", "kph": "KPH Toili Baturube", "provinsi": "Sulawesi Tengah", "fungsi": "HL" }, "geometry": { "type": "MultiPolygon", "coordinates": [ [ [ [ 122.123935193, -1.286377765, 0.0 ], [ 122.097915649, -1.312725544, 0.0 ], [ 122.07849884, -1.311045885, 0.0 ], [ 122.123935193, -1.286377765, 0.0 ] ] ] ] } },
{ "type": "Feature", "properties": { "id": 10476, "pbph": null, "kph": "KPH Tepe Asa Moroso", "provinsi": "Sulawesi Tengah", "fungsi": "HPT" }, "geometry": { "type": "MultiPolygon", "coordinates": [ [ [ [ 122.423649019, -3.212120232, 0.0 ], [ 122.42552499, -3.280285348, 0.0 ], [ 122.400948592, -3.239802812, 0.0 ], [ 122.363777394, -3.257144302, 0.0 ], [ 122.368913011, -3.225849831, 0.0 ], [ 122.329392316, -3.23516267, 0.0 ], [ 122.321100888, -3.185165873, 0.0 ], [ 122.377579967, -3.146318692, 0.0 ], [ 122.398217643, -3.165109352, 0.0 ], [ 122.415250301, -3.153882245, 0.0 ], [ 122.429065038, -3.173896705, 0.0 ], [ 122.410961077, -3.19637252, 0.0 ], [ 122.423649019, -3.212120232, 0.0 ] ] ] ] } },
{ "type": "Feature", "properties": { "id": 10507, "pbph": null, "kph": "KPH Tepe Asa Moroso", "provinsi": "Sulawesi Tengah", "fungsi": "HL" }, "geometry": { "type": "MultiPolygon", "coordinates": [ [ [ [ 122.459680682, -3.189534109, 0.0 ], [ 122.424587015, -3.199452411, 0.0 ], [ 122.435165405, -3.184220075, 0.0 ], [ 122.459680682, -3.189534109, 0.0 ] ] ] ] } },
{ "type": "Feature", "properties": { "id": 10521, "pbph": null, "kph": "KPH Tepe Asa Moroso", "provinsi": "Sulawesi Tengah", "fungsi": "HL" }, "geometry": { "type": "MultiPolygon", "coordinates": [ [ [ [ 121.689388839, -2.891106618, 0.0 ], [ 121.670708243, -2.900190389, 0.0 ], [ 121.686807927, -2.877070647, 0.0 ], [ 121.689388839, -2.891106618, 0.0 ] ] ] ] } },
{ "type": "Feature", "properties": { "id": 10524, "pbph": null, "kph": "KPH Tepe Asa Moroso", "provinsi": "Sulawesi Tengah", "fungsi": "HL" }, "geometry": { "type": "MultiPolygon", "coordinates": [ [ [ [ 121.741634229, -2.755651668, 0.0 ], [ 121.72216166, -2.768347459, 0.0 ], [ 121.719775736, -2.814146089, 0.0 ], [ 121.67640893, -2.831811064, 0.0 ], [ 121.716313211, -2.809472019, 0.0 ], [ 121.718061191, -2.76462182, 0.0 ], [ 121.741634229, -2.755651668, 0.0 ] ] ] ] } },
{ "type": "Feature", "properties": { "id": 10530, "pbph": null, "kph": "KPH Tepe Asa Moroso", "provinsi": "Sulawesi Tengah", "fungsi": "HL" }, "geometry": { "type": "MultiPolygon", "coordinates": [ [ [ [ 122.241657477, -3.093954633, 0.0 ], [ 122.202496468, -3.095758489, 0.0 ], [ 122.191015131, -3.068641691, 0.0 ], [ 122.241657477, -3.093954633, 0.0 ] ] ] ] } },
{ "type": "Feature", "properties": { "id": 10532, "pbph": null, "kph": "KPH Tepe Asa Moroso", "provinsi": "Sulawesi Tengah", "fungsi": "HL" }, "geometry": { "type": "MultiPolygon", "coordinates": [ [ [ [ 121.940994975, -2.917249016, 0.0 ], [ 121.976926804, -2.937299728, 0.0 ], [ 122.043161392, -2.919931412, 0.0 ], [ 122.051776975, -2.951347577, 0.0 ], [ 121.922418352, -2.989789242, 0.0 ], [ 121.898925381, -2.983075221, 0.0 ], [ 121.938831741, -2.958614677, 0.0 ], [ 121.88833639, -2.959022792, 0.0 ], [ 121.889164103, -2.929403158, 0.0 ], [ 121.940994975, -2.917249016, 0.0 ] ] ] ] } },
{ "type": "Feature", "properties": { "id": 10534, "pbph": null, "kph": "KPH Tepe Asa Moroso", "provinsi": "Sulawesi Tengah", "fungsi": "HL" }, "geometry": { "type": "MultiPolygon", "coordinates": [ [ [ [ 122.118241882, -2.887506818, 0.0 ], [ 122.122756958, -2.927378177, 0.0 ], [ 122.069389343, -2.94216895, 0.0 ], [ 122.080177307, -2.897824763, 0.0 ], [ 122.118241882, -2.887506818, 0.0 ] ] ] ] } },
{ "type": "Feature", "properties": { "id": 10601, "pbph": null, "kph": "KPH Tepe Asa Moroso", "provinsi": "Sulawesi Tengah", "fungsi": "HL" }, "geometry": { "type": "MultiPolygon", "coordinates": [ [ [ [ 121.673490406, -2.531015457, 0.0 ], [ 121.64909887, -2.529324647, 0.0 ], [ 121.645415511, -2.510741874, 0.0 ], [ 121.673490406, -2.531015457, 0.0 ] ] ] ] } },
{ "type": "Feature", "properties": { "id": 10619, "pbph": null, "kph": "KPH Tepo Asa Aroa", "provinsi": "Sulawesi Tengah", "fungsi": "HP" }, "geometry": { "type": "MultiPolygon", "coordinates": [ [ [ [ 121.530864025, -2.233501433, 0.0 ], [ 121.531664883, -2.258896243, 0.0 ], [ 121.486683286, -2.223885646, 0.0 ], [ 121.503774643, -2.216182708, 0.0 ], [ 121.530864025, -2.233501433, 0.0 ] ] ] ] } },
{ "type": "Feature", "properties": { "id": 10602, "pbph": null, "kph": "KPH Tepe Asa Moroso", "provinsi": "Sulawesi Tengah", "fungsi": "HP" }, "geometry": { "type": "MultiPolygon", "coordinates": [ [ [ [ 121.798912048, -2.512358904, 0.0 ], [ 121.79233551, -2.56920886, 0.0 ], [ 121.776557922, -2.535747766, 0.0 ], [ 121.788248511, -2.472494719, 0.0 ], [ 121.798912048, -2.512358904, 0.0 ] ] ] ] } },
{ "type": "Feature", "properties": { "id": 10603, "pbph": null, "kph": "KPH Tepe Asa Moroso", "provinsi": "Sulawesi Tengah", "fungsi": "HL" }, "geometry": { "type": "MultiPolygon", "coordinates": [ [ [ [ 121.706596999, -2.381573871, 0.0 ], [ 121.733247866, -2.390868703, 0.0 ], [ 121.77298324, -2.463590577, 0.0 ], [ 121.787445801, -2.46455644, 0.0 ], [ 121.776443481, -2.532199859, 0.0 ], [ 121.788848877, -2.567377567, 0.0 ], [ 121.798912048, -2.512358904, 0.0 ], [ 121.817480017, -2.528259801, 0.0 ], [ 121.823127522, -2.50568747, 0.0 ], [ 121.838218689, -2.538385868, 0.0 ], [ 121.816177369, -2.562743187, 0.0 ], [ 121.87980652, -2.584070921, 0.0 ], [ 121.851381185, -2.499285003, 0.0 ], [ 121.885962199, -2.499935804, 0.0 ], [ 121.901346754, -2.537220733, 0.0 ], [ 121.935620325, -2.544990456, 0.0 ], [ 121.928339005, -2.574651718, 0.0 ], [ 121.964637084, -2.604640501, 0.0 ], [ 121.992037142, -2.672590354, 0.0 ], [ 121.9542272, -2.65412008, 0.0 ], [ 121.859891891, -2.651071548, 0.0 ], [ 121.800691605, -2.700229645, 0.0 ], [ 121.756657038, -2.70974083, 0.0 ], [ 121.788019847, -2.673114541, 0.0 ], [ 121.778850505, -2.629423207, 0.0 ], [ 121.699770728, -2.525638952, 0.0 ], [ 121.683335606, -2.532904861, 0.0 ], [ 121.621152578, -2.487256209, 0.0 ], [ 121.684173584, -2.45117259, 0.0 ], [ 121.672264022, -2.386887985, 0.0 ], [ 121.730567932, -2.477711438, 0.0 ], [ 121.751586914, -2.484404087, 0.0 ], [ 121.706596999, -2.381573871, 0.0 ] ], [ [ 121.750917435, -2.551795959, 0.0 ], [ 121.753782272, -2.532073975, 0.0 ], [ 121.737657547, -2.541742325, 0.0 ], [ 121.750917435, -2.551795959, 0.0 ] ], [ [ 121.92822327, -2.617206472, 0.0 ], [ 121.886169434, -2.630284785, 0.0 ], [ 121.920959473, -2.644191979, 0.0 ], [ 121.957572938, -2.636253595, 0.0 ], [ 121.943695068, -2.610375881, 0.0 ], [ 121.92822327, -2.617206472, 0.0 ] ] ] ] } },
{ "type": "Feature", "properties": { "id": 10608, "pbph": null, "kph": "KPH Tepe Asa Moroso", "provinsi": "Sulawesi Tengah", "fungsi": "HP" }, "geometry": { "type": "MultiPolygon", "coordinates": [ [ [ [ 121.615704923, -2.407614012, 0.0 ], [ 121.672905788, -2.411720412, 0.0 ], [ 121.681114197, -2.431871175, 0.0 ], [ 121.62776947, -2.431499481, 0.0 ], [ 121.615898132, -2.454942941, 0.0 ], [ 121.625682831, -2.486502051, 0.0 ], [ 121.591062779, -2.423385311, 0.0 ], [ 121.615704923, -2.407614012, 0.0 ] ] ] ] } },
{ "type": "Feature", "properties": { "id": 10609, "pbph": null, "kph": "KPH Tepe Asa Moroso", "provinsi": "Sulawesi Tengah", "fungsi": "HPK" }, "geometry": { "type": "MultiPolygon", "coordinates": [ [ [ [ 121.682498647, -2.378640151, 0.0 ], [ 121.725280762, -2.403424024, 0.0 ], [ 121.749458313, -2.485985278, 0.0 ], [ 121.678451538, -2.396817446, 0.0 ], [ 121.682498647, -2.378640151, 0.0 ] ] ] ] } },
{ "type": "Feature", "properties": { "id": 10788, "pbph": null, "kph": "KPH Tepe Asa Moroso", "provinsi": "Sulawesi Tengah", "fungsi": "HL" }, "geometry": { "type": "MultiPolygon", "coordinates": [ [ [ [ 121.555036117, -2.300399398, 0.0 ], [ 121.549520317, -2.332005022, 0.0 ], [ 121.583547864, -2.347124954, 0.0 ], [ 121.615191758, -2.387507116, 0.0 ], [ 121.615704509, -2.407611732, 0.0 ], [ 121.591062779, -2.423385311, 0.0 ], [ 121.577894879, -2.39531741, 0.0 ], [ 121.548894879, -2.387817411, 0.0 ], [ 121.517994879, -2.352417411, 0.0 ], [ 121.531664941, -2.258896343, 0.0 ], [ 121.555036117, -2.300399398, 0.0 ] ] ] ] } },
{ "type": "Feature", "properties": { "id": 10798, "pbph": "PT SENTRAL PITULEMPA", "kph": "KPH Gunung Dako", "provinsi": "Sulawesi Tengah", "fungsi": "HL" }, "geometry": { "type": "MultiPolygon", "coordinates": [ [ [ [ 121.014329597, 0.937530725, 0.0 ], [ 120.998347323, 0.886023984, 0.0 ], [ 120.994720459, 0.936833441, 0.0 ], [ 121.014329597, 0.937530725, 0.0 ] ] ] ] } },
{ "type": "Feature", "properties": { "id": 10800, "pbph": "PT SENTRAL PITULEMPA", "kph": "KPH Gunung Dako", "provinsi": "Sulawesi Tengah", "fungsi": "HL" }, "geometry": { "type": "MultiPolygon", "coordinates": [ [ [ [ 120.660272378, 0.691081359, 0.0 ], [ 120.665934164, 0.728707649, 0.0 ], [ 120.673233, 0.69194, 0.0 ], [ 120.660272378, 0.691081359, 0.0 ] ] ] ] } },
{ "type": "Feature", "properties": { "id": 10797, "pbph": "PT SENTRAL PITULEMPA", "kph": "KPH Gunung Dako", "provinsi": "Sulawesi Tengah", "fungsi": "HL" }, "geometry": { "type": "MultiPolygon", "coordinates": [ [ [ [ 120.39029543, 0.781349149, 0.0 ], [ 120.351127773, 0.764792748, 0.0 ], [ 120.370144207, 0.792070733, 0.0 ], [ 120.39029543, 0.781349149, 0.0 ] ] ] ] } },
{ "type": "Feature", "properties": { "id": 10817, "pbph": "PT SENTRAL PITULEMPA", "kph": "KPH Pogogul", "provinsi": "Sulawesi Tengah", "fungsi": "HPT" }, "geometry": { "type": "MultiPolygon", "coordinates": [ [ [ [ 120.999140723, 0.83530254, 0.0 ], [ 121.023094879, 0.870282589, 0.0 ], [ 121.056361177, 0.87252151, 0.0 ], [ 121.029434204, 0.833439708, 0.0 ], [ 120.999140723, 0.83530254, 0.0 ] ] ] ] } },
{ "type": "Feature", "properties": { "id": 10819, "pbph": "PT SENTRAL PITULEMPA", "kph": "KPH Gunung Dako", "provinsi": "Sulawesi Tengah", "fungsi": "HPT" }, "geometry": { "type": "MultiPolygon", "coordinates": [ [ [ [ 120.321140004, 0.653428209, 0.0 ], [ 120.286245931, 0.632928125, 0.0 ], [ 120.321764924, 0.66406507, 0.0 ], [ 120.321140004, 0.653428209, 0.0 ] ] ] ] } },
{ "type": "Feature", "properties": { "id": 10821, "pbph": "PT SENTRAL PITULEMPA", "kph": "KPH Gunung Dako", "provinsi": "Sulawesi Tengah", "fungsi": "HPT" }, "geometry": { "type": "MultiPolygon", "coordinates": [ [ [ [ 120.350763433, 0.751350657, 0.0 ], [ 120.300273298, 0.708175694, 0.0 ], [ 120.296233188, 0.685987939, 0.0 ], [ 120.321764924, 0.66406507, 0.0 ], [ 120.286245931, 0.632928125, 0.0 ], [ 120.256314372, 0.638062784, 0.0 ], [ 120.252868469, 0.656434752, 0.0 ], [ 120.19845462, 0.660576998, 0.0 ], [ 120.198898037, 0.677370454, 0.0 ], [ 120.237760832, 0.690503056, 0.0 ], [ 120.247901217, 0.671388429, 0.0 ], [ 120.255181147, 0.698437964, 0.0 ], [ 120.293334961, 0.70892632, 0.0 ], [ 120.301528931, 0.750012457, 0.0 ], [ 120.344047719, 0.763332001, 0.0 ], [ 120.350763433, 0.751350657, 0.0 ] ] ] ] } },
{ "type": "Feature", "properties": { "id": 10822, "pbph": "PT SENTRAL PITULEMPA", "kph": "KPH Gunung Dako", "provinsi": "Sulawesi Tengah", "fungsi": "HPT" }, "geometry": { "type": "MultiPolygon", "coordinates": [ [ [ [ 121.004799436, 0.878768647, 0.0 ], [ 120.9949601, 0.882733523, 0.0 ], [ 121.006762623, 0.889889772, 0.0 ], [ 121.004799436, 0.878768647, 0.0 ] ] ] ] } },
{ "type": "Feature", "properties": { "id": 10824, "pbph": "PT SENTRAL PITULEMPA", "kph": "KPH Gunung Dako", "provinsi": "Sulawesi Tengah", "fungsi": "HPT" }, "geometry": { "type": "MultiPolygon", "coordinates": [ [ [ [ 121.005842749, 0.878119272, 0.0 ], [ 120.992927564, 0.830289559, 0.0 ], [ 120.941249808, 0.785169237, 0.0 ], [ 120.924899871, 0.815133026, 0.0 ], [ 120.938446182, 0.864895944, 0.0 ], [ 120.980188078, 0.856770043, 0.0 ], [ 121.005842749, 0.878119272, 0.0 ] ] ] ] } },
{ "type": "Feature", "properties": { "id": 10825, "pbph": "PT SENTRAL PITULEMPA", "kph": "KPH Gunung Dako", "provinsi": "Sulawesi Tengah", "fungsi": "HPT" }, "geometry": { "type": "MultiPolygon", "coordinates": [ [ [ [ 120.986481383, 0.872206238, 0.0 ], [ 120.962937223, 0.857002313, 0.0 ], [ 120.939183, 0.869171, 0.0 ], [ 120.986481383, 0.872206238, 0.0 ] ] ] ] } },
{ "type": "Feature", "properties": { "id": 10827, "pbph": "PT SENTRAL PITULEMPA", "kph": null, "provinsi": null, "fungsi": "APL" }, "geometry": { "type": "MultiPolygon", "coordinates": [ [ [ [ 120.999659456, 0.878568316, 0.0 ], [ 120.980188078, 0.856770043, 0.0 ], [ 120.938369751, 0.864720166, 0.0 ], [ 120.979301966, 0.85831875, 0.0 ], [ 120.999659456, 0.878568316, 0.0 ] ] ], [ [ [ 120.874313902, 0.848390608, 0.0 ], [ 120.856378, 0.857806, 0.0 ], [ 120.836985437, 0.824900331, 0.0 ], [ 120.825964503, 0.835110844, 0.0 ], [ 120.831514359, 0.821210861, 0.0 ], [ 120.784957886, 0.817467153, 0.0 ], [ 120.793258667, 0.833258927, 0.0 ], [ 120.836456299, 0.844584763, 0.0 ], [ 120.845443726, 0.86788404, 0.0 ], [ 120.874313902, 0.848390608, 0.0 ] ] ], [ [ [ 120.768857151, 0.79309197, 0.0 ], [ 120.762431692, 0.802117602, 0.0 ], [ 120.720793291, 0.766417239, 0.0 ], [ 120.705486258, 0.784020039, 0.0 ], [ 120.732566833, 0.779988527, 0.0 ], [ 120.730888367, 0.809405744, 0.0 ], [ 120.752632141, 0.826258421, 0.0 ], [ 120.768857151, 0.79309197, 0.0 ] ] ], [ [ [ 120.403946935, 0.779716131, 0.0 ], [ 120.370144207, 0.792070733, 0.0 ], [ 120.350763433, 0.751350657, 0.0 ], [ 120.34411811, 0.760638424, 0.0 ], [ 120.359413147, 0.794947743, 0.0 ], [ 120.388275146, 0.79983896, 0.0 ], [ 120.403946935, 0.779716131, 0.0 ] ] ], [ [ [ 120.779386387, 0.767033402, 0.0 ], [ 120.74201672, 0.740604353, 0.0 ], [ 120.764814805, 0.782181004, 0.0 ], [ 120.755455017, 0.754460096, 0.0 ], [ 120.779386387, 0.767033402, 0.0 ] ] ], [ [ [ 120.694082098, 0.77423848, 0.0 ], [ 120.683262995, 0.761300351, 0.0 ], [ 120.722891521, 0.742156854, 0.0 ], [ 120.69097127, 0.687186412, 0.0 ], [ 120.682242147, 0.69995769, 0.0 ], [ 120.715827942, 0.71851474, 0.0 ], [ 120.68006134, 0.762564123, 0.0 ], [ 120.681854248, 0.779666305, 0.0 ], [ 120.694082098, 0.77423848, 0.0 ] ] ], [ [ [ 120.227775047, 0.687939699, 0.0 ], [ 120.260272487, 0.694711316, 0.0 ], [ 120.244250679, 0.68720743, 0.0 ], [ 120.247901217, 0.671388429, 0.0 ], [ 120.227775047, 0.687939699, 0.0 ] ] ] ] } },
{ "type": "Feature", "properties": { "id": 10883, "pbph": "PT BINA BALANTAK RAYA", "kph": "KPH Sivia Patuju", "provinsi": "Sulawesi Tengah", "fungsi": "HPT" }, "geometry": { "type": "MultiPolygon", "coordinates": [ [ [ [ 122.196194879, -1.181417409, 0.0 ], [ 122.199894881, -1.255317411, 0.0 ], [ 122.144496375, -1.272258797, 0.0 ], [ 122.080706328, -1.21961743, 0.0 ], [ 122.081576518, -1.200205988, 0.0 ], [ 122.046730042, -1.162292361, 0.0 ], [ 122.18724823, -1.20191288, 0.0 ], [ 122.098205566, -1.143524647, 0.0 ], [ 122.115894879, -1.126217411, 0.0 ], [ 122.196194879, -1.181417409, 0.0 ] ] ] ] } },
{ "type": "Feature", "properties": { "id": 10874, "pbph": "PT BINA BALANTAK RAYA", "kph": "KPH Sivia Patuju", "provinsi": "Sulawesi Tengah", "fungsi": "HPT" }, "geometry": { "type": "MultiPolygon", "coordinates": [ [ [ [ 122.141092926, -1.27339854, 0.0 ], [ 122.121498852, -1.283775473, 0.0 ], [ 122.128345269, -1.268325002, 0.0 ], [ 122.141092926, -1.27339854, 0.0 ] ] ] ] } },
{ "type": "Feature", "properties": { "id": 10884, "pbph": "PT BINA BALANTAK RAYA", "kph": "KPH Balantak", "provinsi": "Sulawesi Tengah", "fungsi": "HPT" }, "geometry": { "type": "MultiPolygon", "coordinates": [ [ [ [ 122.275157123, -1.132946842, 0.0 ], [ 122.313862423, -1.140663421, 0.0 ], [ 122.276594881, -1.17421741, 0.0 ], [ 122.222094881, -1.18821741, 0.0 ], [ 122.074557261, -1.113562617, 0.0 ], [ 122.275157123, -1.132946842, 0.0 ] ] ] ] } },
{ "type": "Feature", "properties": { "id": 10922, "pbph": "PT BINA BALANTAK RAYA", "kph": "KPH Sivia Patuju", "provinsi": "Sulawesi Tengah", "fungsi": "HPT" }, "geometry": { "type": "MultiPolygon", "coordinates": [ [ [ [ 122.048081739, -1.18386762, 0.0 ], [ 122.066113464, -1.225621806, 0.0 ], [ 122.057191554, -1.247101897, 0.0 ], [ 122.124733346, -1.271888267, 0.0 ], [ 122.084397116, -1.300338546, 0.0 ], [ 122.053451538, -1.250570059, 0.0 ], [ 122.018738088, -1.258223024, 0.0 ], [ 122.022039522, -1.190020146, 0.0 ], [ 122.048081739, -1.18386762, 0.0 ] ] ] ] } },
{ "type": "Feature", "properties": { "id": 10923, "pbph": "PT BINA BALANTAK RAYA", "kph": "KPH Sivia Patuju", "provinsi": "Sulawesi Tengah", "fungsi": "HPT" }, "geometry": { "type": "MultiPolygon", "coordinates": [ [ [ [ 121.983094608, -1.190410929, 0.0 ], [ 122.010553972, -1.24000766, 0.0 ], [ 122.025554717, -1.241037351, 0.0 ], [ 122.016839683, -1.266600472, 0.0 ], [ 121.923736572, -1.279369712, 0.0 ], [ 121.915283203, -1.260290742, 0.0 ], [ 121.956939697, -1.230747342, 0.0 ], [ 121.969105673, -1.180520737, 0.0 ], [ 121.983094608, -1.190410929, 0.0 ] ] ] ] } },
{ "type": "Feature", "properties": { "id": 10924, "pbph": "PT BINA BALANTAK RAYA", "kph": "KPH Sivia Patuju", "provinsi": "Sulawesi Tengah", "fungsi": "HPT" }, "geometry": { "type": "MultiPolygon", "coordinates": [ [ [ [ 121.793688521, -1.297520698, 0.0 ], [ 121.771710571, -1.307186402, 0.0 ], [ 121.792047406, -1.326492848, 0.0 ], [ 121.718185191, -1.326561029, 0.0 ], [ 121.715126641, -1.307894763, 0.0 ], [ 121.738113403, -1.295275807, 0.0 ], [ 121.767837524, -1.284311414, 0.0 ], [ 121.793688521, -1.297520698, 0.0 ] ] ] ] } },
{ "type": "Feature", "properties": { "id": 10931, "pbph": "PT BINA BALANTAK RAYA", "kph": "KPH Sivia Patuju", "provinsi": "Sulawesi Tengah", "fungsi": "HPT" }, "geometry": { "type": "MultiPolygon", "coordinates": [ [ [ [ 121.720864404, -1.333359108, 0.0 ], [ 121.698312304, -1.361728083, 0.0 ], [ 121.662703813, -1.364830555, 0.0 ], [ 121.646261059, -1.38319389, 0.0 ], [ 121.644577026, -1.347851396, 0.0 ], [ 121.687113263, -1.323549438, 0.0 ], [ 121.702903624, -1.334510108, 0.0 ], [ 121.690370635, -1.347768193, 0.0 ], [ 121.720864404, -1.333359108, 0.0 ] ] ] ] } },
{ "type": "Feature", "properties": { "id": 10932, "pbph": "PT BINA BALANTAK RAYA", "kph": "KPH Toili Baturube", "provinsi": "Sulawesi Tengah", "fungsi": "HPT" }, "geometry": { "type": "MultiPolygon", "coordinates": [ [ [ [ 121.777679733, -1.349989224, 0.0 ], [ 121.756325285, -1.337012484, 0.0 ], [ 121.794693186, -1.329637156, 0.0 ], [ 121.777679733, -1.349989224, 0.0 ] ] ] ] } },
{ "type": "Feature", "properties": { "id": 10933, "pbph": "PT BINA BALANTAK RAYA", "kph": "KPH Toili Baturube", "provinsi": "Sulawesi Tengah", "fungsi": "HPT" }, "geometry": { "type": "MultiPolygon", "coordinates": [ [ [ [ 121.704753646, -1.378032267, 0.0 ], [ 121.755807894, -1.371654974, 0.0 ], [ 121.690086365, -1.398245573, 0.0 ], [ 121.646057129, -1.393763304, 0.0 ], [ 121.662703813, -1.364830555, 0.0 ], [ 121.698312304, -1.361728083, 0.0 ], [ 121.704753646, -1.378032267, 0.0 ] ] ] ] } },
{ "type": "Feature", "properties": { "id": 10936, "pbph": "PT BINA BALANTAK RAYA", "kph": null, "provinsi": null, "fungsi": "APL" }, "geometry": { "type": "MultiPolygon", "coordinates": [ [ [ [ 122.143353825, -1.272468463, 0.0 ], [ 122.171835534, -1.271728178, 0.0 ], [ 122.124869621, -1.272501351, 0.0 ], [ 122.143353825, -1.272468463, 0.0 ] ] ] ] } },
{ "type": "Feature", "properties": { "id": 10937, "pbph": "PT BINA BALANTAK RAYA", "kph": null, "provinsi": null, "fungsi": "APL" }, "geometry": { "type": "MultiPolygon", "coordinates": [ [ [ [ 121.790385251, -1.359134017, 0.0 ], [ 121.801412411, -1.366977766, 0.0 ], [ 121.783313766, -1.392499638, 0.0 ], [ 121.766182185, -1.388471825, 0.0 ], [ 121.790385251, -1.359134017, 0.0 ] ] ], [ [ [ 121.870150789, -1.44693764, 0.0 ], [ 121.887214661, -1.451150775, 0.0 ], [ 121.876312256, -1.454154968, 0.0 ], [ 121.885154724, -1.473233104, 0.0 ], [ 121.855659485, -1.504894614, 0.0 ], [ 121.838737195, -1.491990991, 0.0 ], [ 121.846926957, -1.423433304, 0.0 ], [ 121.870150789, -1.44693764, 0.0 ] ] ], [ [ [ 121.828217799, -1.516690195, 0.0 ], [ 121.847374003, -1.533605958, 0.0 ], [ 121.825251108, -1.544417822, 0.0 ], [ 121.812311751, -1.577965407, 0.0 ], [ 121.780021, -1.593074, 0.0 ], [ 121.744239807, -1.589253783, 0.0 ], [ 121.720131007, -1.560174993, 0.0 ], [ 121.746398551, -1.536285445, 0.0 ], [ 121.778617859, -1.54225266, 0.0 ], [ 121.741195679, -1.551800847, 0.0 ], [ 121.747161865, -1.568748236, 0.0 ], [ 121.773483276, -1.568344593, 0.0 ], [ 121.783798218, -1.544477344, 0.0 ], [ 121.828217799, -1.516690195, 0.0 ] ] ] ] } },
{ "type": "Feature", "properties": { "id": 10938, "pbph": "PT BINA BALANTAK RAYA", "kph": null, "provinsi": null, "fungsi": "APL" }, "geometry": { "type": "MultiPolygon", "coordinates": [ [ [ [ 122.028227216, -1.208660511, 0.0 ], [ 122.016766064, -1.266612741, 0.0 ], [ 122.025554717, -1.241037351, 0.0 ], [ 122.010553972, -1.24000766, 0.0 ], [ 121.993747466, -1.20087426, 0.0 ], [ 122.028227216, -1.208660511, 0.0 ] ] ], [ [ [ 121.722832969, -1.329612784, 0.0 ], [ 121.690132394, -1.347558316, 0.0 ], [ 121.702903624, -1.334510108, 0.0 ], [ 121.686253065, -1.324826171, 0.0 ], [ 121.715126641, -1.307894763, 0.0 ], [ 121.722832969, -1.329612784, 0.0 ] ] ] ] } },
{ "type": "Feature", "properties": { "id": 10969, "pbph": "PT TAMAN HUTAN ASRI", "kph": "KPH Dampelas Tinombo", "provinsi": "Sulawesi Tengah", "fungsi": "HPT" }, "geometry": { "type": "MultiPolygon", "coordinates": [ [ [ [ 120.074301726, 0.068248529, 0.0 ], [ 120.052188075, 0.008380111, 0.0 ], [ 120.02855, 0.004578, 0.0 ], [ 120.020714, -0.019381, 0.0 ], [ 119.940030062, -0.020648515, 0.0 ], [ 119.948859138, 0.018175509, 0.0 ], [ 119.978421981, -0.001686713, 0.0 ], [ 120.030698962, 0.009701015, 0.0 ], [ 120.074301726, 0.068248529, 0.0 ] ] ] ] } },
{ "type": "Feature", "properties": { "id": 10958, "pbph": "PT TAMAN HUTAN ASRI", "kph": "KPH Dampelas Tinombo", "provinsi": "Sulawesi Tengah", "fungsi": "HP" }, "geometry": { "type": "MultiPolygon", "coordinates": [ [ [ [ 120.058133918, 0.30263948, 0.0 ], [ 120.081787128, 0.249658718, 0.0 ], [ 120.025281906, 0.24820137, 0.0 ], [ 119.997133255, 0.268175125, 0.0 ], [ 119.978681564, 0.318799973, 0.0 ], [ 120.058133918, 0.30263948, 0.0 ] ] ] ] } },
{ "type": "Feature", "properties": { "id": 10960, "pbph": "PT TAMAN HUTAN ASRI", "kph": "KPH Dampelas Tinombo", "provinsi": "Sulawesi Tengah", "fungsi": "HP" }, "geometry": { "type": "MultiPolygon", "coordinates": [ [ [ [ 120.0682719, 0.286734999, 0.0 ], [ 120.063409852, 0.275980627, 0.0 ], [ 120.057261816, 0.302236972, 0.0 ], [ 120.0682719, 0.286734999, 0.0 ] ] ] ] } },
{ "type": "Feature", "properties": { "id": 10961, "pbph": "PT TAMAN HUTAN ASRI", "kph": "KPH Dampelas Tinombo", "provinsi": "Sulawesi Tengah", "fungsi": "HP" }, "geometry": { "type": "MultiPolygon", "coordinates": [ [ [ [ 120.057822232, 0.141716566, 0.0 ], [ 120.034641681, 0.116154458, 0.0 ], [ 120.037905591, 0.135949799, 0.0 ], [ 120.057822232, 0.141716566, 0.0 ] ] ] ] } },
{ "type": "Feature", "properties": { "id": 10997, "pbph": "PT DAHA TAMA ADI KARYA", "kph": "KPH Sivia Patuju", "provinsi": "Sulawesi Tengah", "fungsi": "HPT" }, "geometry": { "type": "MultiPolygon", "coordinates": [ [ [ [ 121.920463573, -1.051173045, 0.0 ], [ 121.946484654, -1.084642886, 0.0 ], [ 121.895231924, -1.088899096, 0.0 ], [ 121.86025697, -1.030325777, 0.0 ], [ 121.879313252, -1.024747356, 0.0 ], [ 121.920463573, -1.051173045, 0.0 ] ] ] ] } },
{ "type": "Feature", "properties": { "id": 10999, "pbph": "PT DAHA TAMA ADI KARYA", "kph": "KPH Balantak", "provinsi": "Sulawesi Tengah", "fungsi": "HPT" }, "geometry": { "type": "MultiPolygon", "coordinates": [ [ [ [ 122.472647703, -0.825126977, 0.0 ], [ 122.519722183, -0.850698056, 0.0 ], [ 122.528724287, -0.88250478, 0.0 ], [ 122.476664613, -0.894820585, 0.0 ], [ 122.446551385, -0.877788982, 0.0 ], [ 122.405714003, -0.898123917, 0.0 ], [ 122.354889788, -0.863624645, 0.0 ], [ 122.32196807, -0.896135565, 0.0 ], [ 122.317817679, -0.934611317, 0.0 ], [ 122.349997346, -0.941107202, 0.0 ], [ 122.319260413, -0.977656351, 0.0 ], [ 122.303171578, -0.975752547, 0.0 ], [ 122.306227842, -0.989028749, 0.0 ], [ 122.234574127, -0.979792536, 0.0 ], [ 122.211883942, -0.9947503, 0.0 ], [ 122.238406963, -1.001488461, 0.0 ], [ 122.243171646, -1.018264931, 0.0 ], [ 122.073736808, -1.070274344, 0.0 ], [ 122.05809021, -1.025302529, 0.0 ], [ 122.021224976, -1.043852447, 0.0 ], [ 122.035166696, -1.085505589, 0.0 ], [ 121.954399647, -1.080869795, 0.0 ], [ 121.890374216, -1.009779555, 0.0 ], [ 121.971591385, -1.018193201, 0.0 ], [ 122.016351315, -0.998830087, 0.0 ], [ 122.029724841, -0.969212811, 0.0 ], [ 122.177493388, -0.995506884, 0.0 ], [ 122.209045193, -0.987524728, 0.0 ], [ 122.316359059, -0.903236409, 0.0 ], [ 122.3167084, -0.887680531, 0.0 ], [ 122.303206975, -0.903194945, 0.0 ], [ 122.298008333, -0.890105882, 0.0 ], [ 122.322700267, -0.831914317, 0.0 ], [ 122.355601984, -0.827389822, 0.0 ], [ 122.380752563, -0.843657732, 0.0 ], [ 122.414458687, -0.815919517, 0.0 ], [ 122.449313496, -0.821602919, 0.0 ], [ 122.450741172, -0.838586322, 0.0 ], [ 122.472647703, -0.825126977, 0.0 ] ] ] ] } },
{ "type": "Feature", "properties": { "id": 11002, "pbph": "PT DAHA TAMA ADI KARYA", "kph": null, "provinsi": null, "fungsi": "APL" }, "geometry": { "type": "MultiPolygon", "coordinates": [ [ [ [ 121.916318962, -1.045383164, 0.0 ], [ 121.958592466, -1.084642283, 0.0 ], [ 121.874288165, -1.02552133, 0.0 ], [ 121.916318962, -1.045383164, 0.0 ] ] ] ] } },
{ "type": "Feature", "properties": { "id": 11005, "pbph": "PT BERKAT HUTAN PUSAKA", "kph": "KPH Toili Baturube", "provinsi": "Sulawesi Tengah", "fungsi": "HP" }, "geometry": { "type": "MultiPolygon", "coordinates": [ [ [ [ 122.239297207, -1.412976541, 0.0 ], [ 122.215942097, -1.388996014, 0.0 ], [ 122.212079563, -1.41797282, 0.0 ], [ 122.198020473, -1.413732368, 0.0 ], [ 122.200737896, -1.387612488, 0.0 ], [ 122.230435724, -1.388958924, 0.0 ], [ 122.239297207, -1.412976541, 0.0 ] ] ] ] } },
{ "type": "Feature", "properties": { "id": 11006, "pbph": "PT BERKAT HUTAN PUSAKA", "kph": "KPH Toili Baturube", "provinsi": "Sulawesi Tengah", "fungsi": "HP" }, "geometry": { "type": "MultiPolygon", "coordinates": [ [ [ [ 122.239297207, -1.412976541, 0.0 ], [ 122.238936446, -1.448964634, 0.0 ], [ 122.19993782, -1.457870483, 0.0 ], [ 122.226817121, -1.466307816, 0.0 ], [ 122.202665329, -1.487001419, 0.0 ], [ 122.205482764, -1.513805541, 0.0 ], [ 122.168647595, -1.547377009, 0.0 ], [ 122.144224633, -1.534068545, 0.0 ], [ 122.133155197, -1.501604497, 0.0 ], [ 122.151996867, -1.502038677, 0.0 ], [ 122.185927523, -1.438830779, 0.0 ], [ 122.202886383, -1.443293674, 0.0 ], [ 122.208359797, -1.391745345, 0.0 ], [ 122.239297207, -1.412976541, 0.0 ] ] ], [ [ [ 122.127429761, -1.561366784, 0.0 ], [ 122.091493813, -1.572918686, 0.0 ], [ 122.082183763, -1.562931289, 0.0 ], [ 122.099977553, -1.558262279, 0.0 ], [ 122.080429985, -1.53444186, 0.0 ], [ 122.04353101, -1.534995189, 0.0 ], [ 122.05163875, -1.522884798, 0.0 ], [ 122.131017281, -1.517185887, 0.0 ], [ 122.145235904, -1.546451261, 0.0 ], [ 122.127429761, -1.561366784, 0.0 ] ] ] ] } },
{ "type": "Feature", "properties": { "id": 10831, "pbph": "PT BINA BALANTAK RAYA", "kph": "KPH Toili Baturube", "provinsi": "Sulawesi Tengah", "fungsi": "HL" }, "geometry": { "type": "MultiPolygon", "coordinates": [ [ [ [ 122.35252594, -1.134889354, 0.0 ], [ 122.477064653, -1.061182086, 0.0 ], [ 122.439396563, -1.098051769, 0.0 ], [ 122.40363, -1.10044, 0.0 ], [ 122.35252594, -1.134889354, 0.0 ] ] ] ] } },
{ "type": "Feature", "properties": { "id": 10933, "pbph": "PT BINA BALANTAK RAYA", "kph": "KPH Toili Baturube", "provinsi": "Sulawesi Tengah", "fungsi": "HPT" }, "geometry": { "type": "MultiPolygon", "coordinates": [ [ [ [ 121.704753646, -1.378032267, 0.0 ], [ 121.755807894, -1.371654974, 0.0 ], [ 121.690086365, -1.398245573, 0.0 ], [ 121.646057129, -1.393763304, 0.0 ], [ 121.662703813, -1.364830555, 0.0 ], [ 121.698312304, -1.361728083, 0.0 ], [ 121.704753646, -1.378032267, 0.0 ] ] ] ] } },
{ "type": "Feature", "properties": { "id": 10936, "pbph": "PT BINA BALANTAK RAYA", "kph": null, "provinsi": null, "fungsi": "APL" }, "geometry": { "type": "MultiPolygon", "coordinates": [ [ [ [ 122.143353825, -1.272468463, 0.0 ], [ 122.171835534, -1.271728178, 0.0 ], [ 122.124869621, -1.272501351, 0.0 ], [ 122.143353825, -1.272468463, 0.0 ] ] ] ] } },
{ "type": "Feature", "properties": { "id": 10937, "pbph": "PT BINA BALANTAK RAYA", "kph": null, "provinsi": null, "fungsi": "APL" }, "geometry": { "type": "MultiPolygon", "coordinates": [ [ [ [ 121.790385251, -1.359134017, 0.0 ], [ 121.801412411, -1.366977766, 0.0 ], [ 121.783313766, -1.392499638, 0.0 ], [ 121.766182185, -1.388471825, 0.0 ], [ 121.790385251, -1.359134017, 0.0 ] ] ], [ [ [ 121.870150789, -1.44693764, 0.0 ], [ 121.887214661, -1.451150775, 0.0 ], [ 121.876312256, -1.454154968, 0.0 ], [ 121.885154724, -1.473233104, 0.0 ], [ 121.855659485, -1.504894614, 0.0 ], [ 121.838737195, -1.491990991, 0.0 ], [ 121.846926957, -1.423433304, 0.0 ], [ 121.870150789, -1.44693764, 0.0 ] ] ], [ [ [ 121.828217799, -1.516690195, 0.0 ], [ 121.847374003, -1.533605958, 0.0 ], [ 121.825251108, -1.544417822, 0.0 ], [ 121.812311751, -1.577965407, 0.0 ], [ 121.780021, -1.593074, 0.0 ], [ 121.744239807, -1.589253783, 0.0 ], [ 121.720131007, -1.560174993, 0.0 ], [ 121.746398551, -1.536285445, 0.0 ], [ 121.778617859, -1.54225266, 0.0 ], [ 121.741195679, -1.551800847, 0.0 ], [ 121.747161865, -1.568748236, 0.0 ], [ 121.773483276, -1.568344593, 0.0 ], [ 121.783798218, -1.544477344, 0.0 ], [ 121.828217799, -1.516690195, 0.0 ] ] ] ] } },
{ "type": "Feature", "properties": { "id": 10938, "pbph": "PT BINA BALANTAK RAYA", "kph": null, "provinsi": null, "fungsi": "APL" }, "geometry": { "type": "MultiPolygon", "coordinates": [ [ [ [ 122.028227216, -1.208660511, 0.0 ], [ 122.016766064, -1.266612741, 0.0 ], [ 122.025554717, -1.241037351, 0.0 ], [ 122.010553972, -1.24000766, 0.0 ], [ 121.993747466, -1.20087426, 0.0 ], [ 122.028227216, -1.208660511, 0.0 ] ] ], [ [ [ 121.722832969, -1.329612784, 0.0 ], [ 121.690132394, -1.347558316, 0.0 ], [ 121.702903624, -1.334510108, 0.0 ], [ 121.686253065, -1.324826171, 0.0 ], [ 121.715126641, -1.307894763, 0.0 ], [ 121.722832969, -1.329612784, 0.0 ] ] ] ] } },
{ "type": "Feature", "properties": { "id": 10969, "pbph": "PT TAMAN HUTAN ASRI", "kph": "KPH Dampelas Tinombo", "provinsi": "Sulawesi Tengah", "fungsi": "HPT" }, "geometry": { "type": "MultiPolygon", "coordinates": [ [ [ [ 120.074301726, 0.068248529, 0.0 ], [ 120.052188075, 0.008380111, 0.0 ], [ 120.02855, 0.004578, 0.0 ], [ 120.020714, -0.019381, 0.0 ], [ 119.940030062, -0.020648515, 0.0 ], [ 119.948859138, 0.018175509, 0.0 ], [ 119.978421981, -0.001686713, 0.0 ], [ 120.030698962, 0.009701015, 0.0 ], [ 120.074301726, 0.068248529, 0.0 ] ] ] ] } },
{ "type": "Feature", "properties": { "id": 10997, "pbph": "PT DAHA TAMA ADI KARYA", "kph": "KPH Sivia Patuju", "provinsi": "Sulawesi Tengah", "fungsi": "HPT" }, "geometry": { "type": "MultiPolygon", "coordinates": [ [ [ [ 121.920463573, -1.051173045, 0.0 ], [ 121.946484654, -1.084642886, 0.0 ], [ 121.895231924, -1.088899096, 0.0 ], [ 121.86025697, -1.030325777, 0.0 ], [ 121.879313252, -1.024747356, 0.0 ], [ 121.920463573, -1.051173045, 0.0 ] ] ] ] } },
{ "type": "Feature", "properties": { "id": 10999, "pbph": "PT DAHA TAMA ADI KARYA", "kph": "KPH Balantak", "provinsi": "Sulawesi Tengah", "fungsi": "HPT" }, "geometry": { "type": "MultiPolygon", "coordinates": [ [ [ [ 122.472647703, -0.825126977, 0.0 ], [ 122.519722183, -0.850698056, 0.0 ], [ 122.528724287, -0.88250478, 0.0 ], [ 122.476664613, -0.894820585, 0.0 ], [ 122.446551385, -0.877788982, 0.0 ], [ 122.405714003, -0.898123917, 0.0 ], [ 122.354889788, -0.863624645, 0.0 ], [ 122.32196807, -0.896135565, 0.0 ], [ 122.317817679, -0.934611317, 0.0 ], [ 122.349997346, -0.941107202, 0.0 ], [ 122.319260413, -0.977656351, 0.0 ], [ 122.303171578, -0.975752547, 0.0 ], [ 122.306227842, -0.989028749, 0.0 ], [ 122.234574127, -0.979792536, 0.0 ], [ 122.211883942, -0.9947503, 0.0 ], [ 122.238406963, -1.001488461, 0.0 ], [ 122.243171646, -1.018264931, 0.0 ], [ 122.073736808, -1.070274344, 0.0 ], [ 122.05809021, -1.025302529, 0.0 ], [ 122.021224976, -1.043852447, 0.0 ], [ 122.035166696, -1.085505589, 0.0 ], [ 121.954399647, -1.080869795, 0.0 ], [ 121.890374216, -1.009779555, 0.0 ], [ 121.971591385, -1.018193201, 0.0 ], [ 122.016351315, -0.998830087, 0.0 ], [ 122.029724841, -0.969212811, 0.0 ], [ 122.177493388, -0.995506884, 0.0 ], [ 122.209045193, -0.987524728, 0.0 ], [ 122.316359059, -0.903236409, 0.0 ], [ 122.3167084, -0.887680531, 0.0 ], [ 122.303206975, -0.903194945, 0.0 ], [ 122.298008333, -0.890105882, 0.0 ], [ 122.322700267, -0.831914317, 0.0 ], [ 122.355601984, -0.827389822, 0.0 ], [ 122.380752563, -0.843657732, 0.0 ], [ 122.414458687, -0.815919517, 0.0 ], [ 122.449313496, -0.821602919, 0.0 ], [ 122.450741172, -0.838586322, 0.0 ], [ 122.472647703, -0.825126977, 0.0 ] ] ] ] } },
{ "type": "Feature", "properties": { "id": 11106, "pbph": "PT GORONTALO CITRA LESTARI", "kph": "KPH Wil. VI Gorontalo", "provinsi": "Gorontalo", "fungsi": "HP" }, "geometry": { "type": "MultiPolygon", "coordinates": [ [ [ [ 122.822549294, 0.75002704, 0.0 ], [ 122.835997619, 0.734617324, 0.0 ], [ 122.818763379, 0.727714364, 0.0 ], [ 122.810447693, 0.751850366, 0.0 ], [ 122.822549294, 0.75002704, 0.0 ] ] ] ] } },
{ "type": "Feature", "properties": { "id": 11110, "pbph": "PT GORONTALO CITRA LESTARI", "kph": "KPH Wil. IV Gorontalo Utara", "provinsi": "Gorontalo", "fungsi": "HP" }, "geometry": { "type": "MultiPolygon", "coordinates": [ [ [ [ 122.722420506, 0.836273327, 0.0 ], [ 122.729992265, 0.822981874, 0.0 ], [ 122.791161465, 0.812781394, 0.0 ], [ 122.750621796, 0.806292147, 0.0 ], [ 122.754645982, 0.781952847, 0.0 ], [ 122.711127728, 0.790458185, 0.0 ], [ 122.684371273, 0.815089002, 0.0 ], [ 122.704467774, 0.816145838, 0.0 ], [ 122.733006796, 0.788730602, 0.0 ], [ 122.733795167, 0.813925445, 0.0 ], [ 122.707683304, 0.834312065, 0.0 ], [ 122.722420506, 0.836273327, 0.0 ] ] ] ] } },
{ "type": "Feature", "properties": { "id": 11205, "pbph": "PT GORONTALO CITRA LESTARI", "kph": "KPH Wil. VI Gorontalo", "provinsi": "Gorontalo", "fungsi": "HPT" }, "geometry": { "type": "MultiPolygon", "coordinates": [ [ [ [ 123.069674009, 0.800909759, 0.0 ], [ 123.069770084, 0.78228086, 0.0 ], [ 123.037860451, 0.784689843, 0.0 ], [ 123.069674009, 0.800909759, 0.0 ] ] ] ] } },
{ "type": "Feature", "properties": { "id": 11208, "pbph": "PT GORONTALO CITRA LESTARI", "kph": "KPH Wil. VI Gorontalo", "provinsi": "Gorontalo", "fungsi": "HPT" }, "geometry": { "type": "MultiPolygon", "coordinates": [ [ [ [ 123.033285783, 0.782346396, 0.0 ], [ 123.011863709, 0.767615139, 0.0 ], [ 122.977372177, 0.691661484, 0.0 ], [ 122.906728897, 0.685621695, 0.0 ], [ 122.907651626, 0.656213586, 0.0 ], [ 122.882777691, 0.670895547, 0.0 ], [ 122.829422574, 0.666848222, 0.0 ], [ 122.879197073, 0.700615966, 0.0 ], [ 122.892427309, 0.748770124, 0.0 ], [ 122.920787137, 0.691729505, 0.0 ], [ 122.930058992, 0.711934527, 0.0 ], [ 122.97361282, 0.723612733, 0.0 ], [ 123.005795228, 0.782895909, 0.0 ], [ 123.033285783, 0.782346396, 0.0 ] ] ] ] } },
{ "type": "Feature", "properties": { "id": 11298, "pbph": "PT GORONTALO CITRA LESTARI", "kph": null, "provinsi": null, "fungsi": "HPK" }, "geometry": { "type": "MultiPolygon", "coordinates": [ [ [ [ 122.68376996, 0.815046115, 0.0 ], [ 122.661514281, 0.807164788, 0.0 ], [ 122.670964653, 0.828097996, 0.0 ], [ 122.68376996, 0.815046115, 0.0 ] ] ] ] } },
{ "type": "Feature", "properties": { "id": 11300, "pbph": "PT GORONTALO CITRA LESTARI", "kph": null, "provinsi": null, "fungsi": "HPK" }, "geometry": { "type": "MultiPolygon", "coordinates": [ [ [ [ 122.754187532, 0.80790288, 0.0 ], [ 122.801220309, 0.797962593, 0.0 ], [ 122.790664673, 0.786709846, 0.0 ], [ 122.81360959, 0.755973002, 0.0 ], [ 122.765421386, 0.771738667, 0.0 ], [ 122.744734295, 0.797728932, 0.0 ], [ 122.754187532, 0.80790288, 0.0 ] ] ] ] } },
{ "type": "Feature", "properties": { "id": 11463, "pbph": "PT WANA RINDANG LESTARI", "kph": "KPH Sivia Patuju", "provinsi": "Sulawesi Tengah", "fungsi": "HP" }, "geometry": { "type": "MultiPolygon", "coordinates": [ [ [ [ 121.249066895, -1.318144412, 0.0 ], [ 121.249761168, -1.336833697, 0.0 ], [ 121.212361736, -1.351453603, 0.0 ], [ 121.204702538, -1.304906633, 0.0 ], [ 121.249066895, -1.318144412, 0.0 ] ] ] ] } },
{ "type": "Feature", "properties": { "id": 11432, "pbph": "PT WANA RINDANG LESTARI", "kph": "KPH Tepo Asa Aroa", "provinsi": "Sulawesi Tengah", "fungsi": "HP" }, "geometry": { "type": "MultiPolygon", "coordinates": [ [ [ [ 121.317590584, -1.467161606, 0.0 ], [ 121.361541748, -1.49738574, 0.0 ], [ 121.420934351, -1.507061632, 0.0 ], [ 121.434022865, -1.539345271, 0.0 ], [ 121.306867586, -1.544891833, 0.0 ], [ 121.272593604, -1.582514152, 0.0 ], [ 121.252752358, -1.581537803, 0.0 ], [ 121.282150269, -1.540595651, 0.0 ], [ 121.267096791, -1.500345169, 0.0 ], [ 121.317590584, -1.467161606, 0.0 ] ] ], [ [ [ 121.246783994, -1.551483505, 0.0 ], [ 121.220991, -1.57699, 0.0 ], [ 121.227464575, -1.613559002, 0.0 ], [ 121.193444733, -1.602378364, 0.0 ], [ 121.193455968, -1.575066252, 0.0 ], [ 121.245743949, -1.513985416, 0.0 ], [ 121.251113892, -1.543346167, 0.0 ], [ 121.233184814, -1.544719219, 0.0 ], [ 121.246783994, -1.551483505, 0.0 ] ] ] ] } },
{ "type": "Feature", "properties": { "id": 11438, "pbph": "PT WANA RINDANG LESTARI", "kph": "KPH Toili Baturube", "provinsi": "Sulawesi Tengah", "fungsi": "HP" }, "geometry": { "type": "MultiPolygon", "coordinates": [ [ [ [ 121.76022967, -1.398515098, 0.0 ], [ 121.759698544, -1.409025712, 0.0 ], [ 121.701874054, -1.413929119, 0.0 ], [ 121.76022967, -1.398515098, 0.0 ] ] ] ] } },
{ "type": "Feature", "properties": { "id": 11439, "pbph": "PT WANA RINDANG LESTARI", "kph": "KPH Toili Baturube", "provinsi": "Sulawesi Tengah", "fungsi": "HP" }, "geometry": { "type": "MultiPolygon", "coordinates": [ [ [ [ 121.785341228, -1.409635879, 0.0 ], [ 121.814387947, -1.433414148, 0.0 ], [ 121.672080994, -1.486549853, 0.0 ], [ 121.647622747, -1.4294586, 0.0 ], [ 121.692040039, -1.415951443, 0.0 ], [ 121.674819198, -1.429458177, 0.0 ], [ 121.676863981, -1.452973183, 0.0 ], [ 121.710262105, -1.456210756, 0.0 ], [ 121.72644997, -1.441215679, 0.0 ], [ 121.7521792, -1.4553322, 0.0 ], [ 121.7981633, -1.4304242, 0.0 ], [ 121.785341228, -1.409635879, 0.0 ] ] ] ] } },
{ "type": "Feature", "properties": { "id": 11441, "pbph": "PT WANA RINDANG LESTARI", "kph": "KPH Tepo Asa Aroa", "provinsi": "Sulawesi Tengah", "fungsi": "HP" }, "geometry": { "type": "MultiPolygon", "coordinates": [ [ [ [ 121.166944504, -1.700808432, 0.0 ], [ 121.190889094, -1.727887898, 0.0 ], [ 121.19608641, -1.77851706, 0.0 ], [ 121.22769165, -1.842353701, 0.0 ], [ 121.206695884, -1.823433917, 0.0 ], [ 121.194965998, -1.834351094, 0.0 ], [ 121.179545894, -1.75690759, 0.0 ], [ 121.14670158, -1.741692019, 0.0 ], [ 121.165586196, -1.726432519, 0.0 ], [ 121.166944504, -1.700808432, 0.0 ] ] ] ] } },
{ "type": "Feature", "properties": { "id": 11456, "pbph": "PT WANA RINDANG LESTARI", "kph": "KPH Sivia Patuju", "provinsi": "Sulawesi Tengah", "fungsi": "HP" }, "geometry": { "type": "MultiPolygon", "coordinates": [ [ [ [ 121.266896158, -1.504268156, 0.0 ], [ 121.233333291, -1.51390452, 0.0 ], [ 121.187665449, -1.559104827, 0.0 ], [ 121.223182683, -1.499555108, 0.0 ], [ 121.266896158, -1.504268156, 0.0 ] ] ] ] } },
{ "type": "Feature", "properties": { "id": 11458, "pbph": "PT WANA RINDANG LESTARI", "kph": "KPH Tepo Asa Aroa", "provinsi": "Sulawesi Tengah", "fungsi": "HP" }, "geometry": { "type": "MultiPolygon", "coordinates": [ [ [ [ 121.25572972, -1.515436165, 0.0 ], [ 121.230713855, -1.523212822, 0.0 ], [ 121.193455968, -1.575066252, 0.0 ], [ 121.1857511, -1.5609047, 0.0 ], [ 121.229080614, -1.517347164, 0.0 ], [ 121.25572972, -1.515436165, 0.0 ] ] ] ] } },
{ "type": "Feature", "properties": { "id": 11459, "pbph": "PT WANA RINDANG LESTARI", "kph": "KPH Sivia Patuju", "provinsi": "Sulawesi Tengah", "fungsi": "HP" }, "geometry": { "type": "MultiPolygon", "coordinates": [ [ [ [ 121.321300329, -1.147930711, 0.0 ], [ 121.330856323, -1.177842975, 0.0 ], [ 121.277199903, -1.178855786, 0.0 ], [ 121.321300329, -1.147930711, 0.0 ] ] ], [ [ [ 121.26044187, -1.243517027, 0.0 ], [ 121.260053837, -1.285360962, 0.0 ], [ 121.218970164, -1.28210813, 0.0 ], [ 121.235862973, -1.235659522, 0.0 ], [ 121.26044187, -1.243517027, 0.0 ] ] ], [ [ [ 121.260005189, -1.285696594, 0.0 ], [ 121.260907334, -1.315333599, 0.0 ], [ 121.213552105, -1.285283892, 0.0 ], [ 121.260005189, -1.285696594, 0.0 ] ] ] ] } },
{ "type": "Feature", "properties": { "id": 11469, "pbph": "PT WANA RINDANG LESTARI", "kph": "KPH Sivia Patuju", "provinsi": "Sulawesi Tengah", "fungsi": "HP" }, "geometry": { "type": "MultiPolygon", "coordinates": [ [ [ [ 121.28810046, -1.335194825, 0.0 ], [ 121.314457145, -1.398837284, 0.0 ], [ 121.368745911, -1.451648309, 0.0 ], [ 121.336181022, -1.455136688, 0.0 ], [ 121.319381714, -1.416245222, 0.0 ], [ 121.294248092, -1.423920881, 0.0 ], [ 121.26460363, -1.402502767, 0.0 ], [ 121.29567195, -1.473702242, 0.0 ], [ 121.257922964, -1.507853013, 0.0 ], [ 121.204144495, -1.481583802, 0.0 ], [ 121.169016999, -1.530294767, 0.0 ], [ 121.181154098, -1.489895082, 0.0 ], [ 121.172111438, -1.438627007, 0.0 ], [ 121.188339234, -1.429463743, 0.0 ], [ 121.18901062, -1.451974869, 0.0 ], [ 121.225631714, -1.459579349, 0.0 ], [ 121.189102174, -1.451297879, 0.0 ], [ 121.182617188, -1.425166964, 0.0 ], [ 121.253913879, -1.374955416, 0.0 ], [ 121.280163141, -1.380637897, 0.0 ], [ 121.28810046, -1.335194825, 0.0 ] ] ] ] } },
{ "type": "Feature", "properties": { "id": 11002, "pbph": "PT DAHA TAMA ADI KARYA", "kph": null, "provinsi": null, "fungsi": "APL" }, "geometry": { "type": "MultiPolygon", "coordinates": [ [ [ [ 121.916318962, -1.045383164, 0.0 ], [ 121.958592466, -1.084642283, 0.0 ], [ 121.874288165, -1.02552133, 0.0 ], [ 121.916318962, -1.045383164, 0.0 ] ] ] ] } },
{ "type": "Feature", "properties": { "id": 11039, "pbph": "PT GORONTALO CITRA LESTARI", "kph": "KPH Wil. VI Gorontalo", "provinsi": "Gorontalo", "fungsi": "HP" }, "geometry": { "type": "MultiPolygon", "coordinates": [ [ [ [ 122.545889358, 0.854436404, 0.0 ], [ 122.5728302, 0.813874483, 0.0 ], [ 122.619776626, 0.819659016, 0.0 ], [ 122.620658875, 0.852333992, 0.0 ], [ 122.670579405, 0.828230087, 0.0 ], [ 122.662467957, 0.805625409, 0.0 ], [ 122.683773081, 0.815042268, 0.0 ], [ 122.730971493, 0.784469392, 0.0 ], [ 122.680488587, 0.798208178, 0.0 ], [ 122.703679849, 0.718964848, 0.0 ], [ 122.653912564, 0.769099142, 0.0 ], [ 122.648524518, 0.748048747, 0.0 ], [ 122.569423667, 0.793446958, 0.0 ], [ 122.550374984, 0.77536583, 0.0 ], [ 122.469174467, 0.794714484, 0.0 ], [ 122.48901467, 0.798605302, 0.0 ], [ 122.464674566, 0.809692996, 0.0 ], [ 122.527420263, 0.817804719, 0.0 ], [ 122.508861403, 0.843344509, 0.0 ], [ 122.545889358, 0.854436404, 0.0 ] ] ] ] } },
{ "type": "Feature", "properties": { "id": 11134, "pbph": "PT GORONTALO CITRA LESTARI", "kph": "KPH Wil. IV Gorontalo Utara", "provinsi": "Gorontalo", "fungsi": "HP" }, "geometry": { "type": "MultiPolygon", "coordinates": [ [ [ [ 122.591707449, 0.935565019, 0.0 ], [ 122.621352585, 0.927515841, 0.0 ], [ 122.660158614, 0.87983901, 0.0 ], [ 122.652759657, 0.85338495, 0.0 ], [ 122.686230846, 0.843875313, 0.0 ], [ 122.6783924, 0.832599785, 0.0 ], [ 122.487306129, 0.933454086, 0.0 ], [ 122.550027497, 0.922940383, 0.0 ], [ 122.591707449, 0.935565019, 0.0 ] ] ] ] } },
{ "type": "Feature", "properties": { "id": 11239, "pbph": "PT GORONTALO CITRA LESTARI", "kph": "KPH Wil. VI Gorontalo", "provinsi": "Gorontalo", "fungsi": "HPT" }, "geometry": { "type": "MultiPolygon", "coordinates": [ [ [ [ 122.685217376, 0.800014505, 0.0 ], [ 122.755882264, 0.764499307, 0.0 ], [ 122.804491137, 0.760707643, 0.0 ], [ 122.814064026, 0.732130527, 0.0 ], [ 122.794606924, 0.731111378, 0.0 ], [ 122.781844935, 0.706480718, 0.0 ], [ 122.732833862, 0.747321606, 0.0 ], [ 122.714011549, 0.731511809, 0.0 ], [ 122.728847871, 0.703245093, 0.0 ], [ 122.703681095, 0.71896408, 0.0 ], [ 122.685217376, 0.800014505, 0.0 ] ], [ [ 122.778052561, 0.7581232, 0.0 ], [ 122.768557945, 0.744839003, 0.0 ], [ 122.792012007, 0.742583424, 0.0 ], [ 122.795877818, 0.759963276, 0.0 ], [ 122.778052561, 0.7581232, 0.0 ] ] ] ] } },
{ "type": "Feature", "properties": { "id": 11247, "pbph": "PT GORONTALO CITRA LESTARI", "kph": "KPH Wil. IV Gorontalo Utara", "provinsi": "Gorontalo", "fungsi": "HPT" }, "geometry": { "type": "MultiPolygon", "coordinates": [ [ [ [ 122.79155181, 0.771155002, 0.0 ], [ 122.804057503, 0.761464991, 0.0 ], [ 122.78503181, 0.760204098, 0.0 ], [ 122.79155181, 0.771155002, 0.0 ] ] ] ] } },
{ "type": "Feature", "properties": { "id": 11250, "pbph": "PT GORONTALO CITRA LESTARI", "kph": "KPH Wil. VI Gorontalo", "provinsi": "Gorontalo", "fungsi": "HPT" }, "geometry": { "type": "MultiPolygon", "coordinates": [ [ [ [ 123.011394546, 0.818515212, 0.0 ], [ 123.037860451, 0.784689843, 0.0 ], [ 123.0026911, 0.780159767, 0.0 ], [ 123.011394546, 0.818515212, 0.0 ] ] ] ] } },
{ "type": "Feature", "properties": { "id": 11295, "pbph": "PT GORONTALO CITRA LESTARI", "kph": null, "provinsi": null, "fungsi": "HPK" }, "geometry": { "type": "MultiPolygon", "coordinates": [ [ [ [ 122.459121704, 0.795336605, 0.0 ], [ 122.460710531, 0.781768129, 0.0 ], [ 122.446177382, 0.795572526, 0.0 ], [ 122.459121704, 0.795336605, 0.0 ] ] ], [ [ [ 122.442709669, 0.792078287, 0.0 ], [ 122.418654637, 0.781208984, 0.0 ], [ 122.424213313, 0.795536578, 0.0 ], [ 122.442709669, 0.792078287, 0.0 ] ] ] ] } },
{ "type": "Feature", "properties": { "id": 11307, "pbph": "PT GORONTALO CITRA LESTARI", "kph": null, "provinsi": null, "fungsi": "HPK" }, "geometry": { "type": "MultiPolygon", "coordinates": [ [ [ [ 122.687062529, 0.839651097, 0.0 ], [ 122.695220536, 0.82385766, 0.0 ], [ 122.707683304, 0.834312065, 0.0 ], [ 122.732260913, 0.815879874, 0.0 ], [ 122.733006796, 0.788730602, 0.0 ], [ 122.672581267, 0.824939534, 0.0 ], [ 122.687062529, 0.839651097, 0.0 ] ] ] ] } },
{ "type": "Feature", "properties": { "id": 11443, "pbph": "PT WANA RINDANG LESTARI", "kph": "KPH Tepo Asa Aroa", "provinsi": "Sulawesi Tengah", "fungsi": "HP" }, "geometry": { "type": "MultiPolygon", "coordinates": [ [ [ [ 121.13953716, -1.719719902, 0.0 ], [ 121.143322561, -1.741249253, 0.0 ], [ 121.126005566, -1.741813039, 0.0 ], [ 121.155705415, -1.776103824, 0.0 ], [ 121.138116578, -1.784165287, 0.0 ], [ 121.158254854, -1.799484557, 0.0 ], [ 121.169075012, -1.778458117, 0.0 ], [ 121.18523407, -1.862183689, 0.0 ], [ 121.174438477, -1.86018753, 0.0 ], [ 121.176357919, -1.898735156, 0.0 ], [ 121.157190963, -1.924847482, 0.0 ], [ 121.122962991, -1.944032278, 0.0 ], [ 121.129528935, -1.920165207, 0.0 ], [ 121.16779744, -1.896541162, 0.0 ], [ 121.166704532, -1.861786684, 0.0 ], [ 121.090049745, -1.80187428, 0.0 ], [ 121.035362244, -1.805444121, 0.0 ], [ 121.049300492, -1.760757462, 0.0 ], [ 121.0679995, -1.7752862, 0.0 ], [ 121.076972, -1.7575321, 0.0 ], [ 121.1021383, -1.7546829, 0.0 ], [ 121.103450513, -1.732095518, 0.0 ], [ 121.13953716, -1.719719902, 0.0 ] ] ] ] } },
{ "type": "Feature", "properties": { "id": 11588, "pbph": "PT GEMA NUSANTARA JAYA", "kph": "KPH Wil. IV Gorontalo Utara", "provinsi": "Gorontalo", "fungsi": "HP" }, "geometry": { "type": "MultiPolygon", "coordinates": [ [ [ [ 123.040521912, 0.876652076, 0.0 ], [ 123.073867798, 0.85794419, 0.0 ], [ 123.032768249, 0.847998679, 0.0 ], [ 123.005147248, 0.875213344, 0.0 ], [ 123.015500069, 0.86417506, 0.0 ], [ 123.040521912, 0.876652076, 0.0 ] ] ] ] } },
{ "type": "Feature", "properties": { "id": 11627, "pbph": "PT GEMA NUSANTARA JAYA", "kph": "KPH Wil. IV Gorontalo Utara", "provinsi": "Gorontalo", "fungsi": "HPT" }, "geometry": { "type": "MultiPolygon", "coordinates": [ [ [ [ 122.978689081, 0.92359464, 0.0 ], [ 123.013642936, 0.90706197, 0.0 ], [ 122.994338381, 0.882496946, 0.0 ], [ 123.024642945, 0.850408614, 0.0 ], [ 123.073867798, 0.85794419, 0.0 ], [ 123.057600624, 0.887031118, 0.0 ], [ 123.05315123, 0.870924507, 0.0 ], [ 123.040579382, 0.876134847, 0.0 ], [ 123.066961038, 0.902504767, 0.0 ], [ 123.08034482, 0.872532332, 0.0 ], [ 123.087876571, 0.88598426, 0.0 ], [ 123.115267573, 0.877265441, 0.0 ], [ 123.102622032, 0.868840372, 0.0 ], [ 123.109358081, 0.854985391, 0.0 ], [ 123.14296143, 0.863335965, 0.0 ], [ 123.159996723, 0.78333095, 0.0 ], [ 123.124454097, 0.80826708, 0.0 ], [ 123.037368772, 0.787547647, 0.0 ], [ 123.009578709, 0.820297359, 0.0 ], [ 122.980432595, 0.731724315, 0.0 ], [ 122.9352814, 0.717776841, 0.0 ], [ 122.920406342, 0.692703544, 0.0 ], [ 122.892570709, 0.749429979, 0.0 ], [ 122.915651226, 0.784106497, 0.0 ], [ 122.954163386, 0.778891551, 0.0 ], [ 122.952221339, 0.841390225, 0.0 ], [ 122.991343921, 0.895915907, 0.0 ], [ 122.974415673, 0.905484542, 0.0 ], [ 122.978689081, 0.92359464, 0.0 ] ] ] ] } },
{ "type": "Feature", "properties": { "id": 11660, "pbph": "PT TRI TUNGGAL EBONI", "kph": "KPH Tepo Asa Aroa", "provinsi": "Sulawesi Tengah", "fungsi": "HPT" }, "geometry": { "type": "MultiPolygon", "coordinates": [ [ [ [ 121.12686703, -1.651563113, 0.0 ], [ 121.113104838, -1.649844861, 0.0 ], [ 121.127163301, -1.639880323, 0.0 ], [ 121.12686703, -1.651563113, 0.0 ] ] ] ] } },
{ "type": "Feature", "properties": { "id": 11653, "pbph": "PT TRI TUNGGAL EBONI", "kph": "KPH Sintuwu Maroso", "provinsi": "Sulawesi Tengah", "fungsi": "HP" }, "geometry": { "type": "MultiPolygon", "coordinates": [ [ [ [ 120.886337986, -1.513243495, 0.0 ], [ 120.877195392, -1.529498342, 0.0 ], [ 120.865723706, -1.513222924, 0.0 ], [ 120.886337986, -1.513243495, 0.0 ] ] ] ] } },
{ "type": "Feature", "properties": { "id": 11658, "pbph": "PT TRI TUNGGAL EBONI", "kph": "KPH Sivia Patuju", "provinsi": "Sulawesi Tengah", "fungsi": "HPT" }, "geometry": { "type": "MultiPolygon", "coordinates": [ [ [ [ 121.119215654, -1.597255733, 0.0 ], [ 121.122694879, -1.643517411, 0.0 ], [ 121.070884705, -1.655318022, 0.0 ], [ 121.05589488, -1.674117411, 0.0 ], [ 121.020652771, -1.672715067, 0.0 ], [ 120.95762185, -1.710715864, 0.0 ], [ 120.941432474, -1.65045379, 0.0 ], [ 121.009300289, -1.64459396, 0.0 ], [ 121.089791527, -1.596740492, 0.0 ], [ 121.119215654, -1.597255733, 0.0 ] ] ] ] } },
{ "type": "Feature", "properties": { "id": 11662, "pbph": "PT TRI TUNGGAL EBONI", "kph": "KPH Sivia Patuju", "provinsi": "Sulawesi Tengah", "fungsi": "HPT" }, "geometry": { "type": "MultiPolygon", "coordinates": [ [ [ [ 120.895710276, -1.513252847, 0.0 ], [ 120.95016571, -1.715143349, 0.0 ], [ 120.915433083, -1.654474396, 0.0 ], [ 120.895710276, -1.513252847, 0.0 ] ] ] ] } },
{ "type": "Feature", "properties": { "id": 11663, "pbph": "PT TRI TUNGGAL EBONI", "kph": "KPH Tepo Asa Aroa", "provinsi": "Sulawesi Tengah", "fungsi": "HPT" }, "geometry": { "type": "MultiPolygon", "coordinates": [ [ [ [ 120.924261003, -1.67983491, 0.0 ], [ 120.95016571, -1.715143349, 0.0 ], [ 120.920852507, -1.739176674, 0.0 ], [ 120.854855764, -1.720263078, 0.0 ], [ 120.881110574, -1.6609311, 0.0 ], [ 120.924261003, -1.67983491, 0.0 ] ] ] ] } },
{ "type": "Feature", "properties": { "id": 11664, "pbph": "PT TRI TUNGGAL EBONI", "kph": "KPH Sintuwu Maroso", "provinsi": "Sulawesi Tengah", "fungsi": "HPT" }, "geometry": { "type": "MultiPolygon", "coordinates": [ [ [ [ 120.865723706, -1.513222924, 0.0 ], [ 120.894654275, -1.537019967, 0.0 ], [ 120.924261003, -1.67983491, 0.0 ], [ 120.881110574, -1.6609311, 0.0 ], [ 120.854855764, -1.720263078, 0.0 ], [ 120.782387584, -1.700046421, 0.0 ], [ 120.766340406, -1.675937036, 0.0 ], [ 120.79161119, -1.565772805, 0.0 ], [ 120.829439861, -1.513186717, 0.0 ], [ 120.865723706, -1.513222924, 0.0 ] ] ] ] } },
{ "type": "Feature", "properties": { "id": 11665, "pbph": "PT TRI TUNGGAL EBONI", "kph": "KPH Sivia Patuju", "provinsi": "Sulawesi Tengah", "fungsi": "HPT" }, "geometry": { "type": "MultiPolygon", "coordinates": [ [ [ [ 121.107691038, -1.505723414, 0.0 ], [ 121.119215654, -1.597255733, 0.0 ], [ 121.089791527, -1.596740492, 0.0 ], [ 121.009300289, -1.64459396, 0.0 ], [ 120.941432474, -1.65045379, 0.0 ], [ 120.932915301, -1.587507038, 0.0 ], [ 120.895710276, -1.513252847, 0.0 ], [ 121.107691038, -1.505723414, 0.0 ] ] ] ] } },
{ "type": "Feature", "properties": { "id": 11451, "pbph": "PT WANA RINDANG LESTARI", "kph": "KPH Sivia Patuju", "provinsi": "Sulawesi Tengah", "fungsi": "HP" }, "geometry": { "type": "MultiPolygon", "coordinates": [ [ [ [ 121.1820061, -1.427135598, 0.0 ], [ 121.194007875, -1.455204724, 0.0 ], [ 121.225631714, -1.459579349, 0.0 ], [ 121.18901062, -1.451974869, 0.0 ], [ 121.1820061, -1.427135598, 0.0 ] ] ] ] } },
{ "type": "Feature", "properties": { "id": 11452, "pbph": "PT WANA RINDANG LESTARI", "kph": "KPH Sivia Patuju", "provinsi": "Sulawesi Tengah", "fungsi": "HP" }, "geometry": { "type": "MultiPolygon", "coordinates": [ [ [ [ 121.161221806, -1.436145477, 0.0 ], [ 121.180440261, -1.456344682, 0.0 ], [ 121.168322297, -1.527162878, 0.0 ], [ 121.161221806, -1.436145477, 0.0 ] ] ] ] } },
{ "type": "Feature", "properties": { "id": 11587, "pbph": "PT WANA RINDANG LESTARI", "kph": null, "provinsi": null, "fungsi": "APL" }, "geometry": { "type": "MultiPolygon", "coordinates": [ [ [ [ 121.223663024, -1.298362145, 0.0 ], [ 121.250017677, -1.320470946, 0.0 ], [ 121.21086938, -1.302197968, 0.0 ], [ 121.223663024, -1.298362145, 0.0 ] ] ] ] } },
{ "type": "Feature", "properties": { "id": 11670, "pbph": "PT TRI TUNGGAL EBONI", "kph": "KPH Sivia Patuju", "provinsi": "Sulawesi Tengah", "fungsi": "HPT" }, "geometry": { "type": "MultiPolygon", "coordinates": [ [ [ [ 120.941432474, -1.65045379, 0.0 ], [ 120.923873667, -1.641143929, 0.0 ], [ 120.911160748, -1.562558496, 0.0 ], [ 120.932915301, -1.587507038, 0.0 ], [ 120.941432474, -1.65045379, 0.0 ] ] ] ] } },
{ "type": "Feature", "properties": { "id": 11671, "pbph": "PT TRI TUNGGAL EBONI", "kph": "KPH Sivia Patuju", "provinsi": "Sulawesi Tengah", "fungsi": "HPT" }, "geometry": { "type": "MultiPolygon", "coordinates": [ [ [ [ 121.146081223, -1.500394096, 0.0 ], [ 121.148499409, -1.570541619, 0.0 ], [ 121.129715542, -1.585237306, 0.0 ], [ 121.111294381, -1.49510407, 0.0 ], [ 121.126057005, -1.482186624, 0.0 ], [ 121.132290971, -1.504228314, 0.0 ], [ 121.146081223, -1.500394096, 0.0 ] ] ] ] } },
{ "type": "Feature", "properties": { "id": 11673, "pbph": "PT TRI TUNGGAL EBONI", "kph": null, "provinsi": null, "fungsi": "APL" }, "geometry": { "type": "MultiPolygon", "coordinates": [ [ [ [ 121.140400755, -1.487718564, 0.0 ], [ 121.137748097, -1.506181509, 0.0 ], [ 121.126057005, -1.482186624, 0.0 ], [ 121.140400755, -1.487718564, 0.0 ] ] ] ] } }
]
}
